customer_id,order_id,customer_age,age_group,customer_region,customer_tenure_months,tenure_group,order_value,items_quantity,discount_value,payment_installments,delivery_time_days,delivery_delay_days,had_delivery_delay,delivery_delay_ratio,freight_value,freight_exceeds_order_value,delivery_attempts,customer_service_contacts,had_customer_service_contact,resolution_time_days,complaints_count,had_complaint,repeat_purchase_30d,csat_internal_score,nps_score,nps_category
1,50001,63,55 a 64 anos,Nordeste,14,13 a 24 meses,139.73,4,39.35,4,2,2,1,1.0,55.53,0,3,0,0,4,3,1,0,6.5,6.9,Detrator
2,50002,20,Até 24 anos,Sul,1,Até 12 meses,458.95,2,9.51,10,6,4,1,0.6666666666666666,28.23,0,3,0,0,10,3,1,0,0.0,2.4,Detrator
3,50003,46,45 a 54 anos,Nordeste,111,Mais de 72 meses,507.06,5,42.82,6,6,1,1,0.16666666666666666,40.99,0,1,4,1,5,7,1,0,1.5,4.8,Detrator
4,50004,52,45 a 54 anos,Centro-Oeste,117,Mais de 72 meses,302.19,2,19.58,9,5,2,1,0.4,35.24,0,3,1,1,11,4,1,0,0.3,5.9,Detrator
5,50005,56,55 a 64 anos,Norte,50,49 a 72 meses,253.06,1,29.37,11,13,1,1,0.07692307692307693,39.32,0,1,1,1,0,3,1,0,7.9,6.1,Detrator
8,50008,60,55 a 64 anos,Sul,37,25 a 48 meses,428.76,4,29.54,10,11,5,1,0.45454545454545453,44.5,0,1,0,0,2,2,1,0,4.1,0.0,Detrator
9,50009,40,35 a 44 anos,Sul,60,49 a 72 meses,121.56,3,91.95,6,6,3,1,0.5,24.88,0,2,1,1,9,3,1,0,0.8,6.2,Detrator
10,50010,51,45 a 54 anos,Sudeste,70,49 a 72 meses,411.01,6,37.47,3,9,2,1,0.2222222222222222,30.59,0,1,0,0,7,2,1,0,4.2,2.7,Detrator
11,50011,50,45 a 54 anos,Centro-Oeste,28,25 a 48 meses,616.17,2,23.0,8,4,2,1,0.5,52.94,0,3,0,0,7,6,1,0,2.7,5.3,Detrator
12,50012,67,65 anos ou mais,Norte,81,Mais de 72 meses,509.48,2,10.42,1,11,1,1,0.09090909090909091,46.92,0,2,1,1,3,2,1,0,5.8,7.0,Neutro
13,50013,65,65 anos ou mais,Centro-Oeste,85,Mais de 72 meses,588.28,6,12.54,5,11,2,1,0.18181818181818182,28.67,0,2,1,1,9,4,1,0,0.4,3.7,Detrator
14,50014,27,25 a 34 anos,Sudeste,42,25 a 48 meses,165.19,5,52.82,5,10,1,1,0.1,63.92,0,3,0,0,8,2,1,0,3.5,2.9,Detrator
15,50015,50,45 a 54 anos,Sudeste,113,Mais de 72 meses,220.81,3,30.73,6,7,3,1,0.42857142857142855,45.96,0,1,1,1,4,3,1,0,2.4,2.7,Detrator
16,50016,64,55 a 64 anos,Norte,114,Mais de 72 meses,732.83,2,13.24,8,9,3,1,0.3333333333333333,46.78,0,2,1,1,8,2,1,0,0.0,6.0,Detrator
17,50017,50,45 a 54 anos,Norte,70,49 a 72 meses,391.66,4,0.25,11,3,2,1,0.6666666666666666,59.78,0,2,1,1,6,4,1,0,2.7,1.9,Detrator
18,50018,65,65 anos ou mais,Sul,21,13 a 24 meses,483.04,1,28.08,1,12,3,1,0.25,44.76,0,2,1,1,10,4,1,0,0.0,4.8,Detrator
20,50020,37,35 a 44 anos,Centro-Oeste,74,Mais de 72 meses,288.93,2,20.8,9,9,2,1,0.2222222222222222,62.02,0,1,1,1,3,4,1,0,5.0,2.0,Detrator
21,50021,32,25 a 34 anos,Sudeste,105,Mais de 72 meses,390.01,2,84.53,8,9,2,1,0.2222222222222222,35.9,0,2,1,1,6,4,1,0,2.6,5.7,Detrator
22,50022,54,45 a 54 anos,Centro-Oeste,68,49 a 72 meses,480.03,3,14.53,1,4,4,1,1.0,47.91,0,1,3,1,8,5,1,0,0.0,0.0,Detrator
23,50023,50,45 a 54 anos,Sul,81,Mais de 72 meses,578.34,3,28.67,5,2,0,0,0.0,38.37,0,1,0,0,2,0,0,1,8.6,10.0,Promotor
24,50024,34,25 a 34 anos,Nordeste,119,Mais de 72 meses,489.49,6,8.44,3,3,3,1,1.0,24.72,0,2,2,1,2,4,1,0,3.2,3.3,Detrator
25,50025,22,Até 24 anos,Norte,20,13 a 24 meses,184.64,5,70.89,3,13,1,1,0.07692307692307693,37.85,0,2,2,1,10,4,1,0,0.5,3.2,Detrator
26,50026,67,65 anos ou mais,Sudeste,79,Mais de 72 meses,100.97,2,31.04,7,6,2,1,0.3333333333333333,33.59,0,2,2,1,0,4,1,0,5.9,5.1,Detrator
27,50027,21,Até 24 anos,Sudeste,26,25 a 48 meses,411.6,5,4.05,1,7,2,1,0.2857142857142857,28.95,0,3,2,1,0,4,1,1,6.3,9.1,Promotor
28,50028,20,Até 24 anos,Nordeste,101,Mais de 72 meses,751.24,4,34.33,5,10,4,1,0.4,41.19,0,3,0,0,6,4,1,0,1.8,5.1,Detrator
29,50029,38,35 a 44 anos,Sudeste,119,Mais de 72 meses,522.15,3,79.0,3,13,5,1,0.38461538461538464,29.29,0,2,1,1,9,3,1,0,0.0,0.3,Detrator
30,50030,57,55 a 64 anos,Sudeste,86,Mais de 72 meses,337.52,2,0.11,2,13,2,1,0.15384615384615385,35.95,0,3,1,1,2,3,1,0,5.4,3.8,Detrator
31,50031,20,Até 24 anos,Nordeste,39,25 a 48 meses,478.48,2,1.91,5,13,1,1,0.07692307692307693,19.27,0,3,2,1,1,5,1,0,6.7,4.2,Detrator
32,50032,38,35 a 44 anos,Sul,71,49 a 72 meses,479.29,3,16.0,6,14,1,1,0.07142857142857142,45.69,0,3,0,0,10,3,1,0,2.0,4.9,Detrator
33,50033,65,65 anos ou mais,Norte,57,49 a 72 meses,385.12,1,5.05,6,13,4,1,0.3076923076923077,43.54,0,2,2,1,5,4,1,0,0.7,0.0,Detrator
34,50034,66,65 anos ou mais,Sul,41,25 a 48 meses,366.75,6,12.65,6,10,3,1,0.3,38.42,0,1,1,1,7,3,1,0,1.8,4.2,Detrator
35,50035,25,25 a 34 anos,Nordeste,16,13 a 24 meses,366.75,4,65.08,8,11,1,1,0.09090909090909091,22.0,0,3,2,1,0,3,1,0,6.3,7.0,Neutro
36,50036,59,55 a 64 anos,Centro-Oeste,106,Mais de 72 meses,348.26,4,4.9,6,14,1,1,0.07142857142857142,31.64,0,1,2,1,1,3,1,0,5.7,6.8,Detrator
37,50037,53,45 a 54 anos,Norte,23,13 a 24 meses,557.8,4,0.31,9,8,5,1,0.625,44.25,0,1,3,1,10,5,1,0,0.0,0.0,Detrator
38,50038,46,45 a 54 anos,Centro-Oeste,3,Até 12 meses,1120.9,4,57.57,5,13,2,1,0.15384615384615385,40.75,0,2,4,1,0,6,1,0,4.0,4.9,Detrator
39,50039,56,55 a 64 anos,Sudeste,119,Mais de 72 meses,448.04,3,21.23,8,11,1,1,0.09090909090909091,28.03,0,3,2,1,8,5,1,0,1.8,4.4,Detrator
40,50040,51,45 a 54 anos,Norte,5,Até 12 meses,109.66,6,5.88,6,14,1,1,0.07142857142857142,33.27,0,3,0,0,11,3,1,0,1.4,4.2,Detrator
41,50041,39,35 a 44 anos,Centro-Oeste,73,Mais de 72 meses,485.01,6,9.19,11,6,3,1,0.5,53.99,0,3,0,0,8,2,1,0,2.1,3.3,Detrator
43,50043,45,45 a 54 anos,Centro-Oeste,26,25 a 48 meses,279.65,4,15.44,6,5,2,1,0.4,52.15,0,3,0,0,4,3,1,0,4.7,5.3,Detrator
44,50044,52,45 a 54 anos,Sudeste,14,13 a 24 meses,477.19,4,15.71,3,4,0,0,0.0,53.94,0,3,1,1,2,4,1,0,7.6,5.6,Detrator
45,50045,51,45 a 54 anos,Norte,42,25 a 48 meses,144.56,1,15.57,11,14,2,1,0.14285714285714285,46.54,0,3,1,1,3,3,1,0,4.5,2.6,Detrator
46,50046,30,25 a 34 anos,Sul,114,Mais de 72 meses,349.17,3,12.78,11,12,1,1,0.08333333333333333,28.64,0,2,1,1,7,4,1,0,3.1,4.5,Detrator
48,50048,21,Até 24 anos,Norte,26,25 a 48 meses,431.62,5,15.21,1,9,3,1,0.3333333333333333,45.21,0,2,3,1,5,6,1,0,0.7,3.4,Detrator
49,50049,60,55 a 64 anos,Centro-Oeste,67,49 a 72 meses,663.31,6,37.22,10,6,4,1,0.6666666666666666,45.09,0,1,2,1,9,6,1,0,0.0,0.7,Detrator
50,50050,23,Até 24 anos,Nordeste,20,13 a 24 meses,370.76,6,15.12,2,10,1,1,0.1,28.55,0,3,1,1,8,2,1,0,2.3,6.6,Detrator
51,50051,18,Até 24 anos,Nordeste,19,13 a 24 meses,375.57,5,13.63,11,8,4,1,0.5,56.09,0,1,1,1,4,5,1,0,1.9,0.6,Detrator
52,50052,29,25 a 34 anos,Sudeste,39,25 a 48 meses,711.22,6,4.92,2,2,1,1,0.5,28.2,0,1,3,1,2,6,1,0,5.8,4.5,Detrator
53,50053,52,45 a 54 anos,Sul,49,49 a 72 meses,1220.13,4,8.98,8,2,1,1,0.5,47.14,0,1,1,1,2,3,1,0,5.8,4.8,Detrator
54,50054,28,25 a 34 anos,Sul,69,49 a 72 meses,329.96,1,37.51,8,4,1,1,0.25,41.91,0,3,2,1,4,5,1,0,3.7,3.9,Detrator
55,50055,40,35 a 44 anos,Norte,95,Mais de 72 meses,398.94,2,5.22,7,2,2,1,1.0,67.63,0,3,0,0,1,3,1,0,6.9,5.8,Detrator
56,50056,31,25 a 34 anos,Nordeste,20,13 a 24 meses,409.54,6,0.82,4,8,3,1,0.375,45.69,0,3,1,1,6,5,1,0,1.8,4.0,Detrator
57,50057,36,35 a 44 anos,Centro-Oeste,109,Mais de 72 meses,285.91,4,82.01,3,5,1,1,0.2,34.0,0,1,7,1,9,11,1,0,0.0,0.4,Detrator
60,50060,61,55 a 64 anos,Nordeste,21,13 a 24 meses,1014.41,4,16.82,11,11,5,1,0.45454545454545453,31.57,0,2,1,1,1,3,1,0,3.3,4.4,Detrator
61,50061,45,45 a 54 anos,Centro-Oeste,116,Mais de 72 meses,182.12,6,0.19,5,8,2,1,0.25,45.9,0,2,3,1,0,5,1,0,4.2,2.1,Detrator
63,50063,48,45 a 54 anos,Norte,9,Até 12 meses,785.3,6,3.17,10,12,1,1,0.08333333333333333,39.0,0,2,1,1,8,6,1,0,2.3,3.8,Detrator
64,50064,24,Até 24 anos,Norte,83,Mais de 72 meses,332.99,1,8.77,8,12,1,1,0.08333333333333333,47.3,0,2,1,1,10,2,1,0,1.9,7.9,Neutro
65,50065,63,55 a 64 anos,Norte,64,49 a 72 meses,522.84,2,76.14,3,3,3,1,1.0,19.72,0,1,3,1,7,6,1,0,0.0,3.2,Detrator
66,50066,69,65 anos ou mais,Nordeste,53,49 a 72 meses,198.64,2,24.32,5,3,3,1,1.0,57.25,0,2,3,1,5,8,1,0,0.2,3.9,Detrator
67,50067,44,35 a 44 anos,Norte,100,Mais de 72 meses,335.96,4,12.24,1,7,2,1,0.2857142857142857,37.07,0,3,2,1,9,5,1,0,0.6,5.4,Detrator
68,50068,34,25 a 34 anos,Nordeste,109,Mais de 72 meses,745.08,5,73.34,9,5,4,1,0.8,29.76,0,3,4,1,3,7,1,0,0.0,2.7,Detrator
69,50069,24,Até 24 anos,Sul,45,25 a 48 meses,1402.67,1,43.56,9,8,4,1,0.5,51.51,0,2,5,1,3,9,1,0,0.0,0.0,Detrator
70,50070,32,25 a 34 anos,Nordeste,82,Mais de 72 meses,639.53,4,66.26,3,3,2,1,0.6666666666666666,35.79,0,3,3,1,11,8,1,0,0.0,0.0,Detrator
71,50071,57,55 a 64 anos,Sudeste,95,Mais de 72 meses,383.08,1,1.36,5,2,1,1,0.5,31.84,0,1,0,0,5,2,1,0,6.2,7.0,Neutro
73,50073,25,25 a 34 anos,Sul,81,Mais de 72 meses,816.27,1,73.96,1,8,1,1,0.125,58.35,0,1,1,1,4,4,1,0,5.0,2.4,Detrator
74,50074,19,Até 24 anos,Centro-Oeste,25,25 a 48 meses,66.18,4,4.5,4,7,2,1,0.2857142857142857,46.54,0,2,1,1,10,3,1,0,0.5,2.7,Detrator
75,50075,61,55 a 64 anos,Sudeste,24,13 a 24 meses,463.79,3,2.08,5,10,1,1,0.1,35.79,0,3,2,1,8,6,1,0,1.3,6.8,Detrator
76,50076,55,55 a 64 anos,Nordeste,113,Mais de 72 meses,261.42,4,28.92,3,9,1,1,0.1111111111111111,16.29,0,3,1,1,10,3,1,1,2.0,9.6,Promotor
77,50077,43,35 a 44 anos,Sul,80,Mais de 72 meses,815.51,3,33.42,6,8,3,1,0.375,38.22,0,1,1,1,2,3,1,0,3.4,2.1,Detrator
78,50078,68,65 anos ou mais,Centro-Oeste,42,25 a 48 meses,223.52,4,3.91,6,8,2,1,0.25,37.53,0,1,2,1,8,5,1,0,2.3,2.6,Detrator
79,50079,38,35 a 44 anos,Sudeste,26,25 a 48 meses,323.22,6,48.95,9,13,0,0,0.0,22.17,0,2,1,1,6,1,1,0,5.5,7.6,Neutro
80,50080,67,65 anos ou mais,Centro-Oeste,33,25 a 48 meses,302.89,2,22.97,5,10,0,0,0.0,58.88,0,3,1,1,2,1,1,0,7.7,7.5,Neutro
81,50081,30,25 a 34 anos,Norte,38,25 a 48 meses,477.33,3,31.61,8,3,2,1,0.6666666666666666,40.72,0,2,0,0,4,2,1,0,5.6,4.8,Detrator
82,50082,36,35 a 44 anos,Norte,53,49 a 72 meses,617.4,1,24.0,11,12,0,0,0.0,47.57,0,3,2,1,2,3,1,0,6.8,7.0,Neutro
83,50083,35,35 a 44 anos,Norte,24,13 a 24 meses,519.41,6,6.98,9,5,2,1,0.4,9.73,0,3,0,0,4,5,1,0,6.1,5.1,Detrator
84,50084,19,Até 24 anos,Sudeste,67,49 a 72 meses,430.96,2,6.8,2,10,3,1,0.3,16.33,0,1,1,1,4,3,1,0,3.7,3.6,Detrator
85,50085,69,65 anos ou mais,Centro-Oeste,88,Mais de 72 meses,90.76,6,4.81,6,6,2,1,0.3333333333333333,47.02,0,2,1,1,11,3,1,0,0.8,4.8,Detrator
86,50086,62,55 a 64 anos,Sudeste,30,25 a 48 meses,98.29,4,31.32,3,9,2,1,0.2222222222222222,39.85,0,3,1,1,7,3,1,0,2.1,6.0,Detrator
87,50087,59,55 a 64 anos,Centro-Oeste,72,49 a 72 meses,340.91,5,32.07,9,10,3,1,0.3,33.67,0,2,2,1,7,5,1,0,0.0,2.9,Detrator
88,50088,66,65 anos ou mais,Nordeste,82,Mais de 72 meses,535.69,3,33.85,5,12,3,1,0.25,41.93,0,1,1,1,5,4,1,0,2.3,1.9,Detrator
89,50089,45,45 a 54 anos,Nordeste,5,Até 12 meses,470.48,2,3.25,4,12,1,1,0.08333333333333333,46.78,0,3,0,0,10,2,1,0,2.8,4.5,Detrator
90,50090,67,65 anos ou mais,Sudeste,51,49 a 72 meses,739.57,4,30.17,11,2,2,1,1.0,10.35,0,2,2,1,1,5,1,0,4.7,4.9,Detrator
91,50091,40,35 a 44 anos,Centro-Oeste,53,49 a 72 meses,147.47,4,92.68,2,14,1,1,0.07142857142857142,32.52,0,3,2,1,10,4,1,0,1.4,5.0,Detrator
92,50092,21,Até 24 anos,Nordeste,47,25 a 48 meses,143.82,3,42.0,9,8,3,1,0.375,51.74,0,1,2,1,3,5,1,0,3.1,4.5,Detrator
93,50093,21,Até 24 anos,Centro-Oeste,74,Mais de 72 meses,453.7,3,15.62,3,5,3,1,0.6,40.45,0,3,3,1,11,6,1,0,0.0,2.7,Detrator
94,50094,29,25 a 34 anos,Nordeste,70,49 a 72 meses,530.15,5,125.03,10,8,2,1,0.25,31.19,0,2,0,0,10,2,1,0,1.3,4.6,Detrator
95,50095,39,35 a 44 anos,Centro-Oeste,112,Mais de 72 meses,531.95,1,51.91,7,13,3,1,0.23076923076923078,51.81,0,2,1,1,8,3,1,0,1.5,4.1,Detrator
96,50096,43,35 a 44 anos,Sudeste,73,Mais de 72 meses,352.17,6,22.73,6,10,3,1,0.3,25.93,0,1,3,1,8,5,1,0,0.0,1.1,Detrator
97,50097,57,55 a 64 anos,Sudeste,6,Até 12 meses,473.08,3,5.55,9,11,1,1,0.09090909090909091,51.0,0,3,1,1,4,4,1,0,4.9,6.4,Detrator
98,50098,59,55 a 64 anos,Sul,94,Mais de 72 meses,411.69,4,67.98,4,4,4,1,1.0,27.55,0,2,2,1,8,5,1,0,0.0,1.6,Detrator
99,50099,52,45 a 54 anos,Nordeste,45,25 a 48 meses,197.76,1,7.91,7,14,2,1,0.14285714285714285,44.67,0,3,1,1,5,3,1,0,3.7,6.3,Detrator
100,50100,21,Até 24 anos,Norte,36,25 a 48 meses,267.36,3,7.79,4,3,1,1,0.3333333333333333,32.04,0,2,1,1,0,4,1,1,7.3,10.0,Promotor
101,50101,29,25 a 34 anos,Sul,15,13 a 24 meses,182.19,2,18.18,3,11,1,1,0.09090909090909091,45.48,0,1,1,1,9,3,1,0,1.2,1.7,Detrator
102,50102,21,Até 24 anos,Norte,74,Mais de 72 meses,125.96,5,7.14,1,12,1,1,0.08333333333333333,38.05,0,2,1,1,9,4,1,0,1.7,3.1,Detrator
103,50103,69,65 anos ou mais,Nordeste,81,Mais de 72 meses,70.41,6,18.87,5,4,2,1,0.5,49.5,0,2,0,0,10,2,1,1,1.8,9.4,Promotor
104,50104,48,45 a 54 anos,Sudeste,45,25 a 48 meses,289.31,5,2.66,3,14,1,1,0.07142857142857142,41.1,0,3,0,0,9,4,1,0,1.7,5.1,Detrator
105,50105,24,Até 24 anos,Norte,7,Até 12 meses,1034.61,4,74.44,8,7,1,1,0.14285714285714285,40.22,0,3,1,1,2,5,1,0,6.5,5.8,Detrator
106,50106,27,25 a 34 anos,Sudeste,20,13 a 24 meses,567.28,4,13.3,2,9,4,1,0.4444444444444444,42.81,0,2,1,1,0,3,1,0,4.7,4.0,Detrator
107,50107,41,35 a 44 anos,Sul,85,Mais de 72 meses,350.94,6,0.36,9,9,1,1,0.1111111111111111,46.38,0,1,3,1,10,5,1,0,0.8,3.7,Detrator
108,50108,32,25 a 34 anos,Sul,73,Mais de 72 meses,676.14,1,68.44,4,11,2,1,0.18181818181818182,43.14,0,1,1,1,8,2,1,0,1.6,6.5,Detrator
109,50109,56,55 a 64 anos,Sudeste,74,Mais de 72 meses,677.47,3,46.8,11,10,1,1,0.1,43.38,0,2,1,1,2,3,1,0,6.8,4.1,Detrator
110,50110,37,35 a 44 anos,Centro-Oeste,67,49 a 72 meses,1182.28,4,31.07,3,10,2,1,0.2,41.96,0,2,2,1,4,6,1,0,3.1,4.1,Detrator
111,50111,24,Até 24 anos,Nordeste,28,25 a 48 meses,1328.4,1,6.51,5,7,0,0,0.0,38.42,0,2,0,0,6,2,1,1,6.3,9.0,Promotor
112,50112,30,25 a 34 anos,Centro-Oeste,45,25 a 48 meses,292.7,3,13.71,3,5,4,1,0.8,34.3,0,1,2,1,10,4,1,0,0.0,0.3,Detrator
113,50113,45,45 a 54 anos,Sul,74,Mais de 72 meses,239.69,6,59.64,9,12,3,1,0.25,33.4,0,3,1,1,2,3,1,0,4.5,2.7,Detrator
115,50115,35,35 a 44 anos,Centro-Oeste,71,49 a 72 meses,96.54,3,28.25,2,2,2,1,1.0,56.28,0,1,2,1,3,5,1,0,4.5,2.4,Detrator
116,50116,64,55 a 64 anos,Norte,28,25 a 48 meses,359.49,2,11.01,11,9,0,0,0.0,26.18,0,2,2,1,9,3,1,0,2.6,3.5,Detrator
118,50118,53,45 a 54 anos,Sudeste,5,Até 12 meses,242.57,5,21.93,8,3,0,0,0.0,22.11,0,2,3,1,9,5,1,0,0.9,1.1,Detrator
119,50119,53,45 a 54 anos,Norte,103,Mais de 72 meses,139.18,1,21.63,5,6,4,1,0.6666666666666666,19.4,0,2,2,1,3,5,1,0,3.6,0.8,Detrator
120,50120,19,Até 24 anos,Sudeste,85,Mais de 72 meses,428.1,4,77.12,5,6,3,1,0.5,47.3,0,3,2,1,9,6,1,0,0.0,3.1,Detrator
121,50121,65,65 anos ou mais,Norte,60,49 a 72 meses,212.08,1,18.06,1,14,2,1,0.14285714285714285,30.82,0,3,1,1,7,3,1,0,2.9,2.2,Detrator
122,50122,63,55 a 64 anos,Sul,111,Mais de 72 meses,686.74,5,0.49,3,3,1,1,0.3333333333333333,42.24,0,3,0,0,3,2,1,1,6.2,8.8,Neutro
123,50123,34,25 a 34 anos,Nordeste,69,49 a 72 meses,195.24,5,28.31,1,5,4,1,0.8,30.12,0,3,0,0,2,3,1,0,3.9,1.8,Detrator
124,50124,23,Até 24 anos,Norte,102,Mais de 72 meses,693.16,3,26.12,5,10,1,1,0.1,45.57,0,3,1,1,0,3,1,1,8.3,9.2,Promotor
125,50125,58,55 a 64 anos,Sul,53,49 a 72 meses,549.41,2,35.84,11,10,2,1,0.2,33.16,0,2,0,0,8,1,1,0,2.0,7.7,Neutro
126,50126,63,55 a 64 anos,Sul,107,Mais de 72 meses,126.41,4,0.23,2,11,2,1,0.18181818181818182,15.17,0,3,3,1,1,5,1,0,3.0,2.2,Detrator
127,50127,40,35 a 44 anos,Nordeste,34,25 a 48 meses,326.11,4,3.28,4,4,2,1,0.5,58.28,0,2,1,1,2,2,1,0,5.2,6.7,Detrator
128,50128,64,55 a 64 anos,Nordeste,83,Mais de 72 meses,648.2,3,23.63,6,2,2,1,1.0,32.87,0,1,3,1,2,4,1,0,4.2,6.0,Detrator
129,50129,33,25 a 34 anos,Norte,57,49 a 72 meses,759.72,4,0.69,8,10,2,1,0.2,32.56,0,3,3,1,3,5,1,0,4.0,4.5,Detrator
130,50130,58,55 a 64 anos,Sul,108,Mais de 72 meses,416.01,3,14.85,6,14,1,1,0.07142857142857142,30.09,0,1,0,0,7,1,1,0,3.4,7.2,Neutro
131,50131,43,35 a 44 anos,Sul,27,25 a 48 meses,234.65,6,33.37,2,14,4,1,0.2857142857142857,35.25,0,2,1,1,11,3,1,0,0.0,2.8,Detrator
132,50132,63,55 a 64 anos,Nordeste,29,25 a 48 meses,640.32,1,3.91,5,9,3,1,0.3333333333333333,46.03,0,1,0,0,0,5,1,0,5.5,3.7,Detrator
133,50133,67,65 anos ou mais,Sudeste,57,49 a 72 meses,241.88,5,15.57,11,2,1,1,0.5,37.43,0,3,2,1,9,5,1,0,1.2,1.6,Detrator
134,50134,18,Até 24 anos,Nordeste,90,Mais de 72 meses,706.8,5,21.35,8,4,2,1,0.5,29.36,0,2,0,0,4,2,1,0,5.1,5.6,Detrator
135,50135,53,45 a 54 anos,Sudeste,34,25 a 48 meses,233.13,1,2.43,6,11,5,1,0.45454545454545453,30.7,0,3,1,1,8,7,1,0,0.1,2.1,Detrator
136,50136,47,45 a 54 anos,Sudeste,26,25 a 48 meses,637.17,1,55.2,11,12,2,1,0.16666666666666666,55.77,0,2,3,1,11,7,1,0,0.0,5.6,Detrator
137,50137,19,Até 24 anos,Centro-Oeste,5,Até 12 meses,640.01,5,69.97,3,7,3,1,0.42857142857142855,25.18,0,1,1,1,7,5,1,0,0.4,4.4,Detrator
138,50138,37,35 a 44 anos,Sudeste,62,49 a 72 meses,40.76,2,23.68,2,5,1,1,0.2,17.34,0,2,1,1,2,3,1,0,6.3,5.8,Detrator
139,50139,22,Até 24 anos,Nordeste,92,Mais de 72 meses,155.32,4,4.24,11,13,2,1,0.15384615384615385,49.59,0,2,1,1,8,4,1,0,1.7,4.3,Detrator
140,50140,48,45 a 54 anos,Norte,56,49 a 72 meses,150.15,5,36.37,7,6,4,1,0.6666666666666666,44.72,0,2,3,1,9,6,1,0,0.0,2.6,Detrator
141,50141,25,25 a 34 anos,Sul,56,49 a 72 meses,242.39,6,11.38,10,11,1,1,0.09090909090909091,30.44,0,2,0,0,0,3,1,0,8.3,7.3,Neutro
142,50142,47,45 a 54 anos,Nordeste,70,49 a 72 meses,614.67,6,18.27,6,9,0,0,0.0,23.61,0,2,1,1,6,5,1,0,3.7,5.9,Detrator
143,50143,56,55 a 64 anos,Norte,103,Mais de 72 meses,467.14,4,23.81,5,12,2,1,0.16666666666666666,38.45,0,3,1,1,9,5,1,0,0.7,5.9,Detrator
144,50144,19,Até 24 anos,Sudeste,16,13 a 24 meses,1054.32,6,6.6,9,2,2,1,1.0,32.39,0,3,5,1,2,7,1,0,2.5,4.1,Detrator
145,50145,30,25 a 34 anos,Centro-Oeste,74,Mais de 72 meses,718.63,4,19.52,5,4,4,1,1.0,40.7,0,1,5,1,1,7,1,0,0.3,0.4,Detrator
146,50146,21,Até 24 anos,Nordeste,75,Mais de 72 meses,72.52,5,34.44,4,9,2,1,0.2222222222222222,55.51,0,2,2,1,6,4,1,0,3.1,4.5,Detrator
147,50147,62,55 a 64 anos,Sul,30,25 a 48 meses,379.53,4,33.46,5,11,4,1,0.36363636363636365,22.43,0,3,4,1,3,8,1,0,0.0,3.1,Detrator
148,50148,69,65 anos ou mais,Sudeste,92,Mais de 72 meses,288.89,6,39.13,9,10,0,0,0.0,48.12,0,3,3,1,9,5,1,0,2.4,7.5,Neutro
149,50149,25,25 a 34 anos,Centro-Oeste,82,Mais de 72 meses,872.53,6,74.23,2,14,2,1,0.14285714285714285,25.57,0,2,2,1,3,4,1,0,3.7,1.0,Detrator
150,50150,56,55 a 64 anos,Centro-Oeste,83,Mais de 72 meses,515.78,1,70.23,6,2,1,1,0.5,69.43,0,1,2,1,1,4,1,1,6.2,10.0,Promotor
151,50151,42,35 a 44 anos,Sudeste,18,13 a 24 meses,324.46,6,4.05,8,7,1,1,0.14285714285714285,45.88,0,2,2,1,3,4,1,0,4.8,5.2,Detrator
152,50152,24,Até 24 anos,Nordeste,99,Mais de 72 meses,351.61,4,86.68,10,6,3,1,0.5,40.07,0,1,2,1,5,5,1,0,2.0,5.3,Detrator
154,50154,46,45 a 54 anos,Sudeste,22,13 a 24 meses,337.65,1,21.17,3,5,3,1,0.6,21.26,0,3,1,1,1,3,1,0,5.4,6.8,Detrator
155,50155,62,55 a 64 anos,Nordeste,54,49 a 72 meses,672.01,6,21.47,1,4,1,1,0.25,27.38,0,2,0,0,1,2,1,1,8.0,9.8,Promotor
156,50156,38,35 a 44 anos,Norte,48,25 a 48 meses,475.43,2,45.52,2,6,2,1,0.3333333333333333,32.2,0,2,0,0,4,2,1,0,5.4,5.8,Detrator
157,50157,54,45 a 54 anos,Sudeste,34,25 a 48 meses,348.1,1,26.64,5,4,4,1,1.0,31.63,0,2,2,1,10,6,1,0,0.0,1.6,Detrator
158,50158,66,65 anos ou mais,Nordeste,21,13 a 24 meses,796.83,4,9.4,5,4,3,1,0.75,43.38,0,3,2,1,6,7,1,0,1.4,1.8,Detrator
159,50159,50,45 a 54 anos,Sudeste,103,Mais de 72 meses,223.1,6,12.28,10,14,1,1,0.07142857142857142,54.77,0,2,4,1,10,7,1,0,0.0,1.6,Detrator
160,50160,58,55 a 64 anos,Sudeste,47,25 a 48 meses,221.05,2,17.25,3,5,2,1,0.4,48.59,0,2,1,1,5,4,1,0,3.6,6.9,Detrator
161,50161,42,35 a 44 anos,Sul,43,25 a 48 meses,234.72,6,29.23,6,8,4,1,0.5,60.15,0,3,1,1,3,5,1,0,3.2,1.8,Detrator
162,50162,63,55 a 64 anos,Sul,39,25 a 48 meses,421.33,4,51.01,6,12,1,1,0.08333333333333333,46.14,0,3,2,1,11,4,1,0,0.2,4.9,Detrator
163,50163,31,25 a 34 anos,Sudeste,40,25 a 48 meses,393.2,5,6.54,3,14,2,1,0.14285714285714285,33.2,0,3,0,0,9,2,1,0,1.9,3.7,Detrator
164,50164,26,25 a 34 anos,Sul,107,Mais de 72 meses,644.58,4,3.56,3,10,1,1,0.1,33.05,0,1,2,1,1,7,1,1,6.5,8.1,Neutro
165,50165,32,25 a 34 anos,Sudeste,102,Mais de 72 meses,153.6,2,11.98,3,10,1,1,0.1,37.16,0,3,1,1,9,8,1,0,2.4,5.6,Detrator
166,50166,24,Até 24 anos,Nordeste,94,Mais de 72 meses,503.92,4,42.32,9,14,2,1,0.14285714285714285,42.51,0,2,0,0,4,1,1,0,4.9,7.0,Neutro
167,50167,19,Até 24 anos,Sudeste,57,49 a 72 meses,602.2,2,6.77,10,13,2,1,0.15384615384615385,51.97,0,3,2,1,11,4,1,0,0.0,2.6,Detrator
168,50168,48,45 a 54 anos,Sudeste,11,Até 12 meses,269.88,4,38.62,6,5,3,1,0.6,41.05,0,1,1,1,1,4,1,0,4.9,4.3,Detrator
169,50169,24,Até 24 anos,Nordeste,76,Mais de 72 meses,597.96,6,59.9,3,13,2,1,0.15384615384615385,16.93,0,1,4,1,11,10,1,0,0.0,3.6,Detrator
170,50170,58,55 a 64 anos,Norte,112,Mais de 72 meses,608.02,3,32.03,5,6,0,0,0.0,49.61,0,3,4,1,1,10,1,1,4.0,9.1,Promotor
171,50171,28,25 a 34 anos,Sudeste,76,Mais de 72 meses,776.45,2,1.99,4,11,4,1,0.36363636363636365,33.41,0,3,0,0,7,1,1,1,1.2,8.3,Neutro
172,50172,30,25 a 34 anos,Sudeste,45,25 a 48 meses,139.62,4,5.5,7,8,1,1,0.125,60.85,0,1,7,1,1,10,1,0,2.4,0.0,Detrator
173,50173,30,25 a 34 anos,Centro-Oeste,26,25 a 48 meses,861.48,5,14.41,9,7,1,1,0.14285714285714285,21.31,0,3,1,1,5,3,1,0,3.3,5.9,Detrator
174,50174,43,35 a 44 anos,Nordeste,64,49 a 72 meses,128.31,4,31.98,4,4,2,1,0.5,34.1,0,3,3,1,1,7,1,0,4.5,5.0,Detrator
175,50175,60,55 a 64 anos,Norte,86,Mais de 72 meses,261.8,3,21.93,7,11,2,1,0.18181818181818182,58.37,0,2,2,1,8,5,1,0,0.8,5.9,Detrator
176,50176,67,65 anos ou mais,Sudeste,32,25 a 48 meses,411.16,4,7.72,2,2,2,1,1.0,41.54,0,2,2,1,10,5,1,0,0.0,1.5,Detrator
177,50177,25,25 a 34 anos,Sudeste,62,49 a 72 meses,326.42,6,2.51,3,2,0,0,0.0,25.13,0,3,2,1,9,3,1,0,1.7,5.3,Detrator
178,50178,31,25 a 34 anos,Nordeste,62,49 a 72 meses,179.36,3,5.58,10,5,0,0,0.0,11.8,0,1,0,0,2,0,0,1,9.4,8.8,Neutro
179,50179,62,55 a 64 anos,Norte,106,Mais de 72 meses,258.11,3,39.98,9,3,2,1,0.6666666666666666,49.29,0,2,2,1,1,4,1,0,4.6,7.3,Neutro
180,50180,19,Até 24 anos,Norte,92,Mais de 72 meses,923.27,2,13.42,3,4,2,1,0.5,58.04,0,1,4,1,6,6,1,0,0.9,0.0,Detrator
181,50181,59,55 a 64 anos,Centro-Oeste,26,25 a 48 meses,245.56,6,21.38,6,5,2,1,0.4,36.76,0,3,2,1,9,4,1,0,0.6,4.3,Detrator
182,50182,32,25 a 34 anos,Nordeste,29,25 a 48 meses,715.62,5,13.69,5,6,3,1,0.5,27.87,0,3,1,1,8,3,1,0,1.2,2.3,Detrator
184,50184,51,45 a 54 anos,Sul,40,25 a 48 meses,304.38,1,14.74,6,12,4,1,0.3333333333333333,9.06,0,2,1,1,1,5,1,0,4.1,2.5,Detrator
186,50186,35,35 a 44 anos,Centro-Oeste,92,Mais de 72 meses,211.04,1,30.35,8,3,1,1,0.3333333333333333,25.04,0,3,3,1,8,5,1,0,1.2,0.2,Detrator
187,50187,42,35 a 44 anos,Norte,64,49 a 72 meses,225.87,4,12.11,9,4,1,1,0.25,21.53,0,3,0,0,1,3,1,0,7.7,6.3,Detrator
188,50188,64,55 a 64 anos,Centro-Oeste,75,Mais de 72 meses,125.8,1,5.47,4,4,2,1,0.5,48.35,0,3,6,1,7,8,1,0,0.0,0.2,Detrator
189,50189,41,35 a 44 anos,Sudeste,62,49 a 72 meses,596.03,6,11.82,3,8,3,1,0.375,30.86,0,1,1,1,3,4,1,0,3.0,5.0,Detrator
190,50190,23,Até 24 anos,Sudeste,24,13 a 24 meses,562.41,2,5.44,5,3,0,0,0.0,29.47,0,1,1,1,9,2,1,0,3.0,7.6,Neutro
191,50191,51,45 a 54 anos,Norte,112,Mais de 72 meses,169.79,2,6.01,10,4,2,1,0.5,18.33,0,2,2,1,7,5,1,0,1.9,4.0,Detrator
192,50192,68,65 anos ou mais,Norte,53,49 a 72 meses,1250.18,3,2.74,2,14,5,1,0.35714285714285715,61.85,0,1,2,1,4,4,1,0,0.2,0.5,Detrator
193,50193,55,55 a 64 anos,Sudeste,70,49 a 72 meses,474.88,6,36.63,5,12,4,1,0.3333333333333333,55.7,0,2,1,1,0,3,1,0,4.6,2.0,Detrator
195,50195,36,35 a 44 anos,Norte,35,25 a 48 meses,341.14,5,25.02,5,11,3,1,0.2727272727272727,29.53,0,1,1,1,7,5,1,0,1.8,5.0,Detrator
196,50196,64,55 a 64 anos,Nordeste,96,Mais de 72 meses,841.75,6,73.2,4,13,2,1,0.15384615384615385,20.65,0,2,1,1,0,4,1,0,6.2,3.6,Detrator
197,50197,63,55 a 64 anos,Centro-Oeste,56,49 a 72 meses,243.47,2,38.99,7,13,2,1,0.15384615384615385,45.27,0,1,1,1,5,4,1,0,2.5,2.4,Detrator
198,50198,53,45 a 54 anos,Centro-Oeste,39,25 a 48 meses,604.77,2,44.27,2,10,0,0,0.0,21.04,0,2,2,1,6,3,1,1,4.4,8.5,Neutro
200,50200,45,45 a 54 anos,Norte,72,49 a 72 meses,104.57,1,20.19,1,5,2,1,0.4,28.68,0,3,0,0,0,2,1,0,7.3,5.3,Detrator
201,50201,64,55 a 64 anos,Sul,66,49 a 72 meses,506.01,5,154.88,7,3,1,1,0.3333333333333333,40.26,0,1,4,1,0,6,1,0,5.2,4.5,Detrator
202,50202,27,25 a 34 anos,Sul,66,49 a 72 meses,228.14,3,7.99,11,5,3,1,0.6,17.94,0,3,2,1,3,4,1,0,2.7,3.2,Detrator
203,50203,35,35 a 44 anos,Nordeste,93,Mais de 72 meses,361.43,6,26.03,9,10,2,1,0.2,38.98,0,3,0,0,3,2,1,1,6.3,9.2,Promotor
204,50204,21,Até 24 anos,Sudeste,18,13 a 24 meses,90.99,1,16.18,9,9,3,1,0.3333333333333333,45.33,0,3,1,1,5,4,1,0,2.9,5.5,Detrator
205,50205,29,25 a 34 anos,Norte,59,49 a 72 meses,288.44,5,48.39,6,7,4,1,0.5714285714285714,31.23,0,3,1,1,2,3,1,0,3.7,2.6,Detrator
206,50206,44,35 a 44 anos,Norte,119,Mais de 72 meses,317.4,6,28.2,6,11,1,1,0.09090909090909091,38.22,0,1,1,1,0,3,1,0,8.1,6.9,Detrator
208,50208,29,25 a 34 anos,Sudeste,95,Mais de 72 meses,325.34,3,21.69,1,5,3,1,0.6,10.26,0,1,3,1,6,7,1,0,0.0,2.2,Detrator
209,50209,28,25 a 34 anos,Sudeste,41,25 a 48 meses,552.04,3,3.86,7,9,3,1,0.3333333333333333,45.32,0,2,1,1,9,4,1,0,0.2,4.6,Detrator
210,50210,21,Até 24 anos,Centro-Oeste,42,25 a 48 meses,87.23,6,12.36,9,7,2,1,0.2857142857142857,34.49,0,3,1,1,5,4,1,0,4.0,3.0,Detrator
211,50211,63,55 a 64 anos,Nordeste,68,49 a 72 meses,80.5,1,1.34,7,10,1,1,0.1,18.04,0,2,1,1,9,2,1,0,1.8,6.0,Detrator
212,50212,41,35 a 44 anos,Sul,106,Mais de 72 meses,1983.81,5,48.5,2,13,1,1,0.07692307692307693,25.48,0,3,1,1,10,4,1,0,1.2,6.5,Detrator
214,50214,45,45 a 54 anos,Sul,105,Mais de 72 meses,323.22,2,17.67,10,6,4,1,0.6666666666666666,27.26,0,3,2,1,8,4,1,0,0.0,2.2,Detrator
215,50215,64,55 a 64 anos,Norte,13,13 a 24 meses,105.79,3,6.31,2,7,3,1,0.42857142857142855,32.38,0,2,3,1,7,5,1,0,0.1,0.8,Detrator
216,50216,21,Até 24 anos,Norte,51,49 a 72 meses,181.12,4,22.57,3,14,0,0,0.0,37.45,0,2,2,1,9,6,1,0,2.9,4.1,Detrator
217,50217,53,45 a 54 anos,Norte,25,25 a 48 meses,504.75,4,27.33,11,7,2,1,0.2857142857142857,32.18,0,2,4,1,10,9,1,0,0.0,0.0,Detrator
218,50218,32,25 a 34 anos,Centro-Oeste,31,25 a 48 meses,208.36,4,15.1,5,4,0,0,0.0,45.32,0,2,1,1,10,1,1,0,1.8,6.4,Detrator
219,50219,39,35 a 44 anos,Norte,2,Até 12 meses,203.93,4,9.11,6,2,1,1,0.5,50.47,0,2,0,0,9,3,1,0,2.6,4.3,Detrator
220,50220,66,65 anos ou mais,Sul,2,Até 12 meses,554.46,5,21.54,1,7,1,1,0.14285714285714285,41.21,0,1,2,1,3,4,1,1,5.3,8.1,Neutro
222,50222,41,35 a 44 anos,Sudeste,5,Até 12 meses,853.88,1,35.43,2,7,1,1,0.14285714285714285,31.06,0,2,3,1,4,7,1,1,2.4,8.1,Neutro
223,50223,54,45 a 54 anos,Norte,75,Mais de 72 meses,617.46,3,24.83,7,13,3,1,0.23076923076923078,22.99,0,2,2,1,2,5,1,0,3.8,4.8,Detrator
224,50224,22,Até 24 anos,Sul,103,Mais de 72 meses,264.51,2,9.21,7,9,0,0,0.0,55.29,0,1,3,1,5,3,1,0,4.9,6.3,Detrator
225,50225,23,Até 24 anos,Norte,79,Mais de 72 meses,395.21,6,74.49,1,4,2,1,0.5,24.55,0,3,0,0,5,3,1,0,5.8,5.9,Detrator
226,50226,66,65 anos ou mais,Nordeste,108,Mais de 72 meses,479.82,1,7.02,5,12,0,0,0.0,15.18,0,2,2,1,10,3,1,1,2.0,8.4,Neutro
227,50227,27,25 a 34 anos,Centro-Oeste,113,Mais de 72 meses,894.62,6,36.6,8,11,4,1,0.36363636363636365,38.24,0,1,1,1,0,4,1,0,4.6,5.4,Detrator
228,50228,20,Até 24 anos,Nordeste,95,Mais de 72 meses,418.82,1,17.33,7,2,2,1,1.0,47.46,0,3,3,1,3,5,1,0,2.4,5.8,Detrator
229,50229,55,55 a 64 anos,Sudeste,119,Mais de 72 meses,913.63,3,16.42,1,8,2,1,0.25,28.01,0,1,2,1,9,7,1,0,1.5,3.4,Detrator
230,50230,51,45 a 54 anos,Nordeste,32,25 a 48 meses,1522.94,3,24.33,9,13,2,1,0.15384615384615385,40.8,0,1,2,1,5,5,1,0,1.3,3.6,Detrator
231,50231,23,Até 24 anos,Norte,76,Mais de 72 meses,459.81,2,35.71,8,2,1,1,0.5,17.47,0,2,0,0,7,3,1,1,4.6,8.8,Neutro
232,50232,27,25 a 34 anos,Sul,2,Até 12 meses,487.38,2,5.31,2,2,1,1,0.5,44.65,0,2,2,1,0,3,1,0,7.4,6.4,Detrator
233,50233,33,25 a 34 anos,Centro-Oeste,32,25 a 48 meses,404.07,2,2.57,1,5,4,1,0.8,61.21,0,2,1,1,2,5,1,0,4.8,5.0,Detrator
234,50234,46,45 a 54 anos,Sudeste,87,Mais de 72 meses,232.25,2,72.81,9,13,0,0,0.0,60.63,0,2,2,1,0,5,1,1,7.3,9.6,Promotor
235,50235,20,Até 24 anos,Sudeste,115,Mais de 72 meses,273.11,4,29.58,2,14,0,0,0.0,44.43,0,1,1,1,4,2,1,1,7.2,8.0,Neutro
236,50236,28,25 a 34 anos,Centro-Oeste,85,Mais de 72 meses,1137.22,1,79.88,11,3,0,0,0.0,24.07,0,2,3,1,3,5,1,0,5.9,3.8,Detrator
237,50237,54,45 a 54 anos,Sul,65,49 a 72 meses,254.25,6,38.4,3,2,2,1,1.0,42.91,0,2,0,0,6,2,1,0,4.5,7.3,Neutro
238,50238,21,Até 24 anos,Sudeste,44,25 a 48 meses,1292.9,6,10.26,7,4,1,1,0.25,27.56,0,2,2,1,9,4,1,0,1.4,6.2,Detrator
239,50239,66,65 anos ou mais,Sul,96,Mais de 72 meses,392.41,2,59.32,4,4,2,1,0.5,41.41,0,2,2,1,7,4,1,0,1.8,4.5,Detrator
240,50240,21,Até 24 anos,Sudeste,54,49 a 72 meses,376.64,5,36.35,6,11,2,1,0.18181818181818182,39.4,0,2,1,1,9,5,1,0,1.8,3.6,Detrator
241,50241,41,35 a 44 anos,Sul,99,Mais de 72 meses,351.47,6,22.99,3,10,0,0,0.0,37.16,0,1,3,1,7,6,1,0,3.3,5.1,Detrator
242,50242,45,45 a 54 anos,Norte,40,25 a 48 meses,351.48,2,32.49,5,14,0,0,0.0,29.2,0,2,3,1,7,4,1,0,2.6,5.8,Detrator
243,50243,52,45 a 54 anos,Sudeste,97,Mais de 72 meses,612.64,4,42.0,2,4,1,1,0.25,37.52,0,1,1,1,5,3,1,0,3.9,5.4,Detrator
244,50244,55,55 a 64 anos,Nordeste,93,Mais de 72 meses,101.09,6,20.13,1,12,3,1,0.25,33.4,0,3,2,1,4,7,1,0,2.1,3.8,Detrator
245,50245,67,65 anos ou mais,Sudeste,117,Mais de 72 meses,496.5,5,36.04,9,2,2,1,1.0,26.77,0,1,0,0,8,1,1,1,2.0,8.8,Neutro
246,50246,41,35 a 44 anos,Sul,74,Mais de 72 meses,260.98,2,69.67,9,14,1,1,0.07142857142857142,17.57,0,3,3,1,8,6,1,0,0.7,4.9,Detrator
247,50247,39,35 a 44 anos,Centro-Oeste,95,Mais de 72 meses,515.24,2,7.15,9,12,1,1,0.08333333333333333,23.25,0,1,1,1,11,3,1,0,1.9,4.2,Detrator
248,50248,43,35 a 44 anos,Centro-Oeste,35,25 a 48 meses,215.37,3,19.99,11,7,2,1,0.2857142857142857,33.18,0,1,3,1,1,5,1,0,4.0,5.5,Detrator
249,50249,35,35 a 44 anos,Sul,22,13 a 24 meses,321.82,3,30.58,5,9,3,1,0.3333333333333333,38.71,0,3,0,0,5,4,1,0,4.1,4.7,Detrator
250,50250,20,Até 24 anos,Norte,117,Mais de 72 meses,811.98,6,45.07,2,2,2,1,1.0,36.62,0,1,0,0,5,5,1,0,3.5,5.2,Detrator
251,50251,63,55 a 64 anos,Nordeste,25,25 a 48 meses,453.51,5,2.91,10,13,2,1,0.15384615384615385,32.46,0,1,0,0,5,4,1,0,3.9,3.5,Detrator
252,50252,28,25 a 34 anos,Sudeste,22,13 a 24 meses,465.21,4,0.23,8,11,6,1,0.5454545454545454,70.59,0,2,1,1,5,5,1,0,0.0,3.2,Detrator
253,50253,26,25 a 34 anos,Sudeste,21,13 a 24 meses,809.27,6,4.35,6,14,1,1,0.07142857142857142,60.27,0,1,3,1,7,7,1,0,1.9,5.5,Detrator
254,50254,50,45 a 54 anos,Sul,106,Mais de 72 meses,889.87,3,10.21,7,8,0,0,0.0,53.27,0,1,2,1,6,4,1,1,4.3,8.5,Neutro
255,50255,43,35 a 44 anos,Sudeste,73,Mais de 72 meses,438.94,2,102.66,5,7,2,1,0.2857142857142857,4.34,0,3,0,0,6,2,1,0,3.9,2.6,Detrator
256,50256,53,45 a 54 anos,Sul,84,Mais de 72 meses,842.15,2,9.32,11,13,3,1,0.23076923076923078,45.62,0,2,3,1,7,5,1,0,0.0,3.5,Detrator
257,50257,21,Até 24 anos,Sul,69,49 a 72 meses,282.06,1,15.93,9,9,4,1,0.4444444444444444,32.41,0,2,0,0,11,2,1,0,0.0,3.5,Detrator
258,50258,69,65 anos ou mais,Sul,62,49 a 72 meses,911.99,3,3.77,11,6,1,1,0.16666666666666666,34.6,0,1,2,1,4,5,1,0,4.7,3.9,Detrator
259,50259,19,Até 24 anos,Centro-Oeste,10,Até 12 meses,722.59,1,13.43,1,12,3,1,0.25,21.72,0,2,2,1,2,5,1,0,3.9,5.2,Detrator
260,50260,25,25 a 34 anos,Sudeste,28,25 a 48 meses,189.76,3,39.8,4,2,2,1,1.0,27.94,0,2,1,1,5,3,1,0,3.1,5.6,Detrator
261,50261,24,Até 24 anos,Centro-Oeste,64,49 a 72 meses,262.51,2,10.43,3,6,4,1,0.6666666666666666,43.68,0,3,2,1,4,4,1,0,0.0,0.4,Detrator
262,50262,53,45 a 54 anos,Sul,109,Mais de 72 meses,192.62,1,3.3,8,4,2,1,0.5,41.42,0,3,1,1,7,4,1,0,2.3,3.3,Detrator
263,50263,51,45 a 54 anos,Sul,54,49 a 72 meses,610.5,2,6.92,9,9,5,1,0.5555555555555556,47.49,0,2,1,1,4,3,1,0,1.1,3.0,Detrator
264,50264,57,55 a 64 anos,Sul,77,Mais de 72 meses,466.75,3,1.87,2,12,2,1,0.16666666666666666,46.1,0,3,4,1,3,8,1,0,1.4,3.6,Detrator
265,50265,36,35 a 44 anos,Sudeste,8,Até 12 meses,592.31,2,53.73,2,11,4,1,0.36363636363636365,49.56,0,1,1,1,8,5,1,0,0.1,0.6,Detrator
266,50266,46,45 a 54 anos,Centro-Oeste,40,25 a 48 meses,95.2,3,65.45,7,13,2,1,0.15384615384615385,48.59,0,1,1,1,11,5,1,0,0.3,2.7,Detrator
267,50267,56,55 a 64 anos,Sudeste,45,25 a 48 meses,501.66,6,27.84,3,14,2,1,0.14285714285714285,57.91,0,2,2,1,6,4,1,0,2.9,4.9,Detrator
268,50268,23,Até 24 anos,Nordeste,83,Mais de 72 meses,158.09,3,12.76,11,4,2,1,0.5,20.42,0,2,2,1,5,6,1,0,2.5,1.8,Detrator
270,50270,58,55 a 64 anos,Nordeste,23,13 a 24 meses,119.67,5,14.85,3,12,2,1,0.16666666666666666,49.21,0,2,4,1,5,7,1,0,1.2,3.1,Detrator
272,50272,22,Até 24 anos,Sul,2,Até 12 meses,1417.73,6,93.25,9,5,2,1,0.4,22.51,0,3,1,1,8,4,1,0,2.1,3.4,Detrator
273,50273,41,35 a 44 anos,Centro-Oeste,87,Mais de 72 meses,145.53,2,20.66,3,7,0,0,0.0,67.84,0,2,1,1,2,2,1,0,8.4,5.6,Detrator
275,50275,39,35 a 44 anos,Norte,61,49 a 72 meses,317.11,1,6.86,11,6,4,1,0.6666666666666666,32.21,0,1,4,1,11,6,1,0,0.0,0.0,Detrator
276,50276,43,35 a 44 anos,Nordeste,6,Até 12 meses,638.11,4,16.38,9,8,3,1,0.375,41.36,0,2,2,1,11,4,1,0,0.0,3.3,Detrator
277,50277,68,65 anos ou mais,Centro-Oeste,30,25 a 48 meses,122.91,4,29.2,8,2,2,1,1.0,44.45,0,3,2,1,11,4,1,0,0.0,0.5,Detrator
278,50278,54,45 a 54 anos,Sudeste,69,49 a 72 meses,214.21,5,9.15,4,4,4,1,1.0,47.49,0,2,2,1,7,7,1,0,0.0,2.3,Detrator
279,50279,62,55 a 64 anos,Sudeste,75,Mais de 72 meses,312.27,2,41.73,11,8,1,1,0.125,45.84,0,2,4,1,1,7,1,0,4.6,5.1,Detrator
280,50280,46,45 a 54 anos,Nordeste,118,Mais de 72 meses,362.35,5,37.91,10,11,2,1,0.18181818181818182,41.31,0,2,0,0,7,3,1,0,3.4,5.4,Detrator
281,50281,53,45 a 54 anos,Nordeste,69,49 a 72 meses,791.28,6,31.81,11,13,1,1,0.07692307692307693,31.15,0,1,1,1,9,2,1,0,1.9,6.6,Detrator
282,50282,37,35 a 44 anos,Sudeste,112,Mais de 72 meses,314.71,2,12.11,7,5,2,1,0.4,41.56,0,1,1,1,1,4,1,0,6.2,6.0,Detrator
283,50283,35,35 a 44 anos,Norte,48,25 a 48 meses,61.87,2,41.19,11,9,0,0,0.0,50.35,0,1,1,1,9,2,1,0,3.5,5.8,Detrator
284,50284,57,55 a 64 anos,Norte,87,Mais de 72 meses,932.07,5,3.24,5,7,3,1,0.42857142857142855,39.47,0,2,2,1,9,4,1,0,0.0,3.3,Detrator
285,50285,62,55 a 64 anos,Sul,96,Mais de 72 meses,228.39,5,101.98,3,6,0,0,0.0,34.7,0,1,0,0,9,0,0,1,4.7,10.0,Promotor
286,50286,58,55 a 64 anos,Norte,113,Mais de 72 meses,272.71,1,29.73,2,6,3,1,0.5,58.5,0,2,2,1,2,4,1,0,3.1,5.1,Detrator
287,50287,32,25 a 34 anos,Sudeste,71,49 a 72 meses,199.41,1,12.09,11,5,3,1,0.6,21.15,0,2,0,0,2,8,1,0,6.1,3.8,Detrator
288,50288,32,25 a 34 anos,Nordeste,13,13 a 24 meses,268.19,3,13.61,4,6,2,1,0.3333333333333333,36.91,0,2,4,1,6,6,1,0,1.3,3.2,Detrator
290,50290,46,45 a 54 anos,Sudeste,10,Até 12 meses,321.49,1,96.07,7,9,2,1,0.2222222222222222,51.48,0,1,3,1,4,5,1,0,2.5,2.7,Detrator
291,50291,34,25 a 34 anos,Sul,87,Mais de 72 meses,394.66,2,26.15,11,7,4,1,0.5714285714285714,31.48,0,1,0,0,11,4,1,0,0.0,0.5,Detrator
292,50292,66,65 anos ou mais,Norte,88,Mais de 72 meses,527.69,6,115.35,2,11,2,1,0.18181818181818182,52.71,0,1,1,1,2,6,1,0,5.2,6.9,Detrator
293,50293,64,55 a 64 anos,Norte,107,Mais de 72 meses,290.94,6,7.76,5,4,3,1,0.75,42.48,0,1,1,1,1,4,1,0,5.2,2.5,Detrator
294,50294,42,35 a 44 anos,Sudeste,57,49 a 72 meses,427.33,3,19.31,9,3,1,1,0.3333333333333333,47.92,0,1,1,1,1,3,1,0,8.0,6.1,Detrator
295,50295,33,25 a 34 anos,Sul,68,49 a 72 meses,481.86,6,14.18,11,5,1,1,0.2,43.06,0,1,1,1,7,4,1,0,2.3,5.5,Detrator
296,50296,67,65 anos ou mais,Sudeste,86,Mais de 72 meses,480.97,4,4.51,8,13,0,0,0.0,11.72,0,2,2,1,3,3,1,0,5.3,5.2,Detrator
297,50297,34,25 a 34 anos,Centro-Oeste,119,Mais de 72 meses,508.03,4,28.57,1,7,2,1,0.2857142857142857,44.75,0,3,1,1,11,3,1,0,0.5,4.5,Detrator
299,50299,64,55 a 64 anos,Norte,116,Mais de 72 meses,213.38,3,0.32,3,10,3,1,0.3,58.7,0,1,1,1,9,5,1,0,1.7,2.2,Detrator
300,50300,38,35 a 44 anos,Sudeste,109,Mais de 72 meses,303.79,3,1.84,9,8,2,1,0.25,33.76,0,3,4,1,4,7,1,0,1.4,2.6,Detrator
301,50301,61,55 a 64 anos,Norte,72,49 a 72 meses,193.27,4,64.11,10,7,4,1,0.5714285714285714,57.26,0,2,1,1,1,4,1,0,4.7,0.7,Detrator
302,50302,65,65 anos ou mais,Centro-Oeste,111,Mais de 72 meses,202.92,6,59.14,1,11,3,1,0.2727272727272727,22.38,0,3,2,1,1,6,1,0,3.5,4.9,Detrator
303,50303,44,35 a 44 anos,Centro-Oeste,39,25 a 48 meses,70.87,6,16.05,6,4,3,1,0.75,22.09,0,1,1,1,11,5,1,0,0.0,1.5,Detrator
304,50304,22,Até 24 anos,Sudeste,51,49 a 72 meses,240.49,1,14.86,9,13,3,1,0.23076923076923078,29.46,0,2,0,0,8,5,1,0,1.9,3.4,Detrator
305,50305,39,35 a 44 anos,Sul,95,Mais de 72 meses,789.52,1,2.17,3,12,4,1,0.3333333333333333,43.12,0,3,0,0,11,3,1,0,0.0,3.8,Detrator
306,50306,50,45 a 54 anos,Norte,17,13 a 24 meses,366.89,2,59.58,4,8,0,0,0.0,46.5,0,3,1,1,6,1,1,1,5.7,9.4,Promotor
307,50307,57,55 a 64 anos,Sudeste,19,13 a 24 meses,384.43,5,1.58,2,10,3,1,0.3,41.19,0,2,2,1,10,7,1,0,0.0,1.2,Detrator
309,50309,52,45 a 54 anos,Norte,108,Mais de 72 meses,405.33,3,19.48,8,13,3,1,0.23076923076923078,42.27,0,2,1,1,8,4,1,0,0.0,2.7,Detrator
310,50310,60,55 a 64 anos,Nordeste,8,Até 12 meses,170.39,3,23.19,8,6,2,1,0.3333333333333333,40.78,0,3,2,1,0,6,1,0,6.6,5.5,Detrator
311,50311,36,35 a 44 anos,Norte,92,Mais de 72 meses,343.2,4,42.07,1,14,2,1,0.14285714285714285,62.34,0,1,0,0,3,5,1,0,5.7,4.4,Detrator
312,50312,57,55 a 64 anos,Sul,118,Mais de 72 meses,392.74,5,41.08,2,3,3,1,1.0,55.88,0,3,1,1,2,5,1,0,3.5,0.0,Detrator
313,50313,44,35 a 44 anos,Sudeste,99,Mais de 72 meses,787.5,4,3.77,8,2,2,1,1.0,39.53,0,1,2,1,9,6,1,0,0.8,4.1,Detrator
315,50315,53,45 a 54 anos,Sul,82,Mais de 72 meses,382.09,2,71.83,9,6,4,1,0.6666666666666666,45.79,0,2,2,1,11,6,1,0,0.0,1.1,Detrator
316,50316,56,55 a 64 anos,Norte,27,25 a 48 meses,771.14,2,1.27,10,4,1,1,0.25,24.83,0,1,1,1,6,3,1,0,3.3,6.4,Detrator
317,50317,19,Até 24 anos,Norte,117,Mais de 72 meses,425.6,1,22.71,7,9,1,1,0.1111111111111111,24.34,0,2,0,0,10,4,1,0,2.4,4.3,Detrator
318,50318,58,55 a 64 anos,Centro-Oeste,33,25 a 48 meses,1171.74,2,0.47,6,5,1,1,0.2,45.97,0,2,2,1,5,5,1,0,3.0,2.3,Detrator
320,50320,63,55 a 64 anos,Nordeste,5,Até 12 meses,236.62,6,1.56,3,6,1,1,0.16666666666666666,38.04,0,2,2,1,2,6,1,0,5.6,2.8,Detrator
321,50321,40,35 a 44 anos,Sul,95,Mais de 72 meses,273.36,1,40.02,11,6,2,1,0.3333333333333333,20.87,0,3,1,1,3,2,1,0,3.9,6.0,Detrator
322,50322,43,35 a 44 anos,Centro-Oeste,88,Mais de 72 meses,161.48,6,78.41,8,13,4,1,0.3076923076923077,49.84,0,1,1,1,0,3,1,0,4.5,6.5,Detrator
323,50323,28,25 a 34 anos,Sudeste,92,Mais de 72 meses,981.97,1,0.95,10,10,2,1,0.2,49.78,0,2,1,1,0,3,1,0,5.5,7.5,Neutro
324,50324,65,65 anos ou mais,Sul,70,49 a 72 meses,150.48,4,54.59,5,12,0,0,0.0,50.12,0,1,1,1,2,2,1,1,6.3,9.8,Promotor
325,50325,18,Até 24 anos,Sudeste,84,Mais de 72 meses,402.31,6,2.49,5,14,2,1,0.14285714285714285,32.59,0,3,2,1,4,4,1,1,2.8,10.0,Promotor
326,50326,53,45 a 54 anos,Sul,25,25 a 48 meses,1378.39,6,33.66,4,2,1,1,0.5,29.72,0,3,1,1,7,5,1,0,2.9,7.9,Neutro
327,50327,67,65 anos ou mais,Sudeste,111,Mais de 72 meses,92.17,3,28.32,2,9,2,1,0.2222222222222222,28.15,0,3,1,1,8,2,1,0,1.1,7.7,Neutro
328,50328,37,35 a 44 anos,Sudeste,53,49 a 72 meses,268.01,5,9.27,6,4,3,1,0.75,46.55,0,1,1,1,3,3,1,0,3.2,3.8,Detrator
329,50329,48,45 a 54 anos,Centro-Oeste,31,25 a 48 meses,294.92,4,5.7,11,12,6,1,0.5,51.43,0,1,4,1,6,9,1,0,0.0,0.0,Detrator
330,50330,25,25 a 34 anos,Norte,86,Mais de 72 meses,726.5,3,4.18,10,12,2,1,0.16666666666666666,28.34,0,1,0,0,10,3,1,0,2.4,4.6,Detrator
331,50331,57,55 a 64 anos,Norte,39,25 a 48 meses,109.86,5,2.44,2,14,1,1,0.07142857142857142,31.83,0,1,7,1,0,9,1,0,2.0,3.2,Detrator
332,50332,41,35 a 44 anos,Sul,5,Até 12 meses,382.78,5,10.93,5,8,1,1,0.125,35.44,0,2,1,1,9,2,1,0,3.1,7.1,Neutro
333,50333,37,35 a 44 anos,Centro-Oeste,81,Mais de 72 meses,65.83,4,19.8,6,7,6,1,0.8571428571428571,43.82,0,1,1,1,5,4,1,0,0.0,0.0,Detrator
334,50334,32,25 a 34 anos,Norte,46,25 a 48 meses,150.41,6,0.05,10,6,3,1,0.5,24.36,0,1,0,0,3,4,1,0,4.3,3.8,Detrator
335,50335,47,45 a 54 anos,Sudeste,2,Até 12 meses,468.18,5,31.94,8,5,3,1,0.6,47.9,0,3,2,1,5,5,1,0,1.5,5.5,Detrator
336,50336,37,35 a 44 anos,Sul,103,Mais de 72 meses,176.28,2,24.27,9,8,1,1,0.125,52.02,0,3,4,1,7,7,1,0,0.7,3.4,Detrator
337,50337,55,55 a 64 anos,Norte,64,49 a 72 meses,385.0,4,34.14,1,10,4,1,0.4,34.33,0,3,1,1,8,4,1,0,0.1,1.5,Detrator
338,50338,19,Até 24 anos,Nordeste,107,Mais de 72 meses,204.35,5,8.31,9,13,4,1,0.3076923076923077,42.04,0,2,0,0,9,4,1,0,0.0,2.3,Detrator
339,50339,23,Até 24 anos,Norte,71,49 a 72 meses,113.8,3,18.72,9,6,2,1,0.3333333333333333,20.23,0,2,2,1,3,4,1,0,4.0,3.1,Detrator
340,50340,59,55 a 64 anos,Sudeste,24,13 a 24 meses,221.73,5,8.0,1,8,4,1,0.5,47.6,0,2,2,1,0,5,1,0,3.6,3.2,Detrator
341,50341,35,35 a 44 anos,Centro-Oeste,44,25 a 48 meses,629.15,2,41.01,11,5,3,1,0.6,28.9,0,1,5,1,8,8,1,0,0.0,0.0,Detrator
342,50342,53,45 a 54 anos,Sul,51,49 a 72 meses,660.23,2,6.6,11,6,1,1,0.16666666666666666,21.48,0,3,2,1,2,3,1,0,5.0,6.8,Detrator
343,50343,31,25 a 34 anos,Sudeste,25,25 a 48 meses,284.2,1,36.51,4,13,1,1,0.07692307692307693,58.6,0,2,1,1,8,3,1,1,2.8,8.1,Neutro
344,50344,43,35 a 44 anos,Sudeste,19,13 a 24 meses,224.28,1,18.44,5,9,1,1,0.1111111111111111,26.18,0,3,2,1,1,4,1,0,7.0,4.8,Detrator
345,50345,51,45 a 54 anos,Nordeste,6,Até 12 meses,430.01,4,11.03,9,9,1,1,0.1111111111111111,42.71,0,1,2,1,2,4,1,0,5.2,4.3,Detrator
346,50346,47,45 a 54 anos,Sudeste,88,Mais de 72 meses,323.9,6,7.55,6,12,4,1,0.3333333333333333,46.86,0,1,1,1,10,5,1,0,0.0,1.2,Detrator
347,50347,24,Até 24 anos,Nordeste,17,13 a 24 meses,167.06,2,46.01,6,6,3,1,0.5,17.57,0,1,0,0,9,1,1,0,0.0,7.2,Neutro
348,50348,47,45 a 54 anos,Sudeste,104,Mais de 72 meses,424.64,1,43.43,1,10,3,1,0.3,32.97,0,2,0,0,2,1,1,0,5.0,6.0,Detrator
351,50351,34,25 a 34 anos,Centro-Oeste,71,49 a 72 meses,286.19,6,0.06,5,5,2,1,0.4,49.0,0,1,2,1,11,4,1,0,0.0,3.4,Detrator
352,50352,48,45 a 54 anos,Nordeste,20,13 a 24 meses,588.82,3,207.47,10,10,1,1,0.1,49.12,0,3,1,1,0,2,1,0,6.9,6.9,Detrator
353,50353,34,25 a 34 anos,Centro-Oeste,81,Mais de 72 meses,402.73,2,43.73,10,3,0,0,0.0,26.84,0,2,0,0,8,1,1,1,4.0,9.2,Promotor
354,50354,48,45 a 54 anos,Sul,75,Mais de 72 meses,193.75,3,45.01,9,13,2,1,0.15384615384615385,45.8,0,2,3,1,8,6,1,0,0.0,2.2,Detrator
355,50355,30,25 a 34 anos,Nordeste,72,49 a 72 meses,486.17,2,83.69,10,5,5,1,1.0,52.08,0,2,2,1,1,7,1,0,3.3,0.6,Detrator
356,50356,44,35 a 44 anos,Sudeste,78,Mais de 72 meses,320.42,4,15.74,11,6,2,1,0.3333333333333333,35.84,0,2,0,0,1,2,1,1,7.7,10.0,Promotor
357,50357,37,35 a 44 anos,Nordeste,35,25 a 48 meses,174.4,1,8.98,1,3,3,1,1.0,29.27,0,2,0,0,6,2,1,0,2.4,2.8,Detrator
358,50358,34,25 a 34 anos,Centro-Oeste,20,13 a 24 meses,587.17,3,58.73,7,9,0,0,0.0,36.98,0,3,0,0,8,1,1,1,5.0,10.0,Promotor
359,50359,46,45 a 54 anos,Sul,34,25 a 48 meses,212.21,2,4.0,8,7,1,1,0.14285714285714285,21.95,0,2,1,1,0,2,1,0,7.1,7.3,Neutro
361,50361,52,45 a 54 anos,Norte,17,13 a 24 meses,140.96,3,6.84,6,13,1,1,0.07692307692307693,25.31,0,3,0,0,6,1,1,1,4.5,8.8,Neutro
362,50362,25,25 a 34 anos,Sudeste,82,Mais de 72 meses,544.2,5,7.48,7,9,3,1,0.3333333333333333,43.64,0,1,2,1,0,4,1,0,4.2,4.7,Detrator
363,50363,60,55 a 64 anos,Sudeste,98,Mais de 72 meses,872.85,5,12.55,3,9,3,1,0.3333333333333333,52.29,0,1,1,1,0,3,1,0,5.7,3.4,Detrator
364,50364,55,55 a 64 anos,Norte,92,Mais de 72 meses,403.89,6,25.48,10,13,1,1,0.07692307692307693,29.91,0,1,4,1,1,7,1,0,4.4,4.6,Detrator
365,50365,32,25 a 34 anos,Sudeste,83,Mais de 72 meses,129.27,3,34.51,2,6,1,1,0.16666666666666666,59.01,0,1,0,0,5,1,1,0,4.9,6.8,Detrator
366,50366,67,65 anos ou mais,Sudeste,87,Mais de 72 meses,713.9,3,77.99,3,6,0,0,0.0,44.64,0,3,1,1,10,2,1,0,2.5,5.9,Detrator
367,50367,18,Até 24 anos,Centro-Oeste,70,49 a 72 meses,45.74,3,3.66,10,2,2,1,1.0,44.48,0,1,2,1,10,4,1,0,0.0,3.1,Detrator
368,50368,50,45 a 54 anos,Norte,5,Até 12 meses,140.82,3,35.93,9,8,1,1,0.125,34.74,0,2,2,1,2,5,1,0,5.6,2.7,Detrator
369,50369,20,Até 24 anos,Nordeste,95,Mais de 72 meses,278.25,6,55.3,7,8,4,1,0.5,54.16,0,3,1,1,11,3,1,0,0.0,4.4,Detrator
370,50370,56,55 a 64 anos,Sudeste,71,49 a 72 meses,216.93,1,105.78,2,7,5,1,0.7142857142857143,50.06,0,1,1,1,3,6,1,0,2.7,1.5,Detrator
371,50371,55,55 a 64 anos,Sudeste,8,Até 12 meses,136.63,6,10.21,10,13,7,1,0.5384615384615384,39.27,0,1,2,1,7,6,1,0,0.0,0.7,Detrator
372,50372,65,65 anos ou mais,Centro-Oeste,62,49 a 72 meses,755.2,1,3.38,11,2,2,1,1.0,50.84,0,3,3,1,2,5,1,1,3.8,9.2,Promotor
373,50373,32,25 a 34 anos,Sudeste,63,49 a 72 meses,509.31,5,5.98,4,9,2,1,0.2222222222222222,24.15,0,2,2,1,10,5,1,0,0.1,3.6,Detrator
374,50374,59,55 a 64 anos,Centro-Oeste,5,Até 12 meses,425.59,6,73.58,8,2,1,1,0.5,41.8,0,1,1,1,0,8,1,0,8.2,2.9,Detrator
375,50375,35,35 a 44 anos,Centro-Oeste,98,Mais de 72 meses,666.94,3,6.9,5,9,2,1,0.2222222222222222,33.55,0,1,2,1,10,3,1,0,0.0,6.3,Detrator
376,50376,55,55 a 64 anos,Sudeste,52,49 a 72 meses,221.74,1,22.1,3,8,3,1,0.375,51.03,0,2,1,1,4,3,1,0,3.6,4.1,Detrator
377,50377,48,45 a 54 anos,Sudeste,78,Mais de 72 meses,186.89,3,3.19,5,10,2,1,0.2,47.83,0,1,0,0,9,5,1,0,2.5,4.0,Detrator
378,50378,37,35 a 44 anos,Sudeste,30,25 a 48 meses,627.83,1,89.05,6,6,3,1,0.5,49.16,0,3,1,1,8,3,1,0,0.8,6.2,Detrator
379,50379,24,Até 24 anos,Norte,110,Mais de 72 meses,446.74,4,66.49,1,8,2,1,0.25,42.94,0,1,0,0,9,4,1,0,2.5,5.8,Detrator
380,50380,54,45 a 54 anos,Sul,62,49 a 72 meses,367.95,2,42.89,6,12,5,1,0.4166666666666667,28.55,0,1,3,1,11,6,1,0,0.0,0.0,Detrator
381,50381,44,35 a 44 anos,Sul,74,Mais de 72 meses,277.61,5,12.96,8,3,2,1,0.6666666666666666,49.48,0,1,0,0,6,1,1,0,3.3,6.7,Detrator
382,50382,25,25 a 34 anos,Centro-Oeste,96,Mais de 72 meses,113.02,3,0.16,4,10,2,1,0.2,21.68,0,3,1,1,9,3,1,0,1.1,3.9,Detrator
383,50383,31,25 a 34 anos,Norte,14,13 a 24 meses,396.86,5,21.37,10,8,1,1,0.125,28.29,0,3,0,0,2,1,1,0,8.1,6.5,Detrator
384,50384,67,65 anos ou mais,Norte,74,Mais de 72 meses,283.75,6,96.8,10,2,1,1,0.5,52.08,0,2,1,1,11,4,1,0,0.8,3.0,Detrator
385,50385,32,25 a 34 anos,Nordeste,55,49 a 72 meses,155.43,1,21.94,9,14,2,1,0.14285714285714285,20.3,0,1,2,1,9,5,1,0,0.3,5.0,Detrator
386,50386,24,Até 24 anos,Nordeste,11,Até 12 meses,128.93,5,23.99,1,3,3,1,1.0,39.89,0,2,0,0,8,2,1,0,1.6,4.1,Detrator
387,50387,50,45 a 54 anos,Sul,27,25 a 48 meses,373.87,2,39.49,2,10,1,1,0.1,45.59,0,1,2,1,6,4,1,0,3.1,4.7,Detrator
389,50389,51,45 a 54 anos,Sudeste,46,25 a 48 meses,432.25,3,23.32,7,13,0,0,0.0,58.99,0,1,1,1,4,1,1,0,6.1,7.3,Neutro
390,50390,21,Até 24 anos,Centro-Oeste,12,Até 12 meses,297.25,2,3.48,5,5,1,1,0.2,45.63,0,2,1,1,10,6,1,0,1.0,6.1,Detrator
391,50391,18,Até 24 anos,Nordeste,109,Mais de 72 meses,969.8,5,0.36,10,14,1,1,0.07142857142857142,43.69,0,3,2,1,2,3,1,0,5.4,6.2,Detrator
393,50393,31,25 a 34 anos,Centro-Oeste,117,Mais de 72 meses,143.96,6,30.38,11,4,2,1,0.5,35.67,0,1,1,1,2,3,1,0,5.6,7.4,Neutro
394,50394,48,45 a 54 anos,Norte,13,13 a 24 meses,481.95,2,19.57,7,6,3,1,0.5,43.74,0,1,0,0,11,4,1,0,0.0,3.9,Detrator
395,50395,55,55 a 64 anos,Nordeste,108,Mais de 72 meses,339.6,3,3.83,7,9,1,1,0.1111111111111111,34.93,0,2,1,1,9,3,1,0,2.1,4.7,Detrator
396,50396,67,65 anos ou mais,Nordeste,37,25 a 48 meses,325.44,4,22.24,7,14,2,1,0.14285714285714285,24.01,0,2,3,1,3,5,1,0,3.2,5.7,Detrator
397,50397,37,35 a 44 anos,Sul,5,Até 12 meses,358.02,6,5.03,9,14,0,0,0.0,48.01,0,1,0,0,6,4,1,1,6.6,9.4,Promotor
398,50398,20,Até 24 anos,Nordeste,56,49 a 72 meses,208.86,2,35.08,3,9,2,1,0.2222222222222222,31.3,0,1,0,0,3,2,1,0,6.0,0.1,Detrator
399,50399,52,45 a 54 anos,Norte,63,49 a 72 meses,745.4,5,136.81,2,10,3,1,0.3,53.78,0,3,0,0,11,4,1,0,0.0,4.9,Detrator
400,50400,63,55 a 64 anos,Sul,24,13 a 24 meses,572.71,1,45.7,6,11,2,1,0.18181818181818182,35.3,0,3,3,1,3,7,1,0,3.8,0.8,Detrator
401,50401,50,45 a 54 anos,Centro-Oeste,47,25 a 48 meses,516.65,4,1.33,4,9,3,1,0.3333333333333333,26.85,0,1,4,1,11,8,1,0,0.0,0.0,Detrator
402,50402,32,25 a 34 anos,Nordeste,117,Mais de 72 meses,561.91,5,53.76,7,4,2,1,0.5,36.97,0,3,1,1,4,3,1,0,4.2,7.2,Neutro
403,50403,20,Até 24 anos,Sul,32,25 a 48 meses,112.32,3,9.94,1,13,0,0,0.0,27.56,0,1,3,1,10,4,1,0,0.2,5.0,Detrator
405,50405,44,35 a 44 anos,Norte,6,Até 12 meses,190.61,3,0.42,7,14,3,1,0.21428571428571427,28.18,0,3,2,1,8,5,1,0,0.0,2.9,Detrator
406,50406,64,55 a 64 anos,Sudeste,57,49 a 72 meses,200.1,1,109.8,1,9,5,1,0.5555555555555556,44.12,0,1,1,1,2,3,1,0,2.2,0.0,Detrator
408,50408,50,45 a 54 anos,Centro-Oeste,16,13 a 24 meses,307.56,2,7.94,8,5,2,1,0.4,34.88,0,1,1,1,3,3,1,0,3.5,4.9,Detrator
410,50410,50,45 a 54 anos,Norte,71,49 a 72 meses,254.14,6,69.59,7,4,1,1,0.25,55.49,0,3,0,0,9,3,1,0,3.6,6.5,Detrator
411,50411,48,45 a 54 anos,Sudeste,41,25 a 48 meses,957.71,5,19.6,9,2,1,1,0.5,30.54,0,1,1,1,7,4,1,1,3.4,8.2,Neutro
412,50412,21,Até 24 anos,Sul,72,49 a 72 meses,214.86,3,14.55,2,11,2,1,0.18181818181818182,42.34,0,1,1,1,8,5,1,0,1.5,3.2,Detrator
413,50413,49,45 a 54 anos,Centro-Oeste,4,Até 12 meses,414.68,6,35.68,6,7,3,1,0.42857142857142855,31.31,0,2,0,0,4,2,1,0,3.7,5.2,Detrator
414,50414,59,55 a 64 anos,Nordeste,32,25 a 48 meses,221.34,1,47.42,1,12,2,1,0.16666666666666666,28.51,0,1,1,1,5,3,1,0,3.8,5.6,Detrator
415,50415,45,45 a 54 anos,Sudeste,60,49 a 72 meses,621.41,5,66.09,3,4,3,1,0.75,46.54,0,3,3,1,10,6,1,0,0.0,0.0,Detrator
416,50416,33,25 a 34 anos,Norte,51,49 a 72 meses,214.33,5,70.78,2,3,1,1,0.3333333333333333,47.78,0,3,1,1,1,3,1,1,7.2,9.0,Promotor
417,50417,66,65 anos ou mais,Nordeste,25,25 a 48 meses,335.86,6,7.82,5,8,3,1,0.375,38.42,0,1,1,1,3,5,1,0,3.3,4.0,Detrator
418,50418,60,55 a 64 anos,Sul,8,Até 12 meses,411.19,6,50.45,6,7,1,1,0.14285714285714285,29.23,0,2,1,1,8,3,1,0,3.1,4.9,Detrator
419,50419,45,45 a 54 anos,Sudeste,93,Mais de 72 meses,107.12,2,20.84,11,8,2,1,0.25,28.99,0,3,1,1,0,3,1,0,7.1,5.6,Detrator
420,50420,32,25 a 34 anos,Centro-Oeste,76,Mais de 72 meses,787.12,6,98.23,10,10,1,1,0.1,31.21,0,2,1,1,5,4,1,0,4.8,5.8,Detrator
421,50421,65,65 anos ou mais,Norte,20,13 a 24 meses,90.67,5,10.92,4,11,0,0,0.0,39.18,0,3,3,1,1,4,1,0,5.5,5.4,Detrator
422,50422,39,35 a 44 anos,Norte,108,Mais de 72 meses,457.63,5,29.86,9,4,3,1,0.75,46.68,0,1,3,1,6,5,1,0,0.0,0.7,Detrator
423,50423,48,45 a 54 anos,Centro-Oeste,36,25 a 48 meses,581.52,2,12.67,3,12,0,0,0.0,36.44,0,2,1,1,7,3,1,0,5.2,6.6,Detrator
424,50424,38,35 a 44 anos,Norte,72,49 a 72 meses,450.17,3,41.27,5,3,1,1,0.3333333333333333,30.13,0,3,2,1,4,5,1,1,4.0,8.3,Neutro
425,50425,49,45 a 54 anos,Nordeste,105,Mais de 72 meses,297.92,1,4.48,7,4,1,1,0.25,27.89,0,3,1,1,11,5,1,0,1.3,4.4,Detrator
426,50426,24,Até 24 anos,Sul,56,49 a 72 meses,360.68,3,12.87,3,13,2,1,0.15384615384615385,35.39,0,3,1,1,9,2,1,0,2.2,6.3,Detrator
427,50427,50,45 a 54 anos,Norte,22,13 a 24 meses,285.35,6,54.68,7,10,1,1,0.1,37.26,0,1,1,1,3,5,1,1,5.2,8.6,Neutro
428,50428,25,25 a 34 anos,Sudeste,37,25 a 48 meses,683.67,5,7.12,4,3,3,1,1.0,37.46,0,1,1,1,7,7,1,0,1.1,2.5,Detrator
429,50429,31,25 a 34 anos,Nordeste,57,49 a 72 meses,326.43,2,26.4,5,7,3,1,0.42857142857142855,45.24,0,3,0,0,1,4,1,0,6.5,6.9,Detrator
430,50430,42,35 a 44 anos,Sudeste,87,Mais de 72 meses,366.1,1,55.57,5,12,2,1,0.16666666666666666,60.69,0,1,1,1,4,4,1,0,3.3,5.4,Detrator
431,50431,49,45 a 54 anos,Sul,59,49 a 72 meses,440.98,6,26.29,9,4,1,1,0.25,15.56,0,2,2,1,8,5,1,0,2.6,3.3,Detrator
432,50432,45,45 a 54 anos,Sul,19,13 a 24 meses,881.11,4,1.13,4,13,5,1,0.38461538461538464,16.81,0,1,0,0,5,2,1,0,0.8,3.0,Detrator
433,50433,19,Até 24 anos,Norte,69,49 a 72 meses,104.17,2,68.96,2,10,1,1,0.1,39.26,0,1,2,1,7,5,1,0,1.8,4.8,Detrator
434,50434,34,25 a 34 anos,Norte,26,25 a 48 meses,450.67,3,32.51,6,11,0,0,0.0,35.8,0,2,0,0,11,2,1,1,2.5,8.3,Neutro
435,50435,44,35 a 44 anos,Norte,100,Mais de 72 meses,267.66,1,76.87,10,5,3,1,0.6,59.97,0,2,1,1,7,3,1,0,2.1,5.6,Detrator
436,50436,19,Até 24 anos,Nordeste,115,Mais de 72 meses,345.05,5,26.5,6,14,4,1,0.2857142857142857,50.46,0,1,1,1,6,6,1,0,1.0,2.5,Detrator
437,50437,25,25 a 34 anos,Sudeste,57,49 a 72 meses,293.61,3,47.72,11,12,1,1,0.08333333333333333,44.57,0,3,1,1,9,6,1,0,1.8,4.1,Detrator
438,50438,55,55 a 64 anos,Centro-Oeste,65,49 a 72 meses,519.47,4,7.37,3,7,2,1,0.2857142857142857,42.04,0,3,1,1,1,4,1,0,6.6,5.1,Detrator
439,50439,37,35 a 44 anos,Nordeste,9,Até 12 meses,154.25,2,20.45,8,2,1,1,0.5,49.57,0,3,0,0,10,3,1,0,2.5,6.3,Detrator
440,50440,66,65 anos ou mais,Centro-Oeste,33,25 a 48 meses,479.08,4,4.23,2,14,2,1,0.14285714285714285,55.71,0,2,4,1,9,8,1,0,0.0,3.1,Detrator
441,50441,54,45 a 54 anos,Centro-Oeste,31,25 a 48 meses,142.18,3,7.23,2,6,2,1,0.3333333333333333,41.98,0,1,0,0,1,2,1,0,6.9,6.5,Detrator
443,50443,43,35 a 44 anos,Norte,79,Mais de 72 meses,676.82,4,3.68,11,12,6,1,0.5,43.59,0,3,1,1,0,5,1,0,3.4,1.7,Detrator
444,50444,48,45 a 54 anos,Centro-Oeste,62,49 a 72 meses,692.96,1,23.98,9,10,3,1,0.3,3.43,0,3,1,1,5,5,1,0,1.9,3.1,Detrator
445,50445,37,35 a 44 anos,Sudeste,53,49 a 72 meses,259.08,3,75.25,1,4,1,1,0.25,50.81,0,3,2,1,3,7,1,0,6.4,5.7,Detrator
446,50446,23,Até 24 anos,Norte,80,Mais de 72 meses,1915.89,4,37.4,2,8,3,1,0.375,39.64,0,2,2,1,1,5,1,0,4.3,4.1,Detrator
447,50447,67,65 anos ou mais,Sudeste,15,13 a 24 meses,340.13,5,4.8,2,7,0,0,0.0,21.06,0,3,1,1,4,5,1,1,6.6,8.2,Neutro
448,50448,32,25 a 34 anos,Sul,15,13 a 24 meses,361.59,2,23.33,3,12,4,1,0.3333333333333333,38.25,0,2,3,1,6,6,1,0,0.1,2.8,Detrator
449,50449,18,Até 24 anos,Sudeste,31,25 a 48 meses,319.65,3,90.21,11,11,1,1,0.09090909090909091,47.59,0,1,2,1,2,4,1,0,5.9,4.0,Detrator
450,50450,43,35 a 44 anos,Centro-Oeste,46,25 a 48 meses,246.95,2,23.17,8,8,1,1,0.125,18.45,0,2,3,1,9,5,1,0,0.2,0.1,Detrator
451,50451,46,45 a 54 anos,Sul,92,Mais de 72 meses,474.16,2,12.03,2,9,1,1,0.1111111111111111,37.59,0,3,5,1,9,8,1,0,0.0,1.6,Detrator
452,50452,19,Até 24 anos,Centro-Oeste,4,Até 12 meses,198.26,4,19.24,11,6,5,1,0.8333333333333334,37.36,0,2,2,1,7,4,1,0,0.0,0.0,Detrator
454,50454,46,45 a 54 anos,Centro-Oeste,17,13 a 24 meses,348.5,5,16.48,9,8,1,1,0.125,32.81,0,1,1,1,11,3,1,0,0.1,7.2,Neutro
455,50455,26,25 a 34 anos,Sul,24,13 a 24 meses,313.93,4,33.75,5,12,3,1,0.25,53.5,0,1,1,1,4,4,1,0,2.7,2.8,Detrator
456,50456,58,55 a 64 anos,Centro-Oeste,111,Mais de 72 meses,1037.66,6,9.09,3,13,1,1,0.07692307692307693,37.71,0,1,3,1,7,6,1,0,1.4,4.6,Detrator
457,50457,38,35 a 44 anos,Sul,2,Até 12 meses,1003.78,6,8.75,7,13,1,1,0.07692307692307693,20.2,0,3,3,1,3,5,1,0,5.3,2.2,Detrator
458,50458,49,45 a 54 anos,Nordeste,104,Mais de 72 meses,234.6,4,69.5,5,12,3,1,0.25,22.56,0,1,2,1,8,7,1,0,0.0,0.0,Detrator
459,50459,49,45 a 54 anos,Centro-Oeste,117,Mais de 72 meses,128.64,1,2.96,6,7,0,0,0.0,45.96,0,1,1,1,0,3,1,1,8.8,9.5,Promotor
460,50460,64,55 a 64 anos,Sul,18,13 a 24 meses,351.23,6,138.72,7,3,0,0,0.0,36.76,0,3,2,1,11,3,1,0,0.4,5.6,Detrator
461,50461,61,55 a 64 anos,Sul,67,49 a 72 meses,479.87,3,26.22,2,2,2,1,1.0,39.5,0,2,1,1,0,4,1,0,6.9,6.3,Detrator
462,50462,57,55 a 64 anos,Sul,48,25 a 48 meses,222.5,3,48.65,6,9,5,1,0.5555555555555556,48.83,0,2,6,1,3,10,1,0,0.0,0.0,Detrator
463,50463,43,35 a 44 anos,Sul,113,Mais de 72 meses,277.63,2,29.58,4,8,0,0,0.0,39.39,0,3,0,0,3,0,0,1,6.8,8.0,Neutro
464,50464,65,65 anos ou mais,Centro-Oeste,67,49 a 72 meses,313.59,2,62.78,10,7,4,1,0.5714285714285714,55.04,0,3,2,1,9,4,1,0,0.0,0.3,Detrator
465,50465,30,25 a 34 anos,Norte,64,49 a 72 meses,781.84,2,31.86,8,2,1,1,0.5,34.44,0,1,2,1,4,3,1,1,5.1,10.0,Promotor
466,50466,20,Até 24 anos,Sudeste,2,Até 12 meses,165.13,2,9.41,4,11,6,1,0.5454545454545454,29.83,0,3,3,1,6,7,1,0,0.0,0.0,Detrator
467,50467,49,45 a 54 anos,Sul,113,Mais de 72 meses,1022.48,2,11.18,6,6,1,1,0.16666666666666666,50.58,0,1,0,0,6,3,1,0,4.7,5.2,Detrator
468,50468,50,45 a 54 anos,Norte,100,Mais de 72 meses,90.48,6,18.36,9,14,2,1,0.14285714285714285,52.33,0,1,1,1,7,4,1,0,1.2,2.9,Detrator
469,50469,50,45 a 54 anos,Centro-Oeste,21,13 a 24 meses,916.97,1,55.2,8,3,1,1,0.3333333333333333,43.57,0,1,0,0,11,2,1,0,2.2,5.0,Detrator
470,50470,59,55 a 64 anos,Nordeste,37,25 a 48 meses,43.03,6,9.33,9,10,2,1,0.2,33.01,0,1,3,1,2,4,1,1,3.4,8.0,Neutro
471,50471,59,55 a 64 anos,Sul,71,49 a 72 meses,254.47,5,8.47,2,13,4,1,0.3076923076923077,21.93,0,2,4,1,2,6,1,0,0.8,0.0,Detrator
472,50472,30,25 a 34 anos,Norte,88,Mais de 72 meses,96.59,4,0.86,7,6,1,1,0.16666666666666666,20.04,0,2,1,1,1,4,1,0,7.0,3.3,Detrator
473,50473,60,55 a 64 anos,Norte,87,Mais de 72 meses,294.96,5,31.05,11,2,1,1,0.5,20.47,0,2,1,1,8,3,1,0,2.3,3.9,Detrator
474,50474,23,Até 24 anos,Nordeste,4,Até 12 meses,504.76,1,5.16,6,14,4,1,0.2857142857142857,51.09,0,1,2,1,3,5,1,0,2.0,0.0,Detrator
475,50475,21,Até 24 anos,Norte,46,25 a 48 meses,262.34,6,2.51,11,11,4,1,0.36363636363636365,41.05,0,2,2,1,3,8,1,0,2.0,3.0,Detrator
476,50476,55,55 a 64 anos,Norte,2,Até 12 meses,696.22,3,111.88,6,14,1,1,0.07142857142857142,40.51,0,1,2,1,3,6,1,0,5.9,3.0,Detrator
477,50477,23,Até 24 anos,Sudeste,106,Mais de 72 meses,286.17,5,4.5,2,7,2,1,0.2857142857142857,33.71,0,2,1,1,6,4,1,0,3.0,5.5,Detrator
478,50478,68,65 anos ou mais,Centro-Oeste,108,Mais de 72 meses,318.46,4,57.31,2,5,4,1,0.8,17.35,0,3,3,1,5,6,1,0,0.0,0.0,Detrator
479,50479,20,Até 24 anos,Nordeste,1,Até 12 meses,802.7,2,27.14,8,10,3,1,0.3,42.35,0,2,1,1,5,4,1,0,3.8,1.5,Detrator
480,50480,44,35 a 44 anos,Sul,119,Mais de 72 meses,289.32,5,0.59,11,11,0,0,0.0,65.26,0,2,0,0,5,0,0,1,8.1,10.0,Promotor
482,50482,37,35 a 44 anos,Sul,47,25 a 48 meses,147.41,4,68.04,8,4,2,1,0.5,19.83,0,2,1,1,3,3,1,0,3.7,4.6,Detrator
483,50483,35,35 a 44 anos,Sudeste,99,Mais de 72 meses,372.07,3,102.71,3,8,3,1,0.375,48.48,0,1,5,1,8,7,1,0,0.0,2.8,Detrator
484,50484,37,35 a 44 anos,Norte,42,25 a 48 meses,133.12,5,17.22,10,3,0,0,0.0,47.17,0,1,1,1,1,3,1,1,7.9,8.4,Neutro
485,50485,47,45 a 54 anos,Nordeste,13,13 a 24 meses,538.64,6,34.79,5,4,4,1,1.0,47.44,0,3,0,0,0,2,1,0,6.3,4.4,Detrator
486,50486,27,25 a 34 anos,Sudeste,20,13 a 24 meses,600.53,5,7.27,7,10,5,1,0.5,31.03,0,1,0,0,7,3,1,0,0.5,5.8,Detrator
487,50487,69,65 anos ou mais,Norte,78,Mais de 72 meses,178.72,5,47.03,4,9,1,1,0.1111111111111111,26.82,0,3,3,1,2,8,1,0,4.3,5.3,Detrator
488,50488,40,35 a 44 anos,Sudeste,70,49 a 72 meses,242.19,3,4.28,10,13,3,1,0.23076923076923078,52.39,0,2,2,1,8,5,1,0,0.0,0.0,Detrator
489,50489,64,55 a 64 anos,Centro-Oeste,42,25 a 48 meses,207.79,2,7.54,1,6,4,1,0.6666666666666666,39.99,0,2,0,0,0,1,1,0,5.2,7.0,Neutro
490,50490,20,Até 24 anos,Nordeste,63,49 a 72 meses,480.86,6,78.88,5,9,1,1,0.1111111111111111,53.38,0,2,3,1,7,6,1,0,1.8,2.9,Detrator
491,50491,69,65 anos ou mais,Centro-Oeste,84,Mais de 72 meses,526.69,1,0.11,11,14,2,1,0.14285714285714285,30.87,0,2,2,1,10,5,1,0,0.0,4.0,Detrator
492,50492,67,65 anos ou mais,Sul,30,25 a 48 meses,201.89,1,28.45,4,7,0,0,0.0,26.2,0,3,1,1,10,1,1,1,3.4,10.0,Promotor
493,50493,26,25 a 34 anos,Centro-Oeste,82,Mais de 72 meses,282.08,3,28.8,8,4,4,1,1.0,35.88,0,1,2,1,10,5,1,0,0.0,1.9,Detrator
494,50494,66,65 anos ou mais,Norte,1,Até 12 meses,180.06,2,14.57,1,12,4,1,0.3333333333333333,46.81,0,1,0,0,8,3,1,0,1.0,4.6,Detrator
495,50495,36,35 a 44 anos,Sul,74,Mais de 72 meses,347.39,4,69.59,10,14,1,1,0.07142857142857142,50.03,0,2,0,0,4,1,1,1,5.5,10.0,Promotor
496,50496,53,45 a 54 anos,Sul,64,49 a 72 meses,336.22,1,12.01,6,6,0,0,0.0,57.32,0,1,0,0,10,2,1,1,2.7,8.5,Neutro
497,50497,57,55 a 64 anos,Sul,97,Mais de 72 meses,473.06,6,2.08,7,7,3,1,0.42857142857142855,36.13,0,1,0,0,0,3,1,0,6.7,2.2,Detrator
499,50499,59,55 a 64 anos,Sul,116,Mais de 72 meses,357.75,4,11.4,4,5,1,1,0.2,44.72,0,2,2,1,4,6,1,0,5.0,5.7,Detrator
500,50500,45,45 a 54 anos,Centro-Oeste,26,25 a 48 meses,683.05,3,4.17,4,5,3,1,0.6,5.95,0,2,1,1,7,6,1,0,1.3,2.4,Detrator
501,50501,60,55 a 64 anos,Sul,62,49 a 72 meses,414.12,2,20.7,2,12,1,1,0.08333333333333333,41.65,0,3,2,1,10,5,1,0,0.7,3.2,Detrator
502,50502,68,65 anos ou mais,Nordeste,11,Até 12 meses,639.88,4,73.96,4,9,2,1,0.2222222222222222,44.13,0,3,4,1,10,8,1,0,0.0,0.0,Detrator
503,50503,25,25 a 34 anos,Sudeste,37,25 a 48 meses,427.0,2,18.75,1,12,3,1,0.25,37.03,0,1,2,1,3,5,1,0,2.7,0.9,Detrator
504,50504,59,55 a 64 anos,Nordeste,28,25 a 48 meses,182.5,3,64.83,2,6,3,1,0.5,43.46,0,1,2,1,6,4,1,0,0.3,4.4,Detrator
505,50505,65,65 anos ou mais,Nordeste,103,Mais de 72 meses,338.61,3,40.24,3,9,3,1,0.3333333333333333,26.41,0,1,4,1,7,7,1,0,0.0,0.0,Detrator
506,50506,25,25 a 34 anos,Centro-Oeste,3,Até 12 meses,357.82,3,23.43,4,5,2,1,0.4,39.02,0,2,2,1,11,5,1,0,0.0,4.0,Detrator
507,50507,35,35 a 44 anos,Sudeste,49,49 a 72 meses,273.16,3,11.66,7,4,2,1,0.5,45.19,0,3,1,1,4,2,1,0,3.7,6.1,Detrator
509,50509,63,55 a 64 anos,Sul,32,25 a 48 meses,106.57,3,8.71,6,5,2,1,0.4,66.44,0,3,2,1,8,5,1,0,0.1,2.1,Detrator
510,50510,30,25 a 34 anos,Sul,117,Mais de 72 meses,520.24,2,31.98,8,3,3,1,1.0,18.01,0,3,4,1,0,10,1,0,2.2,4.2,Detrator
511,50511,44,35 a 44 anos,Centro-Oeste,17,13 a 24 meses,317.4,2,34.87,2,14,0,0,0.0,34.84,0,1,1,1,8,1,1,0,3.3,6.9,Detrator
513,50513,57,55 a 64 anos,Sudeste,119,Mais de 72 meses,991.18,3,35.39,2,7,2,1,0.2857142857142857,33.73,0,2,0,0,6,4,1,0,3.6,3.3,Detrator
514,50514,33,25 a 34 anos,Nordeste,47,25 a 48 meses,395.12,3,141.22,11,10,2,1,0.2,48.55,0,3,1,1,6,4,1,0,3.5,3.3,Detrator
515,50515,57,55 a 64 anos,Sul,31,25 a 48 meses,703.68,3,12.83,10,11,2,1,0.18181818181818182,49.9,0,1,1,1,9,4,1,0,0.6,6.4,Detrator
516,50516,26,25 a 34 anos,Sudeste,99,Mais de 72 meses,625.83,1,143.92,9,4,3,1,0.75,29.42,0,2,0,0,2,4,1,0,4.9,3.6,Detrator
517,50517,44,35 a 44 anos,Centro-Oeste,9,Até 12 meses,273.49,5,5.72,9,9,2,1,0.2222222222222222,31.93,0,1,1,1,3,5,1,0,5.2,4.8,Detrator
518,50518,34,25 a 34 anos,Nordeste,66,49 a 72 meses,165.88,3,19.29,5,11,3,1,0.2727272727272727,41.46,0,3,0,0,9,3,1,0,0.3,7.8,Neutro
519,50519,20,Até 24 anos,Centro-Oeste,74,Mais de 72 meses,507.91,6,6.15,3,9,3,1,0.3333333333333333,36.67,0,3,1,1,7,5,1,0,1.9,0.0,Detrator
520,50520,21,Até 24 anos,Nordeste,26,25 a 48 meses,590.92,4,19.14,3,7,1,1,0.14285714285714285,32.13,0,3,1,1,3,4,1,0,6.0,3.3,Detrator
521,50521,57,55 a 64 anos,Nordeste,82,Mais de 72 meses,404.04,2,3.03,4,14,3,1,0.21428571428571427,37.29,0,1,0,0,6,5,1,0,3.0,4.2,Detrator
523,50523,18,Até 24 anos,Centro-Oeste,113,Mais de 72 meses,127.93,1,20.8,9,14,3,1,0.21428571428571427,27.08,0,2,2,1,0,5,1,0,4.1,5.6,Detrator
524,50524,31,25 a 34 anos,Sudeste,95,Mais de 72 meses,817.01,2,30.9,6,3,0,0,0.0,49.14,0,3,2,1,1,4,1,0,6.6,5.6,Detrator
525,50525,25,25 a 34 anos,Sudeste,16,13 a 24 meses,292.71,1,1.89,1,13,3,1,0.23076923076923078,39.35,0,1,2,1,2,3,1,0,3.4,7.2,Neutro
526,50526,24,Até 24 anos,Sul,26,25 a 48 meses,135.14,6,0.43,9,14,0,0,0.0,46.39,0,1,4,1,10,6,1,0,0.0,4.7,Detrator
527,50527,47,45 a 54 anos,Norte,76,Mais de 72 meses,93.2,6,10.29,6,3,3,1,1.0,46.24,0,2,1,1,4,3,1,0,2.2,4.2,Detrator
528,50528,42,35 a 44 anos,Nordeste,105,Mais de 72 meses,249.4,4,19.76,3,14,3,1,0.21428571428571427,12.01,0,2,1,1,3,4,1,0,3.6,2.8,Detrator
529,50529,56,55 a 64 anos,Nordeste,73,Mais de 72 meses,233.09,5,5.39,6,9,3,1,0.3333333333333333,51.56,0,2,4,1,5,6,1,0,0.0,0.0,Detrator
530,50530,33,25 a 34 anos,Sudeste,55,49 a 72 meses,569.36,2,1.09,9,7,1,1,0.14285714285714285,21.15,0,1,0,0,11,1,1,1,2.0,10.0,Promotor
531,50531,28,25 a 34 anos,Sudeste,55,49 a 72 meses,455.69,3,36.24,8,12,3,1,0.25,25.01,0,2,4,1,9,7,1,0,0.0,0.0,Detrator
532,50532,42,35 a 44 anos,Norte,30,25 a 48 meses,538.87,2,2.64,1,8,5,1,0.625,60.65,0,3,1,1,6,3,1,0,0.7,2.4,Detrator
533,50533,50,45 a 54 anos,Centro-Oeste,26,25 a 48 meses,267.78,2,12.37,4,3,0,0,0.0,31.34,0,2,2,1,5,3,1,0,5.3,6.8,Detrator
534,50534,69,65 anos ou mais,Norte,47,25 a 48 meses,270.58,1,0.39,11,14,5,1,0.35714285714285715,36.89,0,3,0,0,7,1,1,0,0.0,6.3,Detrator
535,50535,68,65 anos ou mais,Centro-Oeste,102,Mais de 72 meses,626.65,5,0.66,1,5,1,1,0.2,23.72,0,3,0,0,0,2,1,1,9.4,9.5,Promotor
536,50536,65,65 anos ou mais,Centro-Oeste,111,Mais de 72 meses,170.67,2,0.48,3,9,2,1,0.2222222222222222,42.01,0,2,1,1,2,3,1,0,5.4,3.8,Detrator
537,50537,38,35 a 44 anos,Sul,118,Mais de 72 meses,44.51,2,19.24,7,8,2,1,0.25,43.36,0,1,1,1,6,3,1,0,3.7,3.9,Detrator
538,50538,69,65 anos ou mais,Sul,50,49 a 72 meses,232.4,1,14.26,2,4,1,1,0.25,38.3,0,3,1,1,8,2,1,1,3.3,8.2,Neutro
539,50539,69,65 anos ou mais,Centro-Oeste,58,49 a 72 meses,95.55,2,0.71,1,3,1,1,0.3333333333333333,36.32,0,1,2,1,2,6,1,0,5.2,5.2,Detrator
540,50540,27,25 a 34 anos,Centro-Oeste,9,Até 12 meses,881.32,5,8.6,10,5,4,1,0.8,45.78,0,1,2,1,3,5,1,0,2.0,5.6,Detrator
541,50541,67,65 anos ou mais,Centro-Oeste,43,25 a 48 meses,874.09,3,4.7,7,2,0,0,0.0,30.5,0,1,1,1,8,2,1,0,3.4,5.5,Detrator
542,50542,26,25 a 34 anos,Norte,73,Mais de 72 meses,374.93,3,54.23,1,7,5,1,0.7142857142857143,37.95,0,1,1,1,11,6,1,0,0.0,1.7,Detrator
543,50543,18,Até 24 anos,Sul,99,Mais de 72 meses,132.19,5,23.5,3,7,2,1,0.2857142857142857,38.18,0,2,2,1,9,6,1,0,0.0,2.5,Detrator
544,50544,51,45 a 54 anos,Norte,11,Até 12 meses,198.35,2,24.65,6,11,4,1,0.36363636363636365,48.14,0,2,1,1,7,3,1,0,0.3,3.5,Detrator
545,50545,48,45 a 54 anos,Sul,66,49 a 72 meses,399.94,3,12.48,7,4,0,0,0.0,32.3,0,1,2,1,0,3,1,0,7.5,4.0,Detrator
546,50546,38,35 a 44 anos,Nordeste,94,Mais de 72 meses,337.17,4,4.47,2,10,1,1,0.1,56.28,0,3,3,1,4,5,1,0,3.1,4.3,Detrator
547,50547,41,35 a 44 anos,Nordeste,101,Mais de 72 meses,187.27,2,10.62,5,6,2,1,0.3333333333333333,37.77,0,1,1,1,9,4,1,0,1.6,3.3,Detrator
548,50548,36,35 a 44 anos,Sudeste,115,Mais de 72 meses,437.82,2,37.85,8,6,3,1,0.5,55.64,0,3,0,0,3,2,1,0,3.5,4.7,Detrator
549,50549,65,65 anos ou mais,Sul,42,25 a 48 meses,325.39,2,23.91,4,4,0,0,0.0,31.52,0,1,0,0,11,1,1,0,3.5,6.0,Detrator
550,50550,38,35 a 44 anos,Sul,112,Mais de 72 meses,697.48,3,25.55,6,14,2,1,0.14285714285714285,16.68,0,1,2,1,11,4,1,0,0.0,0.6,Detrator
551,50551,42,35 a 44 anos,Centro-Oeste,51,49 a 72 meses,711.66,5,61.1,5,7,4,1,0.5714285714285714,30.14,0,3,1,1,6,4,1,0,0.8,5.2,Detrator
552,50552,37,35 a 44 anos,Sudeste,49,49 a 72 meses,721.41,6,9.43,7,2,2,1,1.0,63.28,0,1,1,1,10,4,1,0,1.3,3.4,Detrator
553,50553,43,35 a 44 anos,Nordeste,53,49 a 72 meses,101.0,5,12.18,2,14,2,1,0.14285714285714285,40.28,0,2,1,1,9,5,1,0,1.8,4.1,Detrator
554,50554,24,Até 24 anos,Nordeste,118,Mais de 72 meses,123.01,5,73.36,9,14,2,1,0.14285714285714285,42.62,0,2,0,0,5,3,1,0,3.8,5.8,Detrator
555,50555,20,Até 24 anos,Norte,61,49 a 72 meses,370.21,3,24.93,10,7,1,1,0.14285714285714285,41.49,0,3,2,1,2,5,1,1,6.3,8.9,Neutro
556,50556,57,55 a 64 anos,Nordeste,90,Mais de 72 meses,122.34,4,44.0,6,6,2,1,0.3333333333333333,25.19,0,2,1,1,6,3,1,0,2.9,6.1,Detrator
557,50557,65,65 anos ou mais,Norte,57,49 a 72 meses,540.55,2,22.89,9,9,1,1,0.1111111111111111,48.24,0,3,1,1,7,3,1,0,4.0,4.3,Detrator
558,50558,25,25 a 34 anos,Norte,105,Mais de 72 meses,240.45,2,48.0,4,14,1,1,0.07142857142857142,37.37,0,3,0,0,6,5,1,0,4.7,5.5,Detrator
559,50559,47,45 a 54 anos,Norte,76,Mais de 72 meses,1183.03,2,13.32,2,4,3,1,0.75,25.1,0,3,1,1,1,4,1,0,4.8,2.7,Detrator
560,50560,28,25 a 34 anos,Nordeste,42,25 a 48 meses,140.84,2,78.2,11,5,1,1,0.2,38.3,0,3,3,1,0,6,1,0,5.3,7.3,Neutro
561,50561,25,25 a 34 anos,Sul,23,13 a 24 meses,338.87,3,12.58,8,13,2,1,0.15384615384615385,20.36,0,2,1,1,2,3,1,0,6.0,4.6,Detrator
562,50562,54,45 a 54 anos,Centro-Oeste,33,25 a 48 meses,237.49,4,58.24,7,13,3,1,0.23076923076923078,50.09,0,3,2,1,9,5,1,0,0.0,3.5,Detrator
563,50563,34,25 a 34 anos,Centro-Oeste,111,Mais de 72 meses,393.63,5,24.65,9,5,4,1,0.8,43.96,0,3,2,1,0,8,1,0,4.5,3.2,Detrator
564,50564,25,25 a 34 anos,Norte,39,25 a 48 meses,1013.75,1,47.75,10,8,2,1,0.25,14.48,0,1,1,1,1,2,1,0,6.5,6.3,Detrator
565,50565,64,55 a 64 anos,Sul,58,49 a 72 meses,587.45,4,100.47,7,14,3,1,0.21428571428571427,30.05,0,1,1,1,1,4,1,0,5.8,4.6,Detrator
566,50566,61,55 a 64 anos,Sudeste,38,25 a 48 meses,447.5,5,24.81,6,7,2,1,0.2857142857142857,44.85,0,3,2,1,4,5,1,0,3.3,4.9,Detrator
567,50567,47,45 a 54 anos,Nordeste,18,13 a 24 meses,463.71,3,9.89,4,5,0,0,0.0,17.21,0,3,1,1,7,3,1,0,4.2,5.9,Detrator
568,50568,60,55 a 64 anos,Nordeste,89,Mais de 72 meses,461.83,2,14.02,7,6,3,1,0.5,29.26,0,1,6,1,4,8,1,0,0.0,0.0,Detrator
569,50569,60,55 a 64 anos,Centro-Oeste,97,Mais de 72 meses,470.16,6,40.43,11,10,3,1,0.3,54.07,0,1,1,1,0,5,1,0,6.5,5.8,Detrator
570,50570,33,25 a 34 anos,Norte,108,Mais de 72 meses,802.93,1,7.01,8,7,1,1,0.14285714285714285,30.57,0,2,2,1,3,5,1,0,5.7,6.9,Detrator
571,50571,21,Até 24 anos,Sul,94,Mais de 72 meses,376.56,4,32.82,9,12,0,0,0.0,25.85,0,2,0,0,11,0,0,1,2.3,8.8,Neutro
572,50572,38,35 a 44 anos,Sul,50,49 a 72 meses,755.61,1,10.68,9,3,2,1,0.6666666666666666,37.91,0,2,3,1,11,5,1,0,0.0,0.0,Detrator
573,50573,67,65 anos ou mais,Nordeste,40,25 a 48 meses,201.55,4,7.05,11,7,1,1,0.14285714285714285,34.9,0,1,0,0,0,3,1,0,8.0,6.1,Detrator
574,50574,51,45 a 54 anos,Sul,75,Mais de 72 meses,429.31,4,50.38,6,12,1,1,0.08333333333333333,40.03,0,1,1,1,11,3,1,0,1.4,5.0,Detrator
575,50575,57,55 a 64 anos,Sul,119,Mais de 72 meses,234.33,4,2.0,7,9,4,1,0.4444444444444444,17.68,0,3,1,1,3,4,1,0,2.9,6.8,Detrator
576,50576,52,45 a 54 anos,Nordeste,70,49 a 72 meses,70.01,1,29.14,11,12,0,0,0.0,44.01,0,2,2,1,4,3,1,0,5.0,6.8,Detrator
577,50577,30,25 a 34 anos,Sul,106,Mais de 72 meses,34.27,5,0.98,2,14,1,1,0.07142857142857142,28.06,0,3,1,1,10,3,1,0,1.7,5.6,Detrator
578,50578,60,55 a 64 anos,Sul,74,Mais de 72 meses,511.22,6,12.99,11,8,1,1,0.125,47.68,0,2,0,0,10,1,1,0,1.7,6.2,Detrator
579,50579,44,35 a 44 anos,Centro-Oeste,67,49 a 72 meses,237.97,4,8.39,6,14,3,1,0.21428571428571427,30.49,0,2,1,1,2,5,1,0,4.8,6.2,Detrator
580,50580,25,25 a 34 anos,Nordeste,58,49 a 72 meses,288.81,4,29.89,6,9,0,0,0.0,44.0,0,1,2,1,5,4,1,0,4.0,5.0,Detrator
581,50581,58,55 a 64 anos,Norte,46,25 a 48 meses,88.14,5,32.4,1,14,1,1,0.07142857142857142,37.58,0,1,4,1,9,8,1,0,0.5,4.4,Detrator
582,50582,59,55 a 64 anos,Norte,92,Mais de 72 meses,797.77,1,27.19,6,9,4,1,0.4444444444444444,44.07,0,1,0,0,1,3,1,0,5.2,3.9,Detrator
583,50583,46,45 a 54 anos,Centro-Oeste,104,Mais de 72 meses,151.8,5,17.69,6,3,0,0,0.0,51.33,0,2,3,1,0,5,1,0,6.9,6.4,Detrator
584,50584,33,25 a 34 anos,Nordeste,46,25 a 48 meses,439.41,4,0.95,2,2,1,1,0.5,16.95,0,3,3,1,11,6,1,0,0.0,4.3,Detrator
585,50585,60,55 a 64 anos,Centro-Oeste,99,Mais de 72 meses,670.5,5,14.19,7,12,4,1,0.3333333333333333,27.37,0,3,2,1,1,4,1,0,2.9,0.0,Detrator
586,50586,63,55 a 64 anos,Norte,66,49 a 72 meses,545.98,5,18.22,2,2,2,1,1.0,42.4,0,3,2,1,8,3,1,0,1.6,6.4,Detrator
587,50587,22,Até 24 anos,Nordeste,17,13 a 24 meses,629.21,3,4.53,7,8,4,1,0.5,41.62,0,2,2,1,1,4,1,0,3.3,4.1,Detrator
588,50588,54,45 a 54 anos,Nordeste,68,49 a 72 meses,1060.85,6,9.41,6,7,1,1,0.14285714285714285,40.87,0,3,3,1,1,5,1,0,5.3,7.9,Neutro
589,50589,57,55 a 64 anos,Centro-Oeste,41,25 a 48 meses,302.19,2,5.25,5,6,3,1,0.5,55.06,0,1,1,1,2,3,1,0,5.7,3.0,Detrator
590,50590,57,55 a 64 anos,Nordeste,116,Mais de 72 meses,149.04,3,5.27,10,11,0,0,0.0,24.78,0,2,0,0,11,2,1,0,2.8,5.5,Detrator
591,50591,59,55 a 64 anos,Nordeste,59,49 a 72 meses,578.24,4,17.71,11,5,0,0,0.0,35.58,0,3,3,1,8,5,1,0,1.8,6.6,Detrator
592,50592,27,25 a 34 anos,Sul,99,Mais de 72 meses,107.11,1,52.64,2,10,3,1,0.3,44.49,0,1,1,1,7,3,1,0,0.6,6.1,Detrator
593,50593,32,25 a 34 anos,Norte,112,Mais de 72 meses,572.3,4,21.25,8,10,4,1,0.4,36.76,0,2,2,1,2,5,1,0,1.7,3.9,Detrator
594,50594,38,35 a 44 anos,Sudeste,11,Até 12 meses,344.19,4,113.73,5,10,1,1,0.1,56.66,0,1,3,1,11,7,1,0,0.0,2.0,Detrator
595,50595,51,45 a 54 anos,Centro-Oeste,53,49 a 72 meses,409.77,6,8.23,3,5,5,1,1.0,43.93,0,2,1,1,10,3,1,0,0.0,0.2,Detrator
596,50596,39,35 a 44 anos,Sul,35,25 a 48 meses,544.91,1,17.71,8,11,5,1,0.45454545454545453,60.58,0,3,4,1,6,9,1,0,0.0,0.0,Detrator
597,50597,39,35 a 44 anos,Nordeste,6,Até 12 meses,355.75,5,26.1,8,11,4,1,0.36363636363636365,33.54,0,3,0,0,3,5,1,0,3.3,3.3,Detrator
598,50598,26,25 a 34 anos,Sudeste,3,Até 12 meses,255.95,4,58.47,5,12,2,1,0.16666666666666666,38.37,0,3,1,1,4,4,1,0,5.1,4.2,Detrator
599,50599,43,35 a 44 anos,Nordeste,41,25 a 48 meses,984.67,1,9.23,9,7,2,1,0.2857142857142857,47.73,0,3,1,1,9,6,1,0,1.2,1.8,Detrator
600,50600,30,25 a 34 anos,Sudeste,115,Mais de 72 meses,446.05,1,8.72,5,13,3,1,0.23076923076923078,10.23,0,3,2,1,2,5,1,0,3.4,3.4,Detrator
601,50601,35,35 a 44 anos,Centro-Oeste,11,Até 12 meses,615.64,4,8.66,4,3,2,1,0.6666666666666666,26.44,0,3,1,1,11,3,1,0,0.0,1.6,Detrator
602,50602,18,Até 24 anos,Centro-Oeste,84,Mais de 72 meses,279.65,6,15.36,8,8,3,1,0.375,19.07,0,1,0,0,3,3,1,0,5.0,4.9,Detrator
603,50603,40,35 a 44 anos,Nordeste,49,49 a 72 meses,253.74,4,16.22,6,12,5,1,0.4166666666666667,24.61,0,3,1,1,11,3,1,0,0.0,2.4,Detrator
604,50604,50,45 a 54 anos,Norte,70,49 a 72 meses,839.51,3,7.81,9,10,1,1,0.1,33.86,0,1,0,0,9,3,1,0,2.9,5.4,Detrator
605,50605,64,55 a 64 anos,Nordeste,61,49 a 72 meses,981.65,2,11.46,8,8,2,1,0.25,33.33,0,3,2,1,2,4,1,0,4.4,5.4,Detrator
606,50606,48,45 a 54 anos,Sudeste,13,13 a 24 meses,522.52,5,22.67,10,4,1,1,0.25,23.65,0,3,0,0,0,2,1,1,9.2,10.0,Promotor
607,50607,38,35 a 44 anos,Sul,1,Até 12 meses,555.58,6,11.69,10,11,1,1,0.09090909090909091,41.86,0,1,0,0,10,4,1,0,1.5,0.2,Detrator
608,50608,40,35 a 44 anos,Norte,25,25 a 48 meses,140.08,3,34.02,6,9,3,1,0.3333333333333333,46.82,0,3,2,1,9,4,1,0,0.0,0.4,Detrator
609,50609,33,25 a 34 anos,Sudeste,82,Mais de 72 meses,393.87,6,88.01,3,12,4,1,0.3333333333333333,42.82,0,2,0,0,5,2,1,0,2.3,3.7,Detrator
610,50610,44,35 a 44 anos,Norte,48,25 a 48 meses,206.81,4,53.71,3,7,1,1,0.14285714285714285,33.61,0,3,3,1,11,7,1,0,0.0,2.4,Detrator
611,50611,54,45 a 54 anos,Norte,20,13 a 24 meses,496.11,6,101.13,9,11,6,1,0.5454545454545454,29.64,0,1,2,1,4,5,1,0,0.1,2.1,Detrator
612,50612,55,55 a 64 anos,Centro-Oeste,95,Mais de 72 meses,579.14,1,42.46,9,6,1,1,0.16666666666666666,30.62,0,2,2,1,8,4,1,0,2.2,7.7,Neutro
613,50613,69,65 anos ou mais,Norte,93,Mais de 72 meses,683.92,1,11.75,11,5,1,1,0.2,46.89,0,2,1,1,2,7,1,0,7.6,5.4,Detrator
614,50614,31,25 a 34 anos,Centro-Oeste,60,49 a 72 meses,366.07,6,14.83,3,3,3,1,1.0,33.67,0,2,3,1,10,6,1,0,0.0,1.3,Detrator
615,50615,54,45 a 54 anos,Sul,70,49 a 72 meses,193.66,2,145.81,7,11,2,1,0.18181818181818182,43.48,0,3,1,1,3,3,1,0,4.5,4.7,Detrator
616,50616,64,55 a 64 anos,Norte,3,Até 12 meses,1204.83,6,0.94,10,4,3,1,0.75,25.72,0,2,1,1,3,4,1,0,4.2,4.2,Detrator
617,50617,24,Até 24 anos,Sul,89,Mais de 72 meses,1235.83,6,44.18,8,12,2,1,0.16666666666666666,56.66,0,3,1,1,3,4,1,1,4.9,8.8,Neutro
618,50618,29,25 a 34 anos,Nordeste,102,Mais de 72 meses,297.68,4,55.26,7,12,2,1,0.16666666666666666,55.3,0,2,1,1,4,3,1,0,4.0,2.2,Detrator
619,50619,45,45 a 54 anos,Norte,26,25 a 48 meses,144.9,2,31.47,9,13,2,1,0.15384615384615385,30.39,0,1,1,1,11,4,1,0,0.6,5.8,Detrator
620,50620,20,Até 24 anos,Norte,6,Até 12 meses,809.01,6,30.3,3,14,3,1,0.21428571428571427,45.6,0,1,1,1,7,4,1,0,0.6,5.2,Detrator
621,50621,39,35 a 44 anos,Sudeste,62,49 a 72 meses,143.57,5,75.76,6,2,2,1,1.0,52.09,0,2,1,1,11,4,1,0,0.0,2.6,Detrator
622,50622,68,65 anos ou mais,Nordeste,81,Mais de 72 meses,319.77,2,130.87,2,12,4,1,0.3333333333333333,20.62,0,2,3,1,11,5,1,0,0.0,2.1,Detrator
623,50623,38,35 a 44 anos,Norte,32,25 a 48 meses,584.26,4,197.07,11,3,3,1,1.0,30.05,0,2,0,0,0,2,1,0,5.9,6.0,Detrator
624,50624,46,45 a 54 anos,Nordeste,95,Mais de 72 meses,203.81,6,27.65,7,5,2,1,0.4,26.61,0,2,0,0,3,4,1,0,6.0,4.9,Detrator
625,50625,37,35 a 44 anos,Nordeste,52,49 a 72 meses,409.61,3,2.29,4,9,1,1,0.1111111111111111,20.85,0,3,2,1,1,4,1,0,5.8,6.3,Detrator
626,50626,20,Até 24 anos,Centro-Oeste,80,Mais de 72 meses,445.99,4,1.42,9,6,4,1,0.6666666666666666,37.85,0,3,2,1,6,4,1,0,0.8,2.6,Detrator
628,50628,38,35 a 44 anos,Sudeste,52,49 a 72 meses,486.84,5,25.31,3,11,2,1,0.18181818181818182,51.33,0,3,2,1,0,5,1,0,5.8,5.5,Detrator
629,50629,58,55 a 64 anos,Sul,2,Até 12 meses,138.61,1,34.09,1,7,3,1,0.42857142857142855,39.34,0,3,1,1,8,6,1,0,0.2,4.1,Detrator
630,50630,50,45 a 54 anos,Norte,10,Até 12 meses,345.45,5,37.84,3,12,2,1,0.16666666666666666,32.45,0,1,2,1,3,5,1,0,3.7,6.5,Detrator
631,50631,47,45 a 54 anos,Centro-Oeste,52,49 a 72 meses,189.76,3,107.58,2,4,1,1,0.25,32.21,0,2,1,1,0,5,1,0,7.5,5.3,Detrator
632,50632,65,65 anos ou mais,Nordeste,50,49 a 72 meses,372.11,6,17.22,10,13,3,1,0.23076923076923078,51.74,0,3,3,1,2,6,1,0,2.8,2.7,Detrator
633,50633,56,55 a 64 anos,Norte,75,Mais de 72 meses,152.23,2,0.44,8,8,0,0,0.0,41.72,0,2,3,1,8,5,1,0,2.0,5.6,Detrator
634,50634,58,55 a 64 anos,Sudeste,11,Até 12 meses,71.39,4,4.12,10,10,4,1,0.4,41.94,0,2,1,1,5,4,1,0,2.4,5.2,Detrator
635,50635,26,25 a 34 anos,Sul,37,25 a 48 meses,253.83,3,17.24,2,11,1,1,0.09090909090909091,25.93,0,2,1,1,10,3,1,0,1.5,6.3,Detrator
636,50636,65,65 anos ou mais,Centro-Oeste,8,Até 12 meses,357.25,4,4.83,10,12,2,1,0.16666666666666666,41.41,0,3,3,1,11,6,1,0,0.0,1.7,Detrator
637,50637,55,55 a 64 anos,Norte,68,49 a 72 meses,384.16,1,25.68,3,2,0,0,0.0,53.81,0,1,1,1,8,3,1,0,3.8,7.8,Neutro
638,50638,40,35 a 44 anos,Norte,34,25 a 48 meses,289.92,1,33.73,10,12,3,1,0.25,26.19,0,3,1,1,0,4,1,0,5.3,4.5,Detrator
639,50639,40,35 a 44 anos,Norte,62,49 a 72 meses,298.61,2,10.01,11,7,1,1,0.14285714285714285,38.65,0,1,2,1,10,3,1,0,0.5,7.0,Neutro
640,50640,18,Até 24 anos,Norte,5,Até 12 meses,276.35,4,1.92,4,10,2,1,0.2,38.63,0,1,1,1,2,6,1,0,6.8,5.1,Detrator
641,50641,38,35 a 44 anos,Nordeste,19,13 a 24 meses,258.63,4,23.2,10,12,0,0,0.0,37.57,0,2,2,1,9,2,1,0,3.3,7.2,Neutro
642,50642,49,45 a 54 anos,Norte,78,Mais de 72 meses,829.68,3,29.03,8,13,2,1,0.15384615384615385,47.23,0,1,0,0,4,1,1,0,6.1,7.3,Neutro
643,50643,62,55 a 64 anos,Nordeste,112,Mais de 72 meses,470.04,6,72.19,2,9,1,1,0.1111111111111111,34.2,0,1,1,1,8,3,1,0,3.6,5.6,Detrator
644,50644,43,35 a 44 anos,Centro-Oeste,7,Até 12 meses,74.24,2,43.19,7,10,2,1,0.2,26.67,0,2,3,1,0,7,1,0,3.9,2.7,Detrator
645,50645,50,45 a 54 anos,Centro-Oeste,15,13 a 24 meses,512.44,3,80.42,5,3,0,0,0.0,23.19,0,2,1,1,0,3,1,1,9.1,10.0,Promotor
646,50646,26,25 a 34 anos,Norte,58,49 a 72 meses,339.9,5,29.12,6,10,2,1,0.2,32.35,0,3,3,1,11,7,1,0,0.0,3.0,Detrator
647,50647,34,25 a 34 anos,Nordeste,50,49 a 72 meses,197.48,4,44.93,2,3,1,1,0.3333333333333333,5.74,0,1,3,1,3,6,1,0,3.7,5.2,Detrator
648,50648,23,Até 24 anos,Nordeste,86,Mais de 72 meses,274.53,2,24.22,7,6,3,1,0.5,27.5,0,3,0,0,2,3,1,0,4.9,4.9,Detrator
649,50649,63,55 a 64 anos,Nordeste,16,13 a 24 meses,825.63,4,19.12,2,5,3,1,0.6,33.98,0,2,1,1,10,3,1,0,0.0,5.3,Detrator
650,50650,24,Até 24 anos,Centro-Oeste,96,Mais de 72 meses,902.94,2,5.18,8,5,4,1,0.8,51.8,0,2,2,1,3,5,1,0,1.6,2.7,Detrator
651,50651,24,Até 24 anos,Centro-Oeste,32,25 a 48 meses,479.61,3,40.16,4,5,5,1,1.0,40.34,0,2,2,1,2,6,1,0,2.4,1.8,Detrator
652,50652,54,45 a 54 anos,Sul,38,25 a 48 meses,722.01,3,20.33,4,5,2,1,0.4,43.57,0,1,1,1,4,5,1,0,3.5,3.6,Detrator
653,50653,22,Até 24 anos,Centro-Oeste,32,25 a 48 meses,382.72,5,52.5,2,4,3,1,0.75,55.87,0,1,2,1,2,4,1,0,4.0,4.9,Detrator
654,50654,50,45 a 54 anos,Sudeste,72,49 a 72 meses,188.41,1,0.97,5,10,4,1,0.4,50.42,0,3,2,1,2,4,1,0,3.8,3.9,Detrator
655,50655,67,65 anos ou mais,Norte,57,49 a 72 meses,240.42,5,33.38,4,4,1,1,0.25,53.53,0,1,2,1,8,5,1,0,1.7,4.4,Detrator
656,50656,27,25 a 34 anos,Norte,37,25 a 48 meses,413.75,1,17.77,9,6,1,1,0.16666666666666666,57.11,0,3,0,0,1,1,1,1,7.0,8.3,Neutro
657,50657,34,25 a 34 anos,Centro-Oeste,107,Mais de 72 meses,264.22,5,19.4,7,7,4,1,0.5714285714285714,43.66,0,1,3,1,2,7,1,0,1.8,0.9,Detrator
658,50658,57,55 a 64 anos,Nordeste,59,49 a 72 meses,378.62,5,23.11,11,12,2,1,0.16666666666666666,42.5,0,2,3,1,4,7,1,0,1.8,2.6,Detrator
659,50659,45,45 a 54 anos,Norte,32,25 a 48 meses,769.77,4,2.71,5,11,3,1,0.2727272727272727,56.6,0,3,4,1,1,7,1,0,1.8,0.0,Detrator
660,50660,64,55 a 64 anos,Centro-Oeste,56,49 a 72 meses,425.3,1,31.16,8,13,3,1,0.23076923076923078,32.52,0,2,1,1,7,3,1,0,3.0,1.9,Detrator
661,50661,63,55 a 64 anos,Sul,94,Mais de 72 meses,381.75,3,16.7,6,12,4,1,0.3333333333333333,27.78,0,1,4,1,2,7,1,0,1.0,6.4,Detrator
662,50662,39,35 a 44 anos,Sudeste,102,Mais de 72 meses,465.62,1,2.63,3,12,3,1,0.25,19.67,0,3,2,1,8,4,1,0,0.0,0.0,Detrator
663,50663,38,35 a 44 anos,Sudeste,101,Mais de 72 meses,351.56,3,37.01,1,11,4,1,0.36363636363636365,38.78,0,1,0,0,2,5,1,0,3.4,5.3,Detrator
664,50664,64,55 a 64 anos,Sul,3,Até 12 meses,1118.27,1,24.39,5,9,3,1,0.3333333333333333,55.7,0,3,1,1,2,3,1,0,3.6,4.4,Detrator
665,50665,49,45 a 54 anos,Centro-Oeste,116,Mais de 72 meses,626.83,3,15.11,10,9,5,1,0.5555555555555556,50.74,0,2,2,1,10,7,1,0,0.0,0.0,Detrator
666,50666,49,45 a 54 anos,Norte,50,49 a 72 meses,193.2,2,79.61,8,14,2,1,0.14285714285714285,51.27,0,2,0,0,3,2,1,0,6.1,6.3,Detrator
667,50667,68,65 anos ou mais,Centro-Oeste,90,Mais de 72 meses,1117.53,2,16.17,10,8,4,1,0.5,13.09,0,1,3,1,5,5,1,0,0.0,2.3,Detrator
668,50668,53,45 a 54 anos,Centro-Oeste,114,Mais de 72 meses,597.89,5,2.12,8,13,1,1,0.07692307692307693,40.01,0,1,1,1,5,4,1,0,3.7,4.4,Detrator
669,50669,48,45 a 54 anos,Sudeste,104,Mais de 72 meses,163.07,4,2.26,6,12,4,1,0.3333333333333333,43.48,0,2,2,1,11,4,1,0,0.0,0.0,Detrator
670,50670,23,Até 24 anos,Sul,92,Mais de 72 meses,347.47,1,67.31,4,5,1,1,0.2,54.28,0,3,0,0,3,2,1,0,6.1,5.5,Detrator
671,50671,38,35 a 44 anos,Sudeste,32,25 a 48 meses,150.8,4,10.32,11,7,2,1,0.2857142857142857,54.76,0,2,2,1,8,5,1,0,0.0,3.0,Detrator
672,50672,52,45 a 54 anos,Nordeste,106,Mais de 72 meses,542.7,1,8.22,7,5,1,1,0.2,39.87,0,2,0,0,5,2,1,0,6.0,5.8,Detrator
673,50673,31,25 a 34 anos,Sudeste,5,Até 12 meses,100.37,5,22.53,2,14,3,1,0.21428571428571427,34.02,0,2,1,1,8,4,1,0,1.3,3.1,Detrator
674,50674,40,35 a 44 anos,Centro-Oeste,71,49 a 72 meses,560.25,2,57.77,7,7,0,0,0.0,43.84,0,3,0,0,6,1,1,1,6.2,8.4,Neutro
675,50675,59,55 a 64 anos,Sul,78,Mais de 72 meses,288.59,6,59.46,7,7,4,1,0.5714285714285714,35.22,0,2,2,1,5,6,1,0,0.8,0.0,Detrator
676,50676,41,35 a 44 anos,Sul,77,Mais de 72 meses,471.91,6,67.89,5,13,0,0,0.0,42.32,0,1,2,1,3,2,1,0,6.6,6.5,Detrator
677,50677,47,45 a 54 anos,Norte,80,Mais de 72 meses,681.46,6,9.48,5,2,1,1,0.5,67.06,0,3,1,1,4,2,1,0,4.4,7.1,Neutro
678,50678,27,25 a 34 anos,Nordeste,93,Mais de 72 meses,394.47,4,107.98,10,11,2,1,0.18181818181818182,37.46,0,3,1,1,3,2,1,0,4.5,6.6,Detrator
679,50679,22,Até 24 anos,Nordeste,80,Mais de 72 meses,253.51,1,19.92,11,8,1,1,0.125,50.73,0,1,3,1,4,5,1,0,2.8,3.9,Detrator
680,50680,59,55 a 64 anos,Nordeste,78,Mais de 72 meses,306.19,2,5.94,4,8,0,0,0.0,42.73,0,1,1,1,3,3,1,1,6.5,10.0,Promotor
681,50681,47,45 a 54 anos,Centro-Oeste,104,Mais de 72 meses,361.85,5,5.75,6,7,1,1,0.14285714285714285,35.43,0,3,1,1,2,2,1,0,6.7,6.8,Detrator
682,50682,24,Até 24 anos,Norte,62,49 a 72 meses,554.48,6,12.97,7,12,0,0,0.0,68.54,0,2,2,1,8,7,1,0,2.4,5.9,Detrator
683,50683,23,Até 24 anos,Nordeste,91,Mais de 72 meses,358.56,3,3.13,9,8,1,1,0.125,40.58,0,1,0,0,11,2,1,0,2.3,6.6,Detrator
684,50684,25,25 a 34 anos,Norte,88,Mais de 72 meses,414.07,2,62.04,10,11,4,1,0.36363636363636365,44.76,0,2,2,1,9,4,1,0,0.0,1.1,Detrator
685,50685,69,65 anos ou mais,Sudeste,90,Mais de 72 meses,623.43,6,36.27,3,9,1,1,0.1111111111111111,44.58,0,1,4,1,6,8,1,0,0.4,3.9,Detrator
686,50686,43,35 a 44 anos,Nordeste,81,Mais de 72 meses,926.04,1,50.74,7,11,2,1,0.18181818181818182,32.37,0,1,1,1,1,3,1,0,6.3,3.1,Detrator
687,50687,35,35 a 44 anos,Sudeste,24,13 a 24 meses,93.9,6,27.22,10,10,3,1,0.3,34.65,0,3,3,1,8,5,1,0,0.0,3.8,Detrator
688,50688,53,45 a 54 anos,Norte,76,Mais de 72 meses,320.04,1,22.74,9,13,0,0,0.0,41.78,0,1,2,1,11,2,1,0,2.2,7.8,Neutro
689,50689,43,35 a 44 anos,Sul,75,Mais de 72 meses,193.84,4,8.65,10,11,2,1,0.18181818181818182,51.39,0,3,1,1,9,3,1,0,1.1,6.4,Detrator
690,50690,53,45 a 54 anos,Sul,29,25 a 48 meses,884.96,3,7.33,5,9,2,1,0.2222222222222222,36.56,0,1,1,1,9,2,1,0,1.4,7.4,Neutro
691,50691,58,55 a 64 anos,Sul,89,Mais de 72 meses,237.2,6,17.28,3,9,3,1,0.3333333333333333,35.43,0,1,1,1,6,4,1,0,0.7,0.0,Detrator
692,50692,21,Até 24 anos,Sudeste,4,Até 12 meses,68.73,6,39.5,11,9,2,1,0.2222222222222222,45.93,0,3,2,1,5,5,1,0,2.1,2.2,Detrator
693,50693,30,25 a 34 anos,Centro-Oeste,72,49 a 72 meses,220.09,4,27.36,5,8,3,1,0.375,44.67,0,3,0,0,2,3,1,0,5.9,5.0,Detrator
694,50694,41,35 a 44 anos,Sul,72,49 a 72 meses,466.8,6,2.57,11,4,3,1,0.75,38.84,0,3,1,1,6,4,1,0,2.7,6.4,Detrator
695,50695,48,45 a 54 anos,Centro-Oeste,29,25 a 48 meses,626.9,3,2.92,10,10,3,1,0.3,45.5,0,2,1,1,0,3,1,0,6.8,3.3,Detrator
697,50697,57,55 a 64 anos,Sudeste,47,25 a 48 meses,450.65,5,4.79,6,12,1,1,0.08333333333333333,43.3,0,3,1,1,2,4,1,1,6.2,8.0,Neutro
699,50699,51,45 a 54 anos,Nordeste,108,Mais de 72 meses,325.19,1,61.0,4,8,4,1,0.5,23.69,0,1,0,0,10,3,1,0,0.0,2.4,Detrator
700,50700,40,35 a 44 anos,Sudeste,105,Mais de 72 meses,289.45,6,52.81,9,13,1,1,0.07692307692307693,26.45,0,3,1,1,9,3,1,1,1.7,9.1,Promotor
701,50701,56,55 a 64 anos,Sudeste,89,Mais de 72 meses,651.98,4,24.9,6,5,1,1,0.2,37.44,0,3,1,1,7,3,1,0,3.0,6.8,Detrator
702,50702,64,55 a 64 anos,Nordeste,74,Mais de 72 meses,588.11,5,24.81,2,14,2,1,0.14285714285714285,20.23,0,2,2,1,7,5,1,0,1.9,6.4,Detrator
704,50704,64,55 a 64 anos,Sudeste,68,49 a 72 meses,742.9,1,55.36,7,6,0,0,0.0,37.05,0,1,2,1,9,3,1,0,4.0,5.7,Detrator
705,50705,18,Até 24 anos,Sudeste,29,25 a 48 meses,409.49,2,36.49,6,2,1,1,0.5,38.79,0,1,3,1,11,7,1,0,0.0,2.8,Detrator
707,50707,37,35 a 44 anos,Norte,61,49 a 72 meses,148.96,6,1.54,9,10,4,1,0.4,25.74,0,3,1,1,5,6,1,0,1.3,5.4,Detrator
708,50708,64,55 a 64 anos,Sudeste,38,25 a 48 meses,254.94,5,13.7,11,8,0,0,0.0,23.12,0,1,1,1,10,2,1,1,3.0,8.9,Neutro
709,50709,42,35 a 44 anos,Norte,94,Mais de 72 meses,248.06,4,123.45,1,2,1,1,0.5,38.67,0,1,2,1,1,6,1,0,5.5,3.8,Detrator
710,50710,23,Até 24 anos,Sul,60,49 a 72 meses,1011.99,1,1.29,8,14,3,1,0.21428571428571427,13.34,0,2,1,1,9,3,1,0,0.1,4.4,Detrator
711,50711,69,65 anos ou mais,Nordeste,100,Mais de 72 meses,143.09,3,8.05,7,11,2,1,0.18181818181818182,29.36,0,3,0,0,3,2,1,0,6.6,4.3,Detrator
712,50712,47,45 a 54 anos,Sul,44,25 a 48 meses,1284.29,6,2.89,3,7,3,1,0.42857142857142855,43.24,0,3,0,0,10,2,1,0,1.7,4.5,Detrator
713,50713,37,35 a 44 anos,Centro-Oeste,26,25 a 48 meses,347.56,5,9.99,6,12,4,1,0.3333333333333333,37.15,0,3,3,1,4,5,1,0,0.2,2.1,Detrator
714,50714,26,25 a 34 anos,Sudeste,51,49 a 72 meses,416.54,6,2.43,10,5,4,1,0.8,44.13,0,2,0,0,8,4,1,0,0.7,1.5,Detrator
715,50715,65,65 anos ou mais,Sul,22,13 a 24 meses,310.54,6,3.49,2,4,2,1,0.5,24.61,0,2,0,0,4,3,1,0,4.3,5.6,Detrator
716,50716,66,65 anos ou mais,Nordeste,57,49 a 72 meses,411.41,2,3.18,7,9,6,1,0.6666666666666666,33.98,0,1,0,0,7,4,1,0,0.0,2.4,Detrator
717,50717,35,35 a 44 anos,Norte,108,Mais de 72 meses,843.11,5,3.37,3,2,2,1,1.0,48.89,0,3,2,1,11,4,1,0,0.0,3.2,Detrator
719,50719,20,Até 24 anos,Centro-Oeste,34,25 a 48 meses,374.01,2,15.1,5,7,3,1,0.42857142857142855,32.15,0,2,0,0,8,3,1,0,1.7,3.8,Detrator
720,50720,53,45 a 54 anos,Sudeste,49,49 a 72 meses,657.27,1,32.18,2,8,2,1,0.25,46.55,0,2,1,1,5,3,1,0,3.3,4.1,Detrator
721,50721,23,Até 24 anos,Sudeste,14,13 a 24 meses,523.64,3,2.59,1,10,5,1,0.5,29.8,0,1,2,1,1,4,1,0,2.0,0.0,Detrator
722,50722,61,55 a 64 anos,Centro-Oeste,107,Mais de 72 meses,471.73,1,8.62,1,9,1,1,0.1111111111111111,32.81,0,2,1,1,4,4,1,1,4.6,8.6,Neutro
723,50723,55,55 a 64 anos,Centro-Oeste,86,Mais de 72 meses,154.35,4,125.36,5,9,2,1,0.2222222222222222,35.03,0,3,2,1,0,4,1,0,4.7,4.8,Detrator
724,50724,18,Até 24 anos,Norte,79,Mais de 72 meses,283.05,2,59.35,11,10,1,1,0.1,44.55,0,2,2,1,5,4,1,0,4.2,1.7,Detrator
725,50725,36,35 a 44 anos,Sudeste,110,Mais de 72 meses,641.73,1,18.47,4,8,1,1,0.125,51.01,0,3,4,1,11,6,1,0,0.0,1.6,Detrator
726,50726,55,55 a 64 anos,Norte,49,49 a 72 meses,171.35,5,20.19,9,7,2,1,0.2857142857142857,39.96,0,1,1,1,6,4,1,0,3.0,5.0,Detrator
728,50728,64,55 a 64 anos,Sul,35,25 a 48 meses,327.51,3,15.55,8,8,2,1,0.25,32.65,0,1,1,1,2,2,1,0,5.4,6.8,Detrator
729,50729,26,25 a 34 anos,Nordeste,119,Mais de 72 meses,574.11,3,28.38,5,12,3,1,0.25,31.79,0,2,0,0,11,2,1,0,0.0,5.8,Detrator
730,50730,64,55 a 64 anos,Nordeste,67,49 a 72 meses,142.52,2,138.9,5,2,1,1,0.5,31.06,0,2,1,1,0,4,1,0,7.1,3.5,Detrator
731,50731,27,25 a 34 anos,Sul,80,Mais de 72 meses,198.23,4,19.88,6,11,3,1,0.2727272727272727,62.25,0,1,1,1,2,4,1,0,5.1,0.8,Detrator
732,50732,41,35 a 44 anos,Norte,47,25 a 48 meses,170.19,4,24.71,8,12,1,1,0.08333333333333333,22.63,0,3,2,1,2,5,1,0,5.6,5.5,Detrator
733,50733,43,35 a 44 anos,Sul,30,25 a 48 meses,658.72,4,16.66,2,10,4,1,0.4,29.08,0,3,0,0,7,5,1,0,1.6,2.2,Detrator
735,50735,22,Até 24 anos,Sul,51,49 a 72 meses,117.19,3,18.67,5,9,2,1,0.2222222222222222,54.84,0,2,2,1,6,4,1,0,2.5,5.0,Detrator
736,50736,30,25 a 34 anos,Sudeste,40,25 a 48 meses,700.53,5,14.13,8,10,1,1,0.1,26.09,0,3,2,1,0,6,1,0,7.2,7.6,Neutro
737,50737,39,35 a 44 anos,Sul,16,13 a 24 meses,309.91,3,9.87,7,13,2,1,0.15384615384615385,16.17,0,1,2,1,9,4,1,0,0.9,4.4,Detrator
738,50738,51,45 a 54 anos,Norte,81,Mais de 72 meses,129.27,4,4.3,2,7,3,1,0.42857142857142855,47.36,0,3,4,1,5,8,1,0,0.0,0.7,Detrator
739,50739,42,35 a 44 anos,Norte,62,49 a 72 meses,446.26,3,50.52,1,9,3,1,0.3333333333333333,43.92,0,2,0,0,7,2,1,0,1.3,6.3,Detrator
740,50740,40,35 a 44 anos,Norte,35,25 a 48 meses,233.57,3,60.22,5,13,0,0,0.0,36.94,0,1,1,1,2,1,1,0,6.7,7.9,Neutro
741,50741,58,55 a 64 anos,Norte,43,25 a 48 meses,50.93,5,33.78,6,4,3,1,0.75,35.93,0,2,0,0,10,3,1,0,1.0,4.3,Detrator
742,50742,65,65 anos ou mais,Centro-Oeste,60,49 a 72 meses,126.73,6,55.24,3,12,4,1,0.3333333333333333,21.77,0,2,1,1,5,3,1,0,2.5,3.9,Detrator
743,50743,38,35 a 44 anos,Sudeste,66,49 a 72 meses,137.17,1,3.13,4,14,2,1,0.14285714285714285,51.69,0,3,2,1,11,7,1,0,0.0,1.2,Detrator
744,50744,20,Até 24 anos,Sul,77,Mais de 72 meses,192.85,5,48.42,9,2,1,1,0.5,44.74,0,1,2,1,11,4,1,0,0.0,3.9,Detrator
745,50745,25,25 a 34 anos,Sul,73,Mais de 72 meses,328.62,5,43.11,10,12,6,1,0.5,44.36,0,2,2,1,7,5,1,0,0.0,0.0,Detrator
746,50746,63,55 a 64 anos,Sudeste,66,49 a 72 meses,347.38,6,103.33,10,12,1,1,0.08333333333333333,37.57,0,3,2,1,0,3,1,0,7.7,7.9,Neutro
747,50747,67,65 anos ou mais,Sul,116,Mais de 72 meses,218.79,1,17.39,11,9,3,1,0.3333333333333333,35.44,0,2,3,1,0,5,1,0,4.1,3.2,Detrator
748,50748,56,55 a 64 anos,Nordeste,74,Mais de 72 meses,475.08,3,7.77,11,7,1,1,0.14285714285714285,19.23,0,2,0,0,1,2,1,0,7.3,6.8,Detrator
749,50749,68,65 anos ou mais,Sul,13,13 a 24 meses,213.38,5,3.22,11,11,1,1,0.09090909090909091,27.99,0,1,4,1,4,6,1,0,2.0,7.5,Neutro
750,50750,56,55 a 64 anos,Nordeste,34,25 a 48 meses,407.16,6,54.62,9,7,1,1,0.14285714285714285,23.3,0,3,1,1,8,3,1,0,3.4,4.7,Detrator
751,50751,39,35 a 44 anos,Sudeste,80,Mais de 72 meses,474.68,1,30.24,6,14,6,1,0.42857142857142855,21.66,0,2,1,1,10,4,1,0,0.0,0.9,Detrator
752,50752,62,55 a 64 anos,Centro-Oeste,22,13 a 24 meses,630.25,3,12.3,10,10,4,1,0.4,44.64,0,2,2,1,0,5,1,0,4.2,0.0,Detrator
753,50753,28,25 a 34 anos,Nordeste,106,Mais de 72 meses,391.87,5,30.44,2,14,2,1,0.14285714285714285,46.21,0,2,1,1,10,3,1,0,0.5,6.7,Detrator
754,50754,40,35 a 44 anos,Sul,84,Mais de 72 meses,569.84,1,39.44,3,8,2,1,0.25,26.67,0,3,1,1,0,5,1,0,6.8,3.1,Detrator
755,50755,66,65 anos ou mais,Sul,95,Mais de 72 meses,1466.72,1,40.2,7,10,2,1,0.2,21.03,0,2,3,1,0,4,1,0,4.7,7.9,Neutro
756,50756,33,25 a 34 anos,Nordeste,81,Mais de 72 meses,411.17,5,24.37,4,3,2,1,0.6666666666666666,37.36,0,1,1,1,11,5,1,0,0.1,2.0,Detrator
757,50757,69,65 anos ou mais,Sul,78,Mais de 72 meses,1471.44,4,14.66,8,7,3,1,0.42857142857142855,42.78,0,3,3,1,3,6,1,0,1.6,2.8,Detrator
758,50758,68,65 anos ou mais,Centro-Oeste,60,49 a 72 meses,247.14,3,66.17,5,13,2,1,0.15384615384615385,46.46,0,3,0,0,1,2,1,0,6.5,7.0,Neutro
759,50759,45,45 a 54 anos,Centro-Oeste,57,49 a 72 meses,635.09,5,19.89,4,11,0,0,0.0,33.25,0,1,2,1,6,6,1,0,5.4,3.7,Detrator
760,50760,52,45 a 54 anos,Sudeste,12,Até 12 meses,173.52,6,14.92,4,12,3,1,0.25,29.28,0,2,2,1,11,6,1,0,0.0,2.4,Detrator
761,50761,59,55 a 64 anos,Norte,53,49 a 72 meses,686.0,1,0.04,3,9,2,1,0.2222222222222222,40.03,0,3,2,1,5,5,1,0,3.0,4.9,Detrator
762,50762,46,45 a 54 anos,Centro-Oeste,107,Mais de 72 meses,262.36,5,17.48,3,9,4,1,0.4444444444444444,32.72,0,1,2,1,3,4,1,0,2.2,0.4,Detrator
763,50763,55,55 a 64 anos,Nordeste,52,49 a 72 meses,120.2,2,0.47,10,5,3,1,0.6,4.61,0,2,4,1,3,9,1,0,1.0,4.8,Detrator
764,50764,23,Até 24 anos,Sul,103,Mais de 72 meses,1094.43,4,36.53,11,14,2,1,0.14285714285714285,47.86,0,3,2,1,11,4,1,0,0.0,1.3,Detrator
765,50765,66,65 anos ou mais,Norte,54,49 a 72 meses,1152.0,6,32.08,8,4,4,1,1.0,57.77,0,3,1,1,1,4,1,0,3.2,2.8,Detrator
767,50767,46,45 a 54 anos,Norte,84,Mais de 72 meses,139.76,5,9.24,11,6,5,1,0.8333333333333334,45.37,0,2,4,1,10,8,1,0,0.0,0.0,Detrator
768,50768,66,65 anos ou mais,Norte,51,49 a 72 meses,137.59,1,7.86,1,9,1,1,0.1111111111111111,40.4,0,2,1,1,6,3,1,0,5.0,4.5,Detrator
769,50769,45,45 a 54 anos,Norte,75,Mais de 72 meses,482.15,2,37.46,4,12,5,1,0.4166666666666667,21.47,0,2,4,1,6,7,1,0,0.0,0.0,Detrator
770,50770,27,25 a 34 anos,Centro-Oeste,30,25 a 48 meses,284.43,2,44.76,7,7,1,1,0.14285714285714285,32.46,0,3,0,0,2,1,1,0,7.9,6.1,Detrator
771,50771,63,55 a 64 anos,Sul,31,25 a 48 meses,1010.66,1,15.43,4,13,2,1,0.15384615384615385,31.92,0,2,0,0,7,3,1,0,3.7,5.2,Detrator
772,50772,64,55 a 64 anos,Norte,69,49 a 72 meses,550.17,4,34.27,9,12,0,0,0.0,45.49,0,1,1,1,7,2,1,0,5.1,6.5,Detrator
773,50773,21,Até 24 anos,Norte,89,Mais de 72 meses,542.58,1,3.45,5,14,8,1,0.5714285714285714,42.85,0,3,1,1,8,4,1,0,0.0,0.0,Detrator
774,50774,41,35 a 44 anos,Sudeste,76,Mais de 72 meses,217.9,5,9.85,5,9,3,1,0.3333333333333333,21.86,0,3,0,0,6,4,1,0,4.0,6.1,Detrator
775,50775,19,Até 24 anos,Sul,64,49 a 72 meses,141.67,3,8.17,7,4,1,1,0.25,22.43,0,3,1,1,7,2,1,0,3.7,6.5,Detrator
776,50776,63,55 a 64 anos,Centro-Oeste,87,Mais de 72 meses,1023.52,4,85.92,1,12,2,1,0.16666666666666666,50.66,0,2,4,1,4,7,1,0,1.2,1.9,Detrator
777,50777,46,45 a 54 anos,Sul,48,25 a 48 meses,485.88,3,19.33,10,10,3,1,0.3,36.9,0,2,2,1,10,5,1,0,0.0,5.4,Detrator
778,50778,42,35 a 44 anos,Centro-Oeste,113,Mais de 72 meses,550.88,5,1.45,2,13,0,0,0.0,23.52,0,1,1,1,11,1,1,0,2.3,6.3,Detrator
779,50779,48,45 a 54 anos,Norte,29,25 a 48 meses,726.05,1,73.56,10,13,1,1,0.07692307692307693,38.31,0,2,3,1,10,5,1,0,0.8,2.7,Detrator
780,50780,64,55 a 64 anos,Sul,22,13 a 24 meses,496.81,4,18.44,7,5,2,1,0.4,9.17,0,1,2,1,3,5,1,0,3.8,7.2,Neutro
781,50781,68,65 anos ou mais,Centro-Oeste,19,13 a 24 meses,383.83,5,6.21,7,9,1,1,0.1111111111111111,45.92,0,1,1,1,2,3,1,0,6.0,5.1,Detrator
782,50782,63,55 a 64 anos,Sul,8,Até 12 meses,166.82,6,30.74,2,13,2,1,0.15384615384615385,36.11,0,1,1,1,6,3,1,0,3.3,5.9,Detrator
783,50783,32,25 a 34 anos,Nordeste,44,25 a 48 meses,272.77,1,8.22,7,9,4,1,0.4444444444444444,37.19,0,3,1,1,9,3,1,0,0.0,0.0,Detrator
785,50785,50,45 a 54 anos,Sudeste,92,Mais de 72 meses,906.45,2,46.45,6,6,1,1,0.16666666666666666,41.37,0,3,1,1,3,3,1,0,5.4,7.4,Neutro
786,50786,67,65 anos ou mais,Sudeste,60,49 a 72 meses,1132.9,2,37.85,1,7,4,1,0.5714285714285714,44.91,0,2,3,1,3,6,1,0,1.7,2.0,Detrator
787,50787,66,65 anos ou mais,Centro-Oeste,79,Mais de 72 meses,385.14,3,25.66,9,14,2,1,0.14285714285714285,46.59,0,3,1,1,3,3,1,0,5.0,4.8,Detrator
788,50788,25,25 a 34 anos,Sudeste,40,25 a 48 meses,714.93,3,139.66,8,14,4,1,0.2857142857142857,54.39,0,1,1,1,10,3,1,0,0.0,3.1,Detrator
789,50789,57,55 a 64 anos,Centro-Oeste,114,Mais de 72 meses,446.55,2,69.16,9,13,2,1,0.15384615384615385,32.84,0,1,4,1,4,7,1,0,1.0,4.2,Detrator
790,50790,33,25 a 34 anos,Norte,62,49 a 72 meses,170.64,3,3.32,2,8,0,0,0.0,52.41,0,1,2,1,8,5,1,0,3.6,5.3,Detrator
791,50791,55,55 a 64 anos,Centro-Oeste,27,25 a 48 meses,324.24,5,4.0,1,12,1,1,0.08333333333333333,38.73,0,2,3,1,8,6,1,0,1.0,3.8,Detrator
792,50792,61,55 a 64 anos,Sul,98,Mais de 72 meses,148.65,5,7.71,2,12,1,1,0.08333333333333333,58.53,0,3,2,1,1,4,1,0,6.3,4.5,Detrator
793,50793,58,55 a 64 anos,Sul,108,Mais de 72 meses,478.26,4,0.69,4,11,2,1,0.18181818181818182,37.09,0,2,2,1,4,7,1,0,3.8,4.0,Detrator
794,50794,51,45 a 54 anos,Nordeste,48,25 a 48 meses,596.5,6,41.61,4,10,1,1,0.1,31.28,0,3,3,1,7,7,1,0,1.7,1.8,Detrator
795,50795,23,Até 24 anos,Norte,97,Mais de 72 meses,1004.38,5,9.61,4,2,0,0,0.0,65.44,0,2,3,1,11,4,1,0,0.0,4.5,Detrator
796,50796,56,55 a 64 anos,Sudeste,45,25 a 48 meses,479.04,6,30.01,11,12,1,1,0.08333333333333333,34.18,0,3,2,1,10,4,1,0,1.6,3.2,Detrator
797,50797,57,55 a 64 anos,Sudeste,49,49 a 72 meses,168.11,6,16.51,6,14,2,1,0.14285714285714285,53.71,0,1,0,0,5,3,1,0,3.4,2.1,Detrator
798,50798,66,65 anos ou mais,Norte,2,Até 12 meses,928.87,5,5.77,4,9,2,1,0.2222222222222222,7.25,0,3,1,1,7,4,1,0,2.3,7.2,Neutro
800,50800,67,65 anos ou mais,Centro-Oeste,105,Mais de 72 meses,986.92,2,52.37,3,12,3,1,0.25,44.15,0,2,1,1,3,5,1,0,4.3,1.0,Detrator
801,50801,38,35 a 44 anos,Nordeste,43,25 a 48 meses,125.72,5,31.8,6,8,3,1,0.375,30.99,0,1,1,1,0,4,1,0,5.6,5.6,Detrator
802,50802,52,45 a 54 anos,Sul,16,13 a 24 meses,384.07,6,31.07,8,3,1,1,0.3333333333333333,55.73,0,3,5,1,1,8,1,0,3.1,3.5,Detrator
803,50803,64,55 a 64 anos,Sul,35,25 a 48 meses,656.35,4,15.18,10,9,1,1,0.1111111111111111,38.8,0,2,2,1,3,3,1,0,5.6,6.0,Detrator
804,50804,46,45 a 54 anos,Centro-Oeste,91,Mais de 72 meses,554.43,3,121.75,5,12,1,1,0.08333333333333333,32.33,0,1,2,1,6,4,1,0,2.5,4.7,Detrator
805,50805,52,45 a 54 anos,Norte,75,Mais de 72 meses,191.88,3,11.87,2,10,3,1,0.3,43.34,0,1,1,1,3,3,1,0,4.5,4.8,Detrator
806,50806,19,Até 24 anos,Centro-Oeste,83,Mais de 72 meses,188.37,3,34.16,11,10,0,0,0.0,54.03,0,2,3,1,2,4,1,1,5.8,8.8,Neutro
807,50807,50,45 a 54 anos,Sul,81,Mais de 72 meses,329.58,2,33.78,11,7,4,1,0.5714285714285714,31.19,0,3,2,1,3,4,1,0,1.1,3.9,Detrator
808,50808,43,35 a 44 anos,Sul,111,Mais de 72 meses,179.58,2,16.25,1,5,2,1,0.4,68.97,0,1,2,1,9,4,1,0,0.1,2.2,Detrator
809,50809,61,55 a 64 anos,Sul,83,Mais de 72 meses,505.43,3,19.01,2,5,2,1,0.4,43.18,0,1,3,1,1,7,1,0,4.5,4.6,Detrator
810,50810,49,45 a 54 anos,Centro-Oeste,11,Até 12 meses,507.4,1,30.22,1,11,2,1,0.18181818181818182,35.66,0,1,1,1,9,3,1,0,1.5,4.8,Detrator
811,50811,35,35 a 44 anos,Sul,83,Mais de 72 meses,376.29,3,4.28,3,14,1,1,0.07142857142857142,28.7,0,2,3,1,11,6,1,0,0.0,5.5,Detrator
812,50812,51,45 a 54 anos,Sul,56,49 a 72 meses,213.14,2,21.35,10,5,3,1,0.6,66.87,0,1,3,1,11,7,1,0,0.0,0.0,Detrator
813,50813,47,45 a 54 anos,Nordeste,50,49 a 72 meses,64.11,3,3.31,9,2,2,1,1.0,36.24,0,3,1,1,7,4,1,0,3.4,6.4,Detrator
814,50814,61,55 a 64 anos,Nordeste,12,Até 12 meses,490.26,1,9.6,3,12,3,1,0.25,42.48,0,3,1,1,7,5,1,0,1.7,3.8,Detrator
815,50815,40,35 a 44 anos,Sul,33,25 a 48 meses,448.49,3,7.8,3,4,3,1,0.75,55.66,0,2,1,1,2,4,1,0,4.6,3.7,Detrator
816,50816,65,65 anos ou mais,Nordeste,42,25 a 48 meses,1365.27,3,14.01,9,13,1,1,0.07692307692307693,43.2,0,2,3,1,1,6,1,0,6.2,5.9,Detrator
817,50817,37,35 a 44 anos,Nordeste,97,Mais de 72 meses,690.01,4,47.3,3,13,2,1,0.15384615384615385,64.73,0,3,4,1,4,10,1,0,1.5,2.8,Detrator
818,50818,63,55 a 64 anos,Norte,17,13 a 24 meses,492.92,1,50.17,10,8,2,1,0.25,62.79,0,3,4,1,6,7,1,0,0.9,5.3,Detrator
819,50819,40,35 a 44 anos,Norte,22,13 a 24 meses,540.24,3,50.89,2,13,3,1,0.23076923076923078,62.74,0,2,4,1,3,10,1,0,2.2,0.0,Detrator
820,50820,57,55 a 64 anos,Sudeste,110,Mais de 72 meses,382.03,1,84.46,9,8,2,1,0.25,35.8,0,3,1,1,0,3,1,0,5.7,7.1,Neutro
821,50821,25,25 a 34 anos,Norte,98,Mais de 72 meses,547.68,2,8.1,4,13,2,1,0.15384615384615385,52.91,0,3,2,1,8,4,1,0,2.0,2.6,Detrator
822,50822,31,25 a 34 anos,Centro-Oeste,76,Mais de 72 meses,1135.28,6,0.48,10,10,2,1,0.2,36.32,0,3,2,1,0,4,1,0,5.4,4.8,Detrator
823,50823,40,35 a 44 anos,Nordeste,48,25 a 48 meses,121.36,6,20.14,11,13,2,1,0.15384615384615385,41.34,0,2,2,1,7,6,1,0,0.9,3.2,Detrator
824,50824,63,55 a 64 anos,Sudeste,32,25 a 48 meses,83.34,2,0.46,7,2,2,1,1.0,48.56,0,2,2,1,4,4,1,0,2.7,0.9,Detrator
825,50825,31,25 a 34 anos,Nordeste,5,Até 12 meses,810.91,2,75.7,10,13,2,1,0.15384615384615385,39.18,0,3,1,1,1,4,1,0,6.4,5.2,Detrator
826,50826,19,Até 24 anos,Sudeste,79,Mais de 72 meses,470.42,4,12.73,6,4,1,1,0.25,43.57,0,3,2,1,7,5,1,0,2.4,5.9,Detrator
827,50827,21,Até 24 anos,Sul,48,25 a 48 meses,396.59,6,230.33,2,6,0,0,0.0,26.18,0,2,5,1,5,9,1,0,1.5,4.0,Detrator
828,50828,41,35 a 44 anos,Norte,69,49 a 72 meses,162.27,2,57.98,8,2,2,1,1.0,27.13,0,3,1,1,5,3,1,0,3.1,6.8,Detrator
829,50829,68,65 anos ou mais,Sudeste,72,49 a 72 meses,1065.27,1,12.4,3,7,2,1,0.2857142857142857,42.56,0,1,1,1,7,4,1,1,2.2,8.6,Neutro
830,50830,53,45 a 54 anos,Nordeste,107,Mais de 72 meses,536.74,6,44.93,6,14,0,0,0.0,42.67,0,1,0,0,3,4,1,1,8.3,10.0,Promotor
831,50831,26,25 a 34 anos,Sudeste,108,Mais de 72 meses,323.19,6,41.18,4,11,2,1,0.18181818181818182,51.53,0,1,2,1,0,5,1,0,5.1,4.0,Detrator
832,50832,33,25 a 34 anos,Nordeste,59,49 a 72 meses,245.0,3,0.41,6,4,2,1,0.5,51.43,0,2,3,1,6,5,1,0,1.2,5.5,Detrator
833,50833,49,45 a 54 anos,Centro-Oeste,65,49 a 72 meses,909.44,2,39.76,2,6,2,1,0.3333333333333333,28.48,0,3,3,1,2,5,1,0,3.7,2.8,Detrator
834,50834,49,45 a 54 anos,Centro-Oeste,107,Mais de 72 meses,313.47,4,36.69,2,4,1,1,0.25,20.79,0,1,2,1,5,5,1,0,2.8,3.7,Detrator
835,50835,44,35 a 44 anos,Nordeste,12,Até 12 meses,1372.62,2,67.88,3,6,0,0,0.0,55.08,0,3,0,0,2,0,0,1,9.7,9.2,Promotor
837,50837,66,65 anos ou mais,Sudeste,109,Mais de 72 meses,995.58,2,7.05,6,8,1,1,0.125,49.77,0,3,2,1,11,6,1,0,0.0,3.4,Detrator
838,50838,21,Até 24 anos,Sudeste,1,Até 12 meses,286.72,1,33.24,3,7,3,1,0.42857142857142855,33.52,0,2,0,0,7,4,1,0,2.9,3.9,Detrator
839,50839,53,45 a 54 anos,Centro-Oeste,15,13 a 24 meses,918.47,2,86.04,7,4,1,1,0.25,28.81,0,2,1,1,5,3,1,0,5.2,7.7,Neutro
840,50840,42,35 a 44 anos,Norte,66,49 a 72 meses,422.44,3,65.15,2,5,1,1,0.2,39.45,0,2,2,1,9,4,1,0,1.7,6.2,Detrator
841,50841,32,25 a 34 anos,Norte,22,13 a 24 meses,215.21,4,17.68,7,12,2,1,0.16666666666666666,62.75,0,2,3,1,11,6,1,0,0.0,3.2,Detrator
842,50842,29,25 a 34 anos,Sudeste,27,25 a 48 meses,238.96,5,7.33,7,3,2,1,0.6666666666666666,40.61,0,3,3,1,2,6,1,0,3.6,4.7,Detrator
843,50843,24,Até 24 anos,Nordeste,82,Mais de 72 meses,446.12,1,2.7,3,6,1,1,0.16666666666666666,45.03,0,3,1,1,1,3,1,1,6.8,10.0,Promotor
844,50844,53,45 a 54 anos,Norte,104,Mais de 72 meses,678.18,4,28.51,5,9,2,1,0.2222222222222222,35.02,0,2,1,1,10,4,1,0,1.9,3.6,Detrator
845,50845,41,35 a 44 anos,Sudeste,51,49 a 72 meses,1046.11,2,16.42,5,9,3,1,0.3333333333333333,28.61,0,1,1,1,2,3,1,0,4.9,5.4,Detrator
846,50846,23,Até 24 anos,Centro-Oeste,83,Mais de 72 meses,479.17,6,86.32,1,10,5,1,0.5,43.06,0,3,3,1,7,6,1,0,0.0,2.1,Detrator
847,50847,65,65 anos ou mais,Centro-Oeste,49,49 a 72 meses,378.62,6,0.28,1,12,5,1,0.4166666666666667,60.64,0,1,0,0,8,2,1,0,0.0,3.8,Detrator
848,50848,58,55 a 64 anos,Nordeste,88,Mais de 72 meses,695.84,5,102.24,11,4,1,1,0.25,29.16,0,2,2,1,0,5,1,0,6.5,2.2,Detrator
849,50849,62,55 a 64 anos,Sul,71,49 a 72 meses,441.62,6,4.1,7,11,5,1,0.45454545454545453,17.16,0,1,3,1,11,7,1,0,0.0,0.0,Detrator
850,50850,48,45 a 54 anos,Sudeste,85,Mais de 72 meses,426.91,5,0.77,4,12,0,0,0.0,30.72,0,2,2,1,11,4,1,0,1.3,4.4,Detrator
851,50851,38,35 a 44 anos,Centro-Oeste,47,25 a 48 meses,165.25,3,13.59,3,12,2,1,0.16666666666666666,33.32,0,1,1,1,4,3,1,0,3.4,6.3,Detrator
852,50852,28,25 a 34 anos,Sul,31,25 a 48 meses,406.72,1,9.23,8,8,2,1,0.25,47.92,0,2,4,1,10,6,1,0,0.0,0.0,Detrator
853,50853,33,25 a 34 anos,Sudeste,92,Mais de 72 meses,1112.92,2,3.52,7,11,3,1,0.2727272727272727,21.17,0,3,0,0,5,2,1,0,3.3,4.2,Detrator
854,50854,31,25 a 34 anos,Nordeste,55,49 a 72 meses,960.04,2,4.67,4,3,2,1,0.6666666666666666,38.97,0,1,1,1,9,4,1,0,2.0,5.9,Detrator
855,50855,42,35 a 44 anos,Norte,11,Até 12 meses,380.12,4,5.09,3,13,1,1,0.07692307692307693,67.79,0,2,2,1,5,3,1,0,4.9,7.0,Neutro
857,50857,55,55 a 64 anos,Sul,115,Mais de 72 meses,606.43,2,21.28,5,11,2,1,0.18181818181818182,42.09,0,1,2,1,7,4,1,0,1.4,7.0,Neutro
858,50858,35,35 a 44 anos,Sul,46,25 a 48 meses,756.33,1,21.85,1,5,1,1,0.2,54.07,0,3,3,1,6,8,1,0,2.4,5.0,Detrator
859,50859,31,25 a 34 anos,Norte,19,13 a 24 meses,493.15,5,31.89,11,8,2,1,0.25,21.14,0,2,0,0,9,2,1,1,1.5,10.0,Promotor
860,50860,41,35 a 44 anos,Norte,63,49 a 72 meses,701.89,1,2.79,7,10,2,1,0.2,54.23,0,3,0,0,3,2,1,0,6.3,7.1,Neutro
861,50861,68,65 anos ou mais,Norte,27,25 a 48 meses,286.67,1,22.99,3,14,2,1,0.14285714285714285,22.66,0,2,0,0,9,5,1,0,2.8,3.8,Detrator
862,50862,25,25 a 34 anos,Centro-Oeste,113,Mais de 72 meses,164.58,5,5.7,3,8,3,1,0.375,28.1,0,2,1,1,3,5,1,0,3.0,2.3,Detrator
863,50863,62,55 a 64 anos,Nordeste,75,Mais de 72 meses,294.55,5,4.5,11,9,3,1,0.3333333333333333,38.69,0,2,1,1,10,3,1,0,0.0,3.0,Detrator
864,50864,42,35 a 44 anos,Centro-Oeste,44,25 a 48 meses,322.78,2,12.25,11,6,2,1,0.3333333333333333,43.98,0,2,2,1,2,6,1,0,4.1,4.3,Detrator
865,50865,51,45 a 54 anos,Norte,26,25 a 48 meses,438.42,4,58.04,10,9,3,1,0.3333333333333333,29.39,0,1,0,0,1,4,1,0,5.9,5.3,Detrator
866,50866,62,55 a 64 anos,Sudeste,15,13 a 24 meses,417.04,5,24.88,1,10,1,1,0.1,64.66,0,2,3,1,5,5,1,0,2.4,5.6,Detrator
867,50867,61,55 a 64 anos,Nordeste,11,Até 12 meses,568.03,6,36.79,5,7,2,1,0.2857142857142857,18.62,0,2,1,1,3,4,1,0,4.7,5.8,Detrator
869,50869,41,35 a 44 anos,Sul,77,Mais de 72 meses,1201.05,2,8.09,11,12,1,1,0.08333333333333333,19.2,0,3,2,1,8,6,1,0,1.8,5.7,Detrator
871,50871,51,45 a 54 anos,Nordeste,80,Mais de 72 meses,147.18,6,37.87,11,14,2,1,0.14285714285714285,21.69,0,2,2,1,7,4,1,0,1.7,5.0,Detrator
872,50872,59,55 a 64 anos,Nordeste,64,49 a 72 meses,609.0,2,31.27,7,2,1,1,0.5,35.11,0,2,2,1,6,5,1,0,2.4,5.9,Detrator
873,50873,20,Até 24 anos,Centro-Oeste,108,Mais de 72 meses,292.0,3,50.51,5,12,2,1,0.16666666666666666,14.38,0,3,0,0,6,4,1,0,4.5,4.5,Detrator
874,50874,29,25 a 34 anos,Sul,5,Até 12 meses,32.24,1,10.78,1,9,1,1,0.1111111111111111,30.21,0,1,3,1,10,6,1,0,0.0,3.6,Detrator
875,50875,53,45 a 54 anos,Sul,18,13 a 24 meses,96.58,2,51.15,9,11,0,0,0.0,66.26,0,3,1,1,8,2,1,0,3.0,6.8,Detrator
876,50876,22,Até 24 anos,Centro-Oeste,86,Mais de 72 meses,402.14,4,44.12,9,6,1,1,0.16666666666666666,44.86,0,1,0,0,1,2,1,0,7.7,1.9,Detrator
877,50877,36,35 a 44 anos,Nordeste,99,Mais de 72 meses,685.66,3,18.51,3,14,4,1,0.2857142857142857,42.81,0,3,2,1,0,5,1,0,3.9,0.4,Detrator
879,50879,44,35 a 44 anos,Centro-Oeste,80,Mais de 72 meses,281.63,2,6.59,7,4,1,1,0.25,56.53,0,2,2,1,6,5,1,0,3.6,3.7,Detrator
880,50880,34,25 a 34 anos,Sul,97,Mais de 72 meses,663.74,4,4.52,7,4,1,1,0.25,35.45,0,3,0,0,4,2,1,1,6.2,9.1,Promotor
882,50882,45,45 a 54 anos,Centro-Oeste,118,Mais de 72 meses,599.88,3,6.49,1,11,3,1,0.2727272727272727,27.4,0,1,0,0,4,4,1,0,3.5,5.3,Detrator
883,50883,57,55 a 64 anos,Centro-Oeste,58,49 a 72 meses,316.14,2,113.41,3,4,1,1,0.25,23.6,0,2,2,1,6,4,1,0,2.8,6.1,Detrator
884,50884,39,35 a 44 anos,Centro-Oeste,22,13 a 24 meses,306.9,3,16.22,1,3,3,1,1.0,33.04,0,2,2,1,0,4,1,0,3.7,4.3,Detrator
885,50885,27,25 a 34 anos,Sudeste,58,49 a 72 meses,216.17,6,19.93,5,14,2,1,0.14285714285714285,20.09,0,2,3,1,9,6,1,0,0.0,2.7,Detrator
886,50886,58,55 a 64 anos,Sul,84,Mais de 72 meses,286.78,6,27.59,3,2,0,0,0.0,54.45,0,2,0,0,6,1,1,1,4.1,9.1,Promotor
887,50887,23,Até 24 anos,Sul,41,25 a 48 meses,355.38,4,42.97,2,8,1,1,0.125,34.48,0,3,1,1,3,3,1,1,6.1,8.0,Neutro
888,50888,34,25 a 34 anos,Norte,74,Mais de 72 meses,1154.76,5,77.65,8,4,0,0,0.0,58.9,0,1,1,1,2,1,1,1,7.2,9.6,Promotor
889,50889,29,25 a 34 anos,Sul,58,49 a 72 meses,525.95,5,9.27,6,11,0,0,0.0,47.18,0,1,1,1,1,4,1,0,7.2,7.0,Neutro
890,50890,23,Até 24 anos,Centro-Oeste,5,Até 12 meses,574.05,5,13.18,6,14,2,1,0.14285714285714285,32.32,0,2,2,1,8,4,1,0,0.3,3.3,Detrator
891,50891,60,55 a 64 anos,Centro-Oeste,79,Mais de 72 meses,114.98,2,51.09,11,7,2,1,0.2857142857142857,23.4,0,3,1,1,6,3,1,0,3.8,4.5,Detrator
892,50892,39,35 a 44 anos,Centro-Oeste,26,25 a 48 meses,870.52,4,11.19,2,13,2,1,0.15384615384615385,33.47,0,1,2,1,0,4,1,0,6.0,2.1,Detrator
893,50893,67,65 anos ou mais,Centro-Oeste,52,49 a 72 meses,657.4,1,11.73,4,12,3,1,0.25,51.45,0,1,1,1,8,4,1,0,1.1,4.0,Detrator
894,50894,33,25 a 34 anos,Norte,87,Mais de 72 meses,233.41,2,36.64,2,14,6,1,0.42857142857142855,43.03,0,3,1,1,2,3,1,0,2.2,0.6,Detrator
895,50895,21,Até 24 anos,Sul,51,49 a 72 meses,381.61,3,23.81,5,13,3,1,0.23076923076923078,35.79,0,2,2,1,7,4,1,0,0.0,0.9,Detrator
897,50897,50,45 a 54 anos,Sudeste,72,49 a 72 meses,101.24,3,21.05,6,3,1,1,0.3333333333333333,43.78,0,3,2,1,7,4,1,0,2.7,2.7,Detrator
898,50898,18,Até 24 anos,Sul,73,Mais de 72 meses,1024.58,1,48.36,9,9,1,1,0.1111111111111111,16.98,0,1,0,0,11,3,1,0,2.9,5.4,Detrator
899,50899,32,25 a 34 anos,Sudeste,79,Mais de 72 meses,396.07,4,126.81,1,9,2,1,0.2222222222222222,43.86,0,1,2,1,4,4,1,0,3.3,2.8,Detrator
900,50900,34,25 a 34 anos,Nordeste,21,13 a 24 meses,893.66,1,33.3,2,10,3,1,0.3,34.3,0,1,2,1,0,4,1,0,4.3,3.3,Detrator
901,50901,60,55 a 64 anos,Centro-Oeste,55,49 a 72 meses,341.01,3,16.72,4,3,3,1,1.0,49.54,0,1,0,0,7,4,1,0,3.0,4.9,Detrator
902,50902,36,35 a 44 anos,Sul,92,Mais de 72 meses,282.15,4,26.43,1,10,2,1,0.2,40.96,0,1,0,0,10,4,1,0,1.2,4.3,Detrator
903,50903,67,65 anos ou mais,Sudeste,119,Mais de 72 meses,149.3,1,63.46,4,3,3,1,1.0,36.7,0,1,2,1,7,4,1,0,0.0,2.4,Detrator
904,50904,36,35 a 44 anos,Sul,2,Até 12 meses,74.93,3,13.8,3,14,3,1,0.21428571428571427,49.3,0,2,2,1,10,4,1,0,0.0,1.4,Detrator
905,50905,37,35 a 44 anos,Sul,106,Mais de 72 meses,1043.22,3,41.61,6,11,2,1,0.18181818181818182,33.59,0,2,2,1,2,4,1,0,4.0,2.9,Detrator
906,50906,18,Até 24 anos,Nordeste,70,49 a 72 meses,167.65,6,69.74,11,11,2,1,0.18181818181818182,58.51,0,3,1,1,5,4,1,0,3.3,4.6,Detrator
907,50907,40,35 a 44 anos,Sul,37,25 a 48 meses,180.12,3,7.45,6,6,2,1,0.3333333333333333,14.12,0,1,2,1,5,6,1,0,2.8,3.4,Detrator
908,50908,33,25 a 34 anos,Nordeste,110,Mais de 72 meses,154.54,6,7.73,9,7,2,1,0.2857142857142857,41.47,0,1,2,1,6,4,1,0,2.0,5.9,Detrator
911,50911,32,25 a 34 anos,Nordeste,103,Mais de 72 meses,398.44,4,27.76,7,7,2,1,0.2857142857142857,55.79,0,2,1,1,8,5,1,0,2.4,3.2,Detrator
913,50913,54,45 a 54 anos,Sudeste,67,49 a 72 meses,83.33,2,3.26,4,11,0,0,0.0,49.72,0,3,0,0,9,0,0,0,4.0,6.5,Detrator
914,50914,58,55 a 64 anos,Nordeste,83,Mais de 72 meses,705.92,3,5.62,7,4,1,1,0.25,45.41,0,1,2,1,3,4,1,0,4.7,4.7,Detrator
915,50915,50,45 a 54 anos,Norte,49,49 a 72 meses,393.82,4,79.57,4,11,3,1,0.2727272727272727,53.5,0,3,3,1,2,7,1,0,3.0,0.0,Detrator
916,50916,49,45 a 54 anos,Nordeste,119,Mais de 72 meses,689.0,4,34.24,3,14,2,1,0.14285714285714285,28.21,0,1,3,1,3,7,1,0,2.4,1.4,Detrator
917,50917,48,45 a 54 anos,Norte,95,Mais de 72 meses,318.3,4,12.38,10,9,2,1,0.2222222222222222,43.2,0,1,2,1,2,5,1,0,4.0,5.1,Detrator
918,50918,32,25 a 34 anos,Sul,9,Até 12 meses,831.15,1,101.46,4,9,2,1,0.2222222222222222,33.09,0,2,2,1,5,4,1,0,2.5,4.4,Detrator
919,50919,18,Até 24 anos,Norte,23,13 a 24 meses,232.63,6,6.27,2,3,3,1,1.0,52.6,0,1,3,1,4,6,1,0,0.7,2.4,Detrator
920,50920,66,65 anos ou mais,Sudeste,81,Mais de 72 meses,102.64,3,11.84,7,5,1,1,0.2,44.54,0,1,1,1,7,4,1,1,3.8,9.6,Promotor
921,50921,29,25 a 34 anos,Sudeste,14,13 a 24 meses,504.09,1,63.97,7,3,1,1,0.3333333333333333,38.05,0,1,2,1,10,5,1,0,0.8,7.9,Neutro
922,50922,52,45 a 54 anos,Nordeste,30,25 a 48 meses,929.76,2,23.52,7,11,3,1,0.2727272727272727,45.39,0,2,0,0,2,1,1,0,5.5,7.6,Neutro
923,50923,54,45 a 54 anos,Norte,112,Mais de 72 meses,1247.83,2,5.25,4,13,0,0,0.0,32.55,0,2,1,1,4,1,1,1,5.5,8.1,Neutro
924,50924,65,65 anos ou mais,Nordeste,4,Até 12 meses,346.29,2,11.51,11,14,2,1,0.14285714285714285,45.52,0,1,1,1,3,4,1,0,4.4,4.1,Detrator
925,50925,47,45 a 54 anos,Nordeste,83,Mais de 72 meses,368.7,3,3.08,11,8,2,1,0.25,35.53,0,3,3,1,10,6,1,0,0.0,4.3,Detrator
927,50927,28,25 a 34 anos,Nordeste,95,Mais de 72 meses,124.4,6,32.2,4,12,2,1,0.16666666666666666,48.38,0,2,1,1,0,4,1,0,5.9,6.1,Detrator
928,50928,49,45 a 54 anos,Sudeste,103,Mais de 72 meses,623.62,2,57.31,1,13,5,1,0.38461538461538464,49.87,0,3,2,1,10,6,1,0,0.0,0.0,Detrator
929,50929,19,Até 24 anos,Sul,83,Mais de 72 meses,122.65,3,13.89,4,2,2,1,1.0,29.02,0,2,2,1,7,7,1,0,1.6,4.9,Detrator
930,50930,27,25 a 34 anos,Sudeste,57,49 a 72 meses,545.64,6,23.29,6,7,1,1,0.14285714285714285,51.79,0,3,1,1,8,4,1,0,3.0,7.9,Neutro
931,50931,63,55 a 64 anos,Sudeste,79,Mais de 72 meses,908.95,4,43.43,4,12,0,0,0.0,28.28,0,1,0,0,5,2,1,1,6.2,9.0,Promotor
932,50932,39,35 a 44 anos,Sudeste,81,Mais de 72 meses,272.0,5,40.33,6,8,1,1,0.125,48.07,0,1,2,1,5,5,1,0,3.5,4.3,Detrator
933,50933,26,25 a 34 anos,Centro-Oeste,109,Mais de 72 meses,482.26,1,83.68,8,5,3,1,0.6,44.14,0,2,1,1,1,3,1,0,5.2,3.8,Detrator
935,50935,42,35 a 44 anos,Nordeste,110,Mais de 72 meses,229.98,5,0.38,8,6,3,1,0.5,61.4,0,1,4,1,5,6,1,0,0.0,0.0,Detrator
936,50936,38,35 a 44 anos,Centro-Oeste,101,Mais de 72 meses,592.09,1,69.36,1,6,1,1,0.16666666666666666,38.76,0,3,3,1,11,5,1,0,0.0,1.6,Detrator
937,50937,35,35 a 44 anos,Sul,78,Mais de 72 meses,459.2,5,14.92,6,6,5,1,0.8333333333333334,49.8,0,2,1,1,2,4,1,0,3.0,1.8,Detrator
938,50938,37,35 a 44 anos,Sudeste,4,Até 12 meses,216.05,2,8.62,1,9,3,1,0.3333333333333333,47.71,0,2,1,1,4,4,1,0,2.6,4.0,Detrator
939,50939,68,65 anos ou mais,Norte,18,13 a 24 meses,78.13,1,60.98,7,7,3,1,0.42857142857142855,22.33,0,2,3,1,7,5,1,0,0.3,3.6,Detrator
940,50940,57,55 a 64 anos,Nordeste,17,13 a 24 meses,314.17,6,121.0,3,8,7,1,0.875,44.65,0,1,1,1,1,4,1,0,0.8,0.0,Detrator
941,50941,33,25 a 34 anos,Norte,32,25 a 48 meses,337.35,4,4.36,8,7,1,1,0.14285714285714285,54.48,0,1,1,1,11,4,1,0,1.9,5.5,Detrator
942,50942,66,65 anos ou mais,Sudeste,70,49 a 72 meses,222.66,5,90.42,7,12,1,1,0.08333333333333333,45.86,0,2,1,1,1,4,1,1,6.4,9.9,Promotor
943,50943,56,55 a 64 anos,Norte,53,49 a 72 meses,591.02,3,15.3,6,9,1,1,0.1111111111111111,54.38,0,1,1,1,9,4,1,0,1.1,6.4,Detrator
944,50944,52,45 a 54 anos,Nordeste,5,Até 12 meses,243.15,4,14.69,9,3,3,1,1.0,49.71,0,2,1,1,1,4,1,0,5.4,3.8,Detrator
945,50945,46,45 a 54 anos,Sudeste,40,25 a 48 meses,296.12,5,35.36,9,6,2,1,0.3333333333333333,37.51,0,3,1,1,7,3,1,0,2.9,6.7,Detrator
946,50946,63,55 a 64 anos,Nordeste,69,49 a 72 meses,574.37,6,0.58,9,10,2,1,0.2,40.74,0,3,1,1,9,4,1,0,1.1,4.4,Detrator
947,50947,47,45 a 54 anos,Sudeste,85,Mais de 72 meses,252.69,1,8.74,5,4,2,1,0.5,30.52,0,3,0,0,11,3,1,0,0.5,3.5,Detrator
949,50949,65,65 anos ou mais,Sul,91,Mais de 72 meses,157.35,4,49.86,6,14,0,0,0.0,72.45,0,3,1,1,7,1,1,1,4.1,8.9,Neutro
950,50950,20,Até 24 anos,Sudeste,97,Mais de 72 meses,225.35,6,39.43,3,10,1,1,0.1,20.51,0,1,0,0,0,2,1,1,7.8,8.4,Neutro
951,50951,49,45 a 54 anos,Sul,80,Mais de 72 meses,886.39,6,47.78,4,3,1,1,0.3333333333333333,13.6,0,1,0,0,6,2,1,0,5.4,7.5,Neutro
952,50952,31,25 a 34 anos,Sudeste,91,Mais de 72 meses,1080.61,2,33.49,5,5,1,1,0.2,50.62,0,2,1,1,7,4,1,0,3.3,3.1,Detrator
953,50953,43,35 a 44 anos,Nordeste,74,Mais de 72 meses,453.38,3,4.43,11,3,1,1,0.3333333333333333,34.97,0,2,0,0,0,1,1,1,10.0,8.3,Neutro
954,50954,22,Até 24 anos,Centro-Oeste,56,49 a 72 meses,511.03,3,23.63,6,5,1,1,0.2,17.24,0,1,4,1,7,7,1,0,0.6,2.2,Detrator
955,50955,45,45 a 54 anos,Sudeste,15,13 a 24 meses,174.88,3,15.02,9,10,8,1,0.8,40.97,0,1,2,1,8,5,1,0,0.0,0.0,Detrator
956,50956,25,25 a 34 anos,Sul,8,Até 12 meses,715.9,2,10.06,9,7,2,1,0.2857142857142857,25.35,0,3,3,1,6,6,1,0,0.8,3.1,Detrator
957,50957,62,55 a 64 anos,Nordeste,7,Até 12 meses,323.25,3,12.78,4,12,4,1,0.3333333333333333,47.3,0,2,3,1,8,8,1,0,0.0,0.0,Detrator
958,50958,65,65 anos ou mais,Sudeste,27,25 a 48 meses,685.24,6,2.54,7,6,3,1,0.5,18.14,0,3,1,1,1,3,1,0,3.8,2.9,Detrator
959,50959,50,45 a 54 anos,Centro-Oeste,87,Mais de 72 meses,742.01,2,140.46,5,2,1,1,0.5,28.15,0,1,1,1,10,3,1,0,1.5,3.5,Detrator
960,50960,53,45 a 54 anos,Sudeste,87,Mais de 72 meses,342.28,6,35.49,5,11,1,1,0.09090909090909091,32.54,0,1,3,1,0,6,1,0,6.3,3.5,Detrator
961,50961,30,25 a 34 anos,Centro-Oeste,73,Mais de 72 meses,725.38,1,47.8,7,6,5,1,0.8333333333333334,40.9,0,1,0,0,2,2,1,0,4.1,1.7,Detrator
962,50962,37,35 a 44 anos,Nordeste,21,13 a 24 meses,401.34,3,18.68,4,12,3,1,0.25,51.28,0,3,1,1,0,5,1,0,4.9,6.0,Detrator
963,50963,35,35 a 44 anos,Sudeste,88,Mais de 72 meses,262.83,1,23.37,10,12,2,1,0.16666666666666666,56.27,0,1,2,1,6,4,1,0,1.2,3.6,Detrator
964,50964,68,65 anos ou mais,Centro-Oeste,82,Mais de 72 meses,787.5,2,10.43,2,3,1,1,0.3333333333333333,47.18,0,2,1,1,7,4,1,0,2.7,5.6,Detrator
965,50965,67,65 anos ou mais,Norte,82,Mais de 72 meses,306.06,2,71.6,2,9,4,1,0.4444444444444444,13.5,0,3,0,0,5,2,1,0,1.7,4.9,Detrator
966,50966,37,35 a 44 anos,Sudeste,113,Mais de 72 meses,310.47,6,20.03,5,12,2,1,0.16666666666666666,32.04,0,1,2,1,3,5,1,0,4.3,2.5,Detrator
967,50967,60,55 a 64 anos,Sudeste,63,49 a 72 meses,51.73,3,8.82,4,8,3,1,0.375,38.05,0,1,3,1,0,7,1,0,1.9,0.1,Detrator
968,50968,50,45 a 54 anos,Centro-Oeste,56,49 a 72 meses,237.94,4,17.96,6,4,1,1,0.25,43.92,0,1,0,0,10,2,1,0,2.8,7.9,Neutro
969,50969,38,35 a 44 anos,Centro-Oeste,70,49 a 72 meses,449.7,1,62.82,4,10,4,1,0.4,27.9,0,3,4,1,9,8,1,0,0.0,0.5,Detrator
970,50970,63,55 a 64 anos,Nordeste,84,Mais de 72 meses,441.76,6,20.35,4,6,2,1,0.3333333333333333,19.05,0,3,0,0,8,3,1,0,2.1,5.6,Detrator
971,50971,41,35 a 44 anos,Centro-Oeste,43,25 a 48 meses,51.75,6,36.92,2,13,2,1,0.15384615384615385,47.69,0,2,2,1,0,6,1,0,6.4,4.7,Detrator
972,50972,45,45 a 54 anos,Norte,103,Mais de 72 meses,170.11,2,0.79,7,2,0,0,0.0,58.81,0,1,1,1,8,3,1,0,3.4,6.5,Detrator
973,50973,22,Até 24 anos,Norte,8,Até 12 meses,382.37,4,86.84,10,14,6,1,0.42857142857142855,46.75,0,3,0,0,5,3,1,0,0.0,1.9,Detrator
974,50974,47,45 a 54 anos,Nordeste,106,Mais de 72 meses,196.19,2,8.38,2,12,0,0,0.0,32.48,0,1,1,1,8,4,1,1,4.6,8.0,Neutro
975,50975,60,55 a 64 anos,Nordeste,6,Até 12 meses,248.21,4,8.05,6,8,3,1,0.375,45.04,0,1,1,1,3,3,1,0,4.2,4.6,Detrator
976,50976,41,35 a 44 anos,Centro-Oeste,70,49 a 72 meses,335.79,4,24.22,6,12,2,1,0.16666666666666666,49.03,0,1,4,1,9,9,1,0,0.0,0.0,Detrator
977,50977,56,55 a 64 anos,Nordeste,71,49 a 72 meses,1176.27,3,103.23,6,4,3,1,0.75,25.84,0,1,0,0,9,2,1,0,1.3,3.4,Detrator
978,50978,31,25 a 34 anos,Norte,11,Até 12 meses,403.97,4,17.8,9,8,3,1,0.375,42.82,0,1,3,1,11,7,1,0,0.0,1.5,Detrator
979,50979,53,45 a 54 anos,Centro-Oeste,48,25 a 48 meses,779.36,5,7.46,11,12,3,1,0.25,24.07,0,2,0,0,5,2,1,0,3.6,3.5,Detrator
980,50980,53,45 a 54 anos,Sul,117,Mais de 72 meses,574.41,5,60.26,3,8,1,1,0.125,32.03,0,1,2,1,2,3,1,1,4.9,9.3,Promotor
981,50981,43,35 a 44 anos,Norte,26,25 a 48 meses,1014.85,3,38.77,10,14,3,1,0.21428571428571427,31.75,0,3,0,0,9,3,1,0,1.3,4.7,Detrator
982,50982,30,25 a 34 anos,Sudeste,84,Mais de 72 meses,265.06,5,29.19,2,13,3,1,0.23076923076923078,34.42,0,1,0,0,3,2,1,0,3.8,3.8,Detrator
983,50983,57,55 a 64 anos,Norte,24,13 a 24 meses,96.86,2,16.05,2,10,1,1,0.1,7.14,0,1,0,0,3,2,1,1,7.0,8.7,Neutro
984,50984,38,35 a 44 anos,Nordeste,72,49 a 72 meses,213.31,4,45.78,4,3,3,1,1.0,51.85,0,2,2,1,0,4,1,0,4.2,3.6,Detrator
985,50985,43,35 a 44 anos,Centro-Oeste,61,49 a 72 meses,258.17,3,3.17,4,6,0,0,0.0,42.37,0,2,1,1,11,1,1,0,0.8,6.9,Detrator
986,50986,51,45 a 54 anos,Norte,32,25 a 48 meses,830.6,1,4.35,10,10,1,1,0.1,38.1,0,2,0,0,7,3,1,0,4.0,4.9,Detrator
987,50987,57,55 a 64 anos,Sudeste,63,49 a 72 meses,1153.7,4,5.89,7,8,4,1,0.5,39.96,0,2,3,1,6,5,1,0,0.2,0.6,Detrator
988,50988,31,25 a 34 anos,Nordeste,9,Até 12 meses,208.58,2,46.14,11,4,1,1,0.25,47.53,0,1,1,1,3,4,1,0,6.1,5.3,Detrator
989,50989,38,35 a 44 anos,Sudeste,60,49 a 72 meses,623.26,3,22.28,9,14,2,1,0.14285714285714285,58.16,0,2,1,1,6,4,1,0,2.3,4.4,Detrator
990,50990,60,55 a 64 anos,Nordeste,23,13 a 24 meses,163.57,1,54.73,2,2,1,1,0.5,38.28,0,3,2,1,0,3,1,0,6.3,7.6,Neutro
991,50991,66,65 anos ou mais,Sudeste,77,Mais de 72 meses,978.28,2,2.27,1,4,3,1,0.75,31.69,0,1,0,0,1,3,1,1,5.8,8.1,Neutro
992,50992,64,55 a 64 anos,Sudeste,69,49 a 72 meses,479.42,2,12.72,1,10,3,1,0.3,43.38,0,3,3,1,10,6,1,0,0.0,1.8,Detrator
993,50993,67,65 anos ou mais,Sul,78,Mais de 72 meses,484.34,1,25.45,4,6,1,1,0.16666666666666666,36.47,0,3,2,1,2,3,1,0,6.1,6.4,Detrator
994,50994,36,35 a 44 anos,Norte,117,Mais de 72 meses,631.64,1,14.7,2,11,0,0,0.0,45.79,0,2,1,1,3,4,1,0,7.1,5.5,Detrator
995,50995,29,25 a 34 anos,Sudeste,45,25 a 48 meses,167.31,1,23.04,10,5,2,1,0.4,46.22,0,1,2,1,11,4,1,0,0.0,2.9,Detrator
996,50996,53,45 a 54 anos,Norte,114,Mais de 72 meses,410.4,2,22.5,6,9,1,1,0.1111111111111111,47.41,0,1,3,1,8,6,1,0,1.1,0.9,Detrator
997,50997,47,45 a 54 anos,Centro-Oeste,24,13 a 24 meses,222.64,6,71.07,6,14,1,1,0.07142857142857142,37.11,0,3,2,1,8,4,1,0,2.2,2.7,Detrator
998,50998,61,55 a 64 anos,Sudeste,66,49 a 72 meses,516.25,5,2.78,2,14,2,1,0.14285714285714285,46.83,0,3,0,0,6,1,1,1,3.7,8.2,Neutro
999,50999,50,45 a 54 anos,Sudeste,3,Até 12 meses,818.05,2,31.12,1,11,5,1,0.45454545454545453,39.17,0,3,3,1,4,7,1,0,0.0,1.2,Detrator
1000,51000,61,55 a 64 anos,Centro-Oeste,112,Mais de 72 meses,449.69,1,22.72,4,12,4,1,0.3333333333333333,31.52,0,1,0,0,0,2,1,0,5.7,2.2,Detrator
1001,51001,40,35 a 44 anos,Norte,61,49 a 72 meses,308.68,5,20.69,1,8,0,0,0.0,36.98,0,2,0,0,4,1,1,0,8.5,4.1,Detrator
1002,51002,58,55 a 64 anos,Norte,106,Mais de 72 meses,198.12,6,28.95,2,14,3,1,0.21428571428571427,55.7,0,1,2,1,9,8,1,0,0.0,4.2,Detrator
1003,51003,30,25 a 34 anos,Norte,13,13 a 24 meses,228.76,3,26.71,7,5,0,0,0.0,44.83,0,2,1,1,6,2,1,0,5.8,4.1,Detrator
1004,51004,45,45 a 54 anos,Sudeste,112,Mais de 72 meses,300.88,2,28.88,11,7,4,1,0.5714285714285714,39.72,0,2,1,1,0,3,1,0,4.9,4.7,Detrator
1005,51005,45,45 a 54 anos,Nordeste,15,13 a 24 meses,819.32,5,26.25,6,5,1,1,0.2,42.99,0,1,4,1,3,7,1,0,2.6,5.6,Detrator
1006,51006,36,35 a 44 anos,Sul,53,49 a 72 meses,443.59,1,26.75,2,6,2,1,0.3333333333333333,38.58,0,1,1,1,0,3,1,0,6.7,4.3,Detrator
1007,51007,54,45 a 54 anos,Sul,97,Mais de 72 meses,676.14,1,2.96,1,6,4,1,0.6666666666666666,32.27,0,3,0,0,1,2,1,0,5.4,1.8,Detrator
1008,51008,48,45 a 54 anos,Sul,71,49 a 72 meses,319.82,3,0.1,2,8,7,1,0.875,27.94,0,1,1,1,0,3,1,0,0.9,0.0,Detrator
1009,51009,67,65 anos ou mais,Sudeste,43,25 a 48 meses,1048.14,4,5.75,6,10,4,1,0.4,42.07,0,1,1,1,7,3,1,0,0.4,0.9,Detrator
1011,51011,56,55 a 64 anos,Sudeste,15,13 a 24 meses,237.82,1,44.05,3,8,4,1,0.5,47.95,0,2,0,0,5,3,1,0,3.7,2.4,Detrator
1012,51012,34,25 a 34 anos,Sul,11,Até 12 meses,269.15,4,78.77,2,10,2,1,0.2,49.66,0,2,1,1,10,2,1,1,0.2,8.8,Neutro
1013,51013,45,45 a 54 anos,Sudeste,95,Mais de 72 meses,133.27,1,59.37,10,8,4,1,0.5,25.78,0,3,4,1,3,8,1,0,0.7,0.0,Detrator
1014,51014,21,Até 24 anos,Norte,67,49 a 72 meses,577.2,2,52.92,4,4,3,1,0.75,32.63,0,3,2,1,10,6,1,0,0.0,2.3,Detrator
1015,51015,23,Até 24 anos,Centro-Oeste,11,Até 12 meses,170.66,1,43.83,7,5,4,1,0.8,36.63,0,2,3,1,5,5,1,0,0.0,0.0,Detrator
1016,51016,36,35 a 44 anos,Centro-Oeste,3,Até 12 meses,96.22,3,40.83,3,10,0,0,0.0,24.75,0,3,0,0,7,1,1,1,5.3,9.1,Promotor
1017,51017,40,35 a 44 anos,Nordeste,90,Mais de 72 meses,445.11,4,67.03,8,8,1,1,0.125,27.71,0,3,0,0,7,2,1,0,4.9,3.0,Detrator
1018,51018,57,55 a 64 anos,Norte,15,13 a 24 meses,518.25,2,30.71,10,12,2,1,0.16666666666666666,20.98,0,1,0,0,6,4,1,0,4.9,5.5,Detrator
1019,51019,62,55 a 64 anos,Sul,94,Mais de 72 meses,87.73,2,61.55,8,13,1,1,0.07692307692307693,23.42,0,1,2,1,3,5,1,0,5.2,0.0,Detrator
1021,51021,23,Até 24 anos,Sudeste,30,25 a 48 meses,440.54,2,20.05,11,4,3,1,0.75,37.59,0,3,1,1,7,3,1,0,2.5,0.1,Detrator
1022,51022,41,35 a 44 anos,Nordeste,65,49 a 72 meses,617.05,5,45.43,11,13,1,1,0.07692307692307693,37.72,0,1,4,1,3,7,1,0,3.2,5.1,Detrator
1023,51023,39,35 a 44 anos,Sul,55,49 a 72 meses,211.59,2,40.16,5,4,3,1,0.75,24.0,0,1,2,1,0,6,1,0,6.2,4.9,Detrator
1024,51024,38,35 a 44 anos,Sul,58,49 a 72 meses,224.41,2,23.93,10,3,2,1,0.6666666666666666,36.12,0,2,3,1,0,5,1,0,4.8,3.1,Detrator
1025,51025,31,25 a 34 anos,Centro-Oeste,24,13 a 24 meses,239.0,2,16.32,2,14,3,1,0.21428571428571427,22.79,0,1,1,1,6,4,1,0,2.8,1.1,Detrator
1026,51026,41,35 a 44 anos,Centro-Oeste,53,49 a 72 meses,681.24,3,36.6,9,4,2,1,0.5,49.72,0,2,0,0,9,2,1,0,1.3,6.3,Detrator
1027,51027,42,35 a 44 anos,Norte,11,Até 12 meses,306.18,2,14.2,8,12,3,1,0.25,34.77,0,3,0,0,7,2,1,0,3.6,6.5,Detrator
1028,51028,34,25 a 34 anos,Norte,8,Até 12 meses,75.6,1,72.81,8,8,1,1,0.125,37.31,0,1,0,0,4,1,1,0,5.6,6.0,Detrator
1029,51029,68,65 anos ou mais,Nordeste,41,25 a 48 meses,1292.5,3,86.22,5,12,0,0,0.0,30.42,0,3,1,1,8,2,1,0,3.6,4.2,Detrator
1030,51030,63,55 a 64 anos,Norte,9,Até 12 meses,178.49,4,113.62,1,8,2,1,0.25,39.05,0,1,2,1,8,7,1,0,0.6,1.5,Detrator
1031,51031,52,45 a 54 anos,Centro-Oeste,96,Mais de 72 meses,626.91,5,82.54,1,12,2,1,0.16666666666666666,55.81,0,2,3,1,7,6,1,0,0.8,2.4,Detrator
1032,51032,34,25 a 34 anos,Norte,39,25 a 48 meses,200.12,5,3.02,4,10,1,1,0.1,56.3,0,3,1,1,4,3,1,0,4.9,4.7,Detrator
1033,51033,45,45 a 54 anos,Norte,49,49 a 72 meses,179.06,5,6.13,6,8,3,1,0.375,47.87,0,2,1,1,7,7,1,0,1.5,0.0,Detrator
1034,51034,19,Até 24 anos,Centro-Oeste,53,49 a 72 meses,252.46,5,5.47,11,13,2,1,0.15384615384615385,59.95,0,3,1,1,4,4,1,0,4.9,4.5,Detrator
1035,51035,51,45 a 54 anos,Norte,115,Mais de 72 meses,825.72,1,62.9,8,12,3,1,0.25,35.74,0,2,1,1,7,3,1,0,0.9,0.0,Detrator
1036,51036,18,Até 24 anos,Sudeste,61,49 a 72 meses,1000.58,6,40.24,4,10,1,1,0.1,36.9,0,1,2,1,8,6,1,0,0.5,4.4,Detrator
1037,51037,64,55 a 64 anos,Centro-Oeste,79,Mais de 72 meses,717.07,4,64.48,10,4,1,1,0.25,31.94,0,2,2,1,4,5,1,0,4.9,5.5,Detrator
1039,51039,39,35 a 44 anos,Centro-Oeste,12,Até 12 meses,499.44,2,14.15,11,2,1,1,0.5,30.66,0,1,1,1,5,4,1,0,4.5,7.8,Neutro
1040,51040,59,55 a 64 anos,Sudeste,80,Mais de 72 meses,155.11,5,20.98,2,6,3,1,0.5,24.02,0,2,0,0,5,2,1,0,3.5,6.9,Detrator
1041,51041,21,Até 24 anos,Nordeste,4,Até 12 meses,63.84,5,9.2,1,9,3,1,0.3333333333333333,50.19,0,3,1,1,3,6,1,0,3.7,2.8,Detrator
1043,51043,53,45 a 54 anos,Norte,37,25 a 48 meses,460.87,1,4.18,7,10,3,1,0.3,28.28,0,3,0,0,7,3,1,0,3.8,4.3,Detrator
1044,51044,56,55 a 64 anos,Sul,31,25 a 48 meses,688.36,5,77.19,5,4,2,1,0.5,42.26,0,1,0,0,10,2,1,0,1.7,5.6,Detrator
1045,51045,29,25 a 34 anos,Sudeste,101,Mais de 72 meses,116.95,4,51.35,8,6,0,0,0.0,36.4,0,3,2,1,0,5,1,0,8.0,7.2,Neutro
1047,51047,65,65 anos ou mais,Sudeste,42,25 a 48 meses,238.77,1,13.09,9,3,1,1,0.3333333333333333,5.81,0,2,1,1,10,3,1,0,2.2,4.7,Detrator
1048,51048,58,55 a 64 anos,Nordeste,83,Mais de 72 meses,840.99,5,28.96,2,9,1,1,0.1111111111111111,56.54,0,1,3,1,2,5,1,0,4.0,5.0,Detrator
1049,51049,24,Até 24 anos,Sudeste,13,13 a 24 meses,323.96,1,0.24,1,2,0,0,0.0,39.88,0,1,4,1,6,6,1,0,2.4,4.7,Detrator
1050,51050,48,45 a 54 anos,Nordeste,115,Mais de 72 meses,788.38,3,18.53,11,11,5,1,0.45454545454545453,24.37,0,2,1,1,5,6,1,0,0.0,3.7,Detrator
1051,51051,22,Até 24 anos,Nordeste,115,Mais de 72 meses,328.88,4,24.7,5,2,2,1,1.0,25.37,0,2,1,1,8,3,1,0,2.4,5.6,Detrator
1052,51052,44,35 a 44 anos,Norte,6,Até 12 meses,241.59,1,4.99,1,12,6,1,0.5,37.73,0,1,1,1,3,5,1,0,0.8,4.0,Detrator
1053,51053,42,35 a 44 anos,Sudeste,22,13 a 24 meses,289.0,1,41.56,6,5,0,0,0.0,42.19,0,3,1,1,4,1,1,1,6.5,10.0,Promotor
1054,51054,34,25 a 34 anos,Sul,60,49 a 72 meses,217.35,5,18.4,5,10,1,1,0.1,34.07,0,1,2,1,0,4,1,0,6.6,7.7,Neutro
1055,51055,45,45 a 54 anos,Centro-Oeste,96,Mais de 72 meses,421.83,3,75.88,8,9,0,0,0.0,65.26,0,3,4,1,5,6,1,0,2.0,4.9,Detrator
1056,51056,44,35 a 44 anos,Nordeste,59,49 a 72 meses,142.73,2,8.91,6,7,2,1,0.2857142857142857,40.64,0,1,0,0,7,4,1,0,4.7,4.0,Detrator
1058,51058,66,65 anos ou mais,Sudeste,26,25 a 48 meses,250.64,6,1.21,10,2,1,1,0.5,28.02,0,3,2,1,4,6,1,0,5.4,3.1,Detrator
1059,51059,46,45 a 54 anos,Sul,51,49 a 72 meses,140.63,6,10.15,2,8,0,0,0.0,19.05,0,2,4,1,10,6,1,0,0.0,4.2,Detrator
1060,51060,44,35 a 44 anos,Nordeste,81,Mais de 72 meses,692.01,5,6.74,3,14,5,1,0.35714285714285715,35.11,0,1,0,0,6,3,1,0,0.5,2.1,Detrator
1061,51061,34,25 a 34 anos,Centro-Oeste,50,49 a 72 meses,1102.87,6,4.42,11,10,3,1,0.3,30.47,0,2,0,0,7,2,1,0,2.5,4.9,Detrator
1062,51062,55,55 a 64 anos,Sudeste,74,Mais de 72 meses,717.06,5,26.17,8,9,3,1,0.3333333333333333,61.2,0,1,0,0,7,3,1,0,2.6,6.9,Detrator
1063,51063,33,25 a 34 anos,Sudeste,43,25 a 48 meses,424.42,1,0.17,2,4,2,1,0.5,28.23,0,2,0,0,9,3,1,0,1.3,5.1,Detrator
1064,51064,26,25 a 34 anos,Sudeste,36,25 a 48 meses,261.2,2,77.81,6,7,2,1,0.2857142857142857,32.74,0,1,2,1,0,5,1,0,6.5,7.8,Neutro
1065,51065,49,45 a 54 anos,Norte,26,25 a 48 meses,395.12,6,133.66,8,5,0,0,0.0,40.72,0,2,0,0,8,0,0,1,4.6,8.3,Neutro
1066,51066,18,Até 24 anos,Nordeste,13,13 a 24 meses,533.08,2,16.95,3,3,2,1,0.6666666666666666,44.3,0,2,1,1,6,3,1,0,2.2,5.3,Detrator
1067,51067,26,25 a 34 anos,Centro-Oeste,94,Mais de 72 meses,330.85,5,51.66,9,10,4,1,0.4,48.23,0,2,0,0,0,1,1,0,5.6,6.5,Detrator
1068,51068,67,65 anos ou mais,Centro-Oeste,14,13 a 24 meses,496.05,1,1.38,2,3,2,1,0.6666666666666666,37.12,0,1,2,1,4,4,1,0,3.0,2.0,Detrator
1069,51069,24,Até 24 anos,Sul,11,Até 12 meses,1089.78,2,37.55,4,4,1,1,0.25,39.5,0,2,1,1,7,5,1,0,4.3,6.9,Detrator
1070,51070,61,55 a 64 anos,Norte,61,49 a 72 meses,737.46,3,8.36,7,10,1,1,0.1,27.88,0,1,1,1,8,3,1,0,2.1,7.7,Neutro
1071,51071,54,45 a 54 anos,Norte,18,13 a 24 meses,441.68,3,24.7,8,6,3,1,0.5,43.68,0,3,1,1,1,4,1,0,5.6,3.6,Detrator
1072,51072,57,55 a 64 anos,Sul,86,Mais de 72 meses,480.64,2,0.02,6,6,5,1,0.8333333333333334,52.63,0,2,1,1,5,3,1,0,0.0,3.6,Detrator
1073,51073,68,65 anos ou mais,Nordeste,23,13 a 24 meses,266.94,2,26.84,7,6,2,1,0.3333333333333333,41.4,0,1,1,1,10,4,1,0,0.0,6.6,Detrator
1074,51074,62,55 a 64 anos,Norte,101,Mais de 72 meses,495.79,6,19.17,11,8,3,1,0.375,20.88,0,2,4,1,10,7,1,0,0.0,1.0,Detrator
1075,51075,23,Até 24 anos,Norte,119,Mais de 72 meses,473.34,1,70.21,1,12,1,1,0.08333333333333333,22.94,0,3,2,1,8,4,1,0,2.2,6.9,Detrator
1076,51076,54,45 a 54 anos,Sul,7,Até 12 meses,681.77,3,22.47,3,12,1,1,0.08333333333333333,40.11,0,2,2,1,6,6,1,1,2.2,8.0,Neutro
1077,51077,56,55 a 64 anos,Sudeste,66,49 a 72 meses,85.85,1,1.05,3,5,1,1,0.2,38.96,0,1,1,1,11,3,1,0,0.8,4.4,Detrator
1078,51078,21,Até 24 anos,Sudeste,25,25 a 48 meses,163.0,3,10.68,9,9,3,1,0.3333333333333333,28.27,0,2,0,0,4,5,1,1,4.4,9.4,Promotor
1079,51079,66,65 anos ou mais,Centro-Oeste,103,Mais de 72 meses,772.48,2,19.49,5,10,3,1,0.3,38.28,0,3,3,1,9,5,1,0,0.0,0.3,Detrator
1080,51080,54,45 a 54 anos,Sul,88,Mais de 72 meses,531.07,6,13.17,5,5,4,1,0.8,31.21,0,3,1,1,10,4,1,0,0.0,2.9,Detrator
1081,51081,27,25 a 34 anos,Sudeste,107,Mais de 72 meses,386.97,3,0.41,9,13,2,1,0.15384615384615385,49.52,0,1,1,1,7,3,1,0,2.2,3.2,Detrator
1083,51083,66,65 anos ou mais,Sudeste,51,49 a 72 meses,591.75,4,134.67,7,4,2,1,0.5,14.51,0,3,1,1,11,3,1,0,0.1,6.3,Detrator
1084,51084,52,45 a 54 anos,Norte,17,13 a 24 meses,451.04,6,78.42,3,7,1,1,0.14285714285714285,52.0,0,3,1,1,6,4,1,0,4.4,5.9,Detrator
1085,51085,25,25 a 34 anos,Centro-Oeste,51,49 a 72 meses,758.04,2,11.11,9,11,4,1,0.36363636363636365,49.94,0,2,2,1,11,4,1,0,0.0,1.4,Detrator
1086,51086,40,35 a 44 anos,Nordeste,24,13 a 24 meses,268.99,5,6.54,9,13,4,1,0.3076923076923077,14.45,0,3,0,0,8,3,1,0,1.3,2.0,Detrator
1087,51087,66,65 anos ou mais,Sul,23,13 a 24 meses,526.92,4,1.39,10,2,2,1,1.0,41.45,0,3,1,1,6,4,1,0,4.2,0.0,Detrator
1088,51088,69,65 anos ou mais,Nordeste,99,Mais de 72 meses,232.1,4,47.45,7,6,2,1,0.3333333333333333,43.75,0,3,1,1,1,3,1,0,5.1,1.7,Detrator
1089,51089,24,Até 24 anos,Norte,22,13 a 24 meses,491.63,5,55.02,3,10,3,1,0.3,21.79,0,1,1,1,4,3,1,0,3.3,6.6,Detrator
1090,51090,19,Até 24 anos,Sudeste,116,Mais de 72 meses,342.67,5,81.52,4,10,3,1,0.3,43.57,0,2,2,1,8,5,1,0,0.0,3.4,Detrator
1091,51091,55,55 a 64 anos,Centro-Oeste,73,Mais de 72 meses,453.48,5,47.67,2,12,5,1,0.4166666666666667,35.3,0,3,1,1,0,5,1,0,3.7,3.2,Detrator
1092,51092,37,35 a 44 anos,Nordeste,79,Mais de 72 meses,575.52,5,18.97,11,14,4,1,0.2857142857142857,32.64,0,1,3,1,4,6,1,0,1.2,1.8,Detrator
1094,51094,47,45 a 54 anos,Norte,22,13 a 24 meses,293.76,2,23.4,7,4,0,0,0.0,39.26,0,3,1,1,2,2,1,0,7.3,5.8,Detrator
1095,51095,65,65 anos ou mais,Sudeste,10,Até 12 meses,1089.9,2,9.48,2,14,1,1,0.07142857142857142,29.37,0,2,5,1,5,7,1,0,2.0,1.1,Detrator
1096,51096,42,35 a 44 anos,Nordeste,107,Mais de 72 meses,695.91,3,56.14,2,9,5,1,0.5555555555555556,52.95,0,2,0,0,10,5,1,0,0.0,1.9,Detrator
1098,51098,34,25 a 34 anos,Nordeste,62,49 a 72 meses,271.43,2,24.94,6,7,1,1,0.14285714285714285,36.41,0,1,2,1,3,4,1,0,5.2,3.1,Detrator
1099,51099,26,25 a 34 anos,Norte,114,Mais de 72 meses,450.74,1,9.09,3,5,2,1,0.4,51.34,0,1,1,1,0,5,1,0,5.6,6.1,Detrator
1100,51100,60,55 a 64 anos,Sul,69,49 a 72 meses,508.46,2,9.85,7,9,3,1,0.3333333333333333,43.86,0,3,2,1,6,5,1,0,1.1,4.2,Detrator
1101,51101,49,45 a 54 anos,Sudeste,10,Até 12 meses,129.61,4,2.72,1,12,2,1,0.16666666666666666,47.23,0,1,3,1,2,7,1,0,3.5,3.0,Detrator
1102,51102,41,35 a 44 anos,Centro-Oeste,35,25 a 48 meses,281.81,2,2.39,2,12,0,0,0.0,40.03,0,3,1,1,6,3,1,0,5.1,6.7,Detrator
1103,51103,33,25 a 34 anos,Norte,21,13 a 24 meses,705.61,3,9.24,3,5,2,1,0.4,21.15,0,1,2,1,8,6,1,0,0.2,4.1,Detrator
1104,51104,63,55 a 64 anos,Norte,11,Até 12 meses,193.62,3,41.32,8,10,3,1,0.3,55.43,0,3,1,1,2,5,1,0,4.0,3.9,Detrator
1105,51105,29,25 a 34 anos,Nordeste,104,Mais de 72 meses,148.15,1,21.21,4,3,1,1,0.3333333333333333,47.81,0,3,0,0,2,4,1,0,6.7,7.2,Neutro
1106,51106,52,45 a 54 anos,Sudeste,116,Mais de 72 meses,110.48,2,30.15,5,2,2,1,1.0,19.39,0,1,2,1,4,5,1,0,2.8,6.6,Detrator
1107,51107,60,55 a 64 anos,Centro-Oeste,3,Até 12 meses,81.77,2,30.91,10,9,2,1,0.2222222222222222,41.66,0,3,2,1,9,4,1,0,0.0,4.2,Detrator
1108,51108,64,55 a 64 anos,Sudeste,87,Mais de 72 meses,736.79,3,29.54,2,12,2,1,0.16666666666666666,19.19,0,2,0,0,0,1,1,1,6.9,9.0,Promotor
1109,51109,63,55 a 64 anos,Norte,114,Mais de 72 meses,491.93,4,39.3,1,11,0,0,0.0,30.19,0,3,3,1,11,4,1,0,0.0,3.7,Detrator
1110,51110,34,25 a 34 anos,Norte,109,Mais de 72 meses,153.14,5,14.99,1,12,1,1,0.08333333333333333,12.87,0,1,3,1,2,6,1,0,4.0,1.1,Detrator
1111,51111,46,45 a 54 anos,Sudeste,50,49 a 72 meses,805.66,1,8.06,1,6,2,1,0.3333333333333333,42.07,0,3,4,1,11,7,1,0,0.0,5.3,Detrator
1113,51113,52,45 a 54 anos,Sul,91,Mais de 72 meses,463.66,4,22.48,5,4,0,0,0.0,50.04,0,1,3,1,7,4,1,0,2.2,4.9,Detrator
1114,51114,21,Até 24 anos,Nordeste,87,Mais de 72 meses,92.04,5,79.35,1,7,3,1,0.42857142857142855,10.23,0,1,4,1,11,7,1,0,0.0,2.6,Detrator
1115,51115,24,Até 24 anos,Sudeste,118,Mais de 72 meses,1110.66,5,20.14,9,6,2,1,0.3333333333333333,31.05,0,3,0,0,5,2,1,0,3.8,6.0,Detrator
1116,51116,36,35 a 44 anos,Norte,50,49 a 72 meses,625.97,5,64.98,8,9,1,1,0.1111111111111111,40.12,0,2,1,1,11,3,1,0,0.5,2.6,Detrator
1117,51117,64,55 a 64 anos,Sudeste,43,25 a 48 meses,178.47,3,26.01,6,3,0,0,0.0,34.23,0,3,3,1,7,4,1,0,2.7,6.2,Detrator
1118,51118,45,45 a 54 anos,Norte,9,Até 12 meses,220.56,4,21.78,2,2,2,1,1.0,42.22,0,2,0,0,3,2,1,0,5.6,5.1,Detrator
1119,51119,58,55 a 64 anos,Centro-Oeste,4,Até 12 meses,490.48,5,37.29,6,14,2,1,0.14285714285714285,20.27,0,3,4,1,7,8,1,0,0.0,1.1,Detrator
1120,51120,39,35 a 44 anos,Nordeste,111,Mais de 72 meses,491.87,3,34.41,5,11,3,1,0.2727272727272727,27.47,0,2,0,0,6,3,1,0,2.9,0.4,Detrator
1121,51121,38,35 a 44 anos,Sudeste,9,Até 12 meses,767.45,1,18.13,1,12,3,1,0.25,11.67,0,1,4,1,4,8,1,0,0.8,2.5,Detrator
1122,51122,22,Até 24 anos,Sudeste,73,Mais de 72 meses,115.89,4,14.7,3,4,0,0,0.0,40.09,0,3,3,1,3,4,1,0,5.4,4.0,Detrator
1123,51123,62,55 a 64 anos,Sudeste,78,Mais de 72 meses,619.85,6,14.22,9,5,3,1,0.6,72.67,0,3,3,1,10,7,1,0,0.0,3.6,Detrator
1124,51124,66,65 anos ou mais,Sudeste,78,Mais de 72 meses,346.65,5,50.02,10,10,2,1,0.2,59.57,0,2,0,0,4,2,1,0,4.4,6.5,Detrator
1125,51125,49,45 a 54 anos,Centro-Oeste,46,25 a 48 meses,121.59,2,6.08,8,13,2,1,0.15384615384615385,42.14,0,3,0,0,1,3,1,0,6.4,7.5,Neutro
1126,51126,18,Até 24 anos,Norte,107,Mais de 72 meses,394.49,3,36.81,2,7,2,1,0.2857142857142857,28.61,0,3,1,1,3,3,1,0,4.8,7.3,Neutro
1127,51127,37,35 a 44 anos,Sudeste,103,Mais de 72 meses,281.2,1,4.7,10,13,4,1,0.3076923076923077,30.55,0,3,1,1,7,3,1,0,0.9,3.5,Detrator
1128,51128,45,45 a 54 anos,Sul,27,25 a 48 meses,700.58,6,57.29,1,13,0,0,0.0,6.77,0,3,1,1,2,2,1,1,8.1,9.8,Promotor
1129,51129,61,55 a 64 anos,Sudeste,55,49 a 72 meses,816.09,3,14.98,11,3,3,1,1.0,49.61,0,2,3,1,5,5,1,0,0.3,2.5,Detrator
1130,51130,65,65 anos ou mais,Sul,83,Mais de 72 meses,397.15,5,6.08,11,7,1,1,0.14285714285714285,39.49,0,2,0,0,5,2,1,1,5.5,8.6,Neutro
1131,51131,54,45 a 54 anos,Sul,95,Mais de 72 meses,381.97,1,55.39,9,6,1,1,0.16666666666666666,50.44,0,1,0,0,5,4,1,0,5.7,5.5,Detrator
1132,51132,29,25 a 34 anos,Norte,110,Mais de 72 meses,410.46,2,7.89,11,7,1,1,0.14285714285714285,56.66,0,2,2,1,8,4,1,0,2.1,5.0,Detrator
1133,51133,35,35 a 44 anos,Sudeste,2,Até 12 meses,288.05,4,6.01,2,3,2,1,0.6666666666666666,51.08,0,2,3,1,4,6,1,0,2.8,1.5,Detrator
1134,51134,62,55 a 64 anos,Nordeste,8,Até 12 meses,866.54,5,67.55,1,13,2,1,0.15384615384615385,42.33,0,2,2,1,0,4,1,0,6.9,6.3,Detrator
1135,51135,68,65 anos ou mais,Norte,70,49 a 72 meses,161.54,5,3.28,2,11,3,1,0.2727272727272727,52.24,0,2,3,1,3,7,1,0,1.6,0.5,Detrator
1136,51136,67,65 anos ou mais,Centro-Oeste,50,49 a 72 meses,288.97,1,0.56,5,6,1,1,0.16666666666666666,34.25,0,3,0,0,6,3,1,0,4.7,4.0,Detrator
1137,51137,22,Até 24 anos,Sul,103,Mais de 72 meses,72.67,3,20.24,5,2,2,1,1.0,43.21,0,2,3,1,0,7,1,0,4.0,4.5,Detrator
1138,51138,48,45 a 54 anos,Sudeste,77,Mais de 72 meses,297.59,6,18.86,9,14,3,1,0.21428571428571427,33.46,0,2,1,1,5,3,1,0,1.2,5.7,Detrator
1139,51139,19,Até 24 anos,Sul,20,13 a 24 meses,357.92,6,0.24,10,10,2,1,0.2,45.67,0,3,1,1,11,4,1,0,0.0,6.8,Detrator
1140,51140,62,55 a 64 anos,Nordeste,27,25 a 48 meses,122.62,4,13.34,6,7,3,1,0.42857142857142855,38.98,0,1,0,0,11,2,1,0,0.2,1.1,Detrator
1141,51141,26,25 a 34 anos,Centro-Oeste,117,Mais de 72 meses,649.44,3,4.71,7,2,2,1,1.0,42.08,0,1,1,1,11,3,1,0,0.0,5.3,Detrator
1142,51142,19,Até 24 anos,Sudeste,44,25 a 48 meses,608.86,5,31.55,10,5,4,1,0.8,25.96,0,2,1,1,10,3,1,0,0.0,2.9,Detrator
1143,51143,35,35 a 44 anos,Sudeste,11,Até 12 meses,100.27,5,48.12,9,11,6,1,0.5454545454545454,38.87,0,1,2,1,6,4,1,0,0.0,0.0,Detrator
1144,51144,52,45 a 54 anos,Nordeste,83,Mais de 72 meses,1474.92,6,25.22,8,8,1,1,0.125,41.48,0,2,1,1,11,2,1,0,1.9,6.6,Detrator
1145,51145,61,55 a 64 anos,Sul,66,49 a 72 meses,225.29,6,24.51,2,5,0,0,0.0,40.58,0,2,0,0,0,2,1,1,10.0,9.4,Promotor
1146,51146,42,35 a 44 anos,Sudeste,1,Até 12 meses,698.97,4,77.98,9,13,0,0,0.0,41.1,0,2,1,1,11,2,1,0,1.8,4.0,Detrator
1147,51147,33,25 a 34 anos,Norte,71,49 a 72 meses,471.22,2,52.51,4,11,1,1,0.09090909090909091,31.94,0,3,0,0,1,2,1,0,7.3,2.9,Detrator
1148,51148,58,55 a 64 anos,Sul,45,25 a 48 meses,575.72,4,104.89,3,14,0,0,0.0,37.47,0,3,2,1,11,2,1,0,1.5,7.0,Neutro
1149,51149,61,55 a 64 anos,Norte,23,13 a 24 meses,334.37,1,39.93,2,4,2,1,0.5,10.0,0,2,0,0,8,2,1,0,3.5,3.2,Detrator
1150,51150,63,55 a 64 anos,Centro-Oeste,102,Mais de 72 meses,147.8,6,12.51,3,13,3,1,0.23076923076923078,26.47,0,1,0,0,7,3,1,0,2.5,2.1,Detrator
1151,51151,37,35 a 44 anos,Centro-Oeste,21,13 a 24 meses,465.89,5,52.43,6,6,1,1,0.16666666666666666,41.31,0,2,0,0,0,4,1,0,9.3,7.7,Neutro
1152,51152,21,Até 24 anos,Sul,118,Mais de 72 meses,662.69,4,42.11,7,12,3,1,0.25,42.97,0,2,0,0,3,2,1,0,4.4,5.0,Detrator
1153,51153,49,45 a 54 anos,Sul,31,25 a 48 meses,623.73,4,45.52,8,6,4,1,0.6666666666666666,42.97,0,2,1,1,10,4,1,0,0.0,6.1,Detrator
1154,51154,69,65 anos ou mais,Norte,24,13 a 24 meses,168.78,5,38.13,10,8,1,1,0.125,58.82,0,2,0,0,11,2,1,0,1.7,7.6,Neutro
1155,51155,37,35 a 44 anos,Norte,114,Mais de 72 meses,168.86,1,49.22,1,4,1,1,0.25,62.68,0,2,3,1,11,5,1,0,0.0,4.5,Detrator
1156,51156,56,55 a 64 anos,Norte,24,13 a 24 meses,789.15,6,7.97,11,12,2,1,0.16666666666666666,38.52,0,3,2,1,4,4,1,0,3.5,4.4,Detrator
1157,51157,32,25 a 34 anos,Norte,20,13 a 24 meses,168.52,3,2.9,2,7,0,0,0.0,35.22,0,2,3,1,11,4,1,0,0.0,3.5,Detrator
1158,51158,35,35 a 44 anos,Centro-Oeste,102,Mais de 72 meses,129.35,3,31.88,7,13,1,1,0.07692307692307693,52.4,0,2,0,0,4,4,1,0,5.5,3.4,Detrator
1159,51159,24,Até 24 anos,Nordeste,33,25 a 48 meses,267.53,1,25.33,3,5,1,1,0.2,44.47,0,1,0,0,11,2,1,0,2.7,5.3,Detrator
1160,51160,20,Até 24 anos,Centro-Oeste,15,13 a 24 meses,529.48,4,19.48,5,8,3,1,0.375,44.32,0,1,1,1,4,7,1,0,3.1,3.1,Detrator
1161,51161,25,25 a 34 anos,Sudeste,77,Mais de 72 meses,342.43,3,29.84,10,10,0,0,0.0,30.85,0,1,2,1,10,4,1,0,2.9,4.2,Detrator
1162,51162,46,45 a 54 anos,Centro-Oeste,115,Mais de 72 meses,770.46,6,38.04,8,8,2,1,0.25,32.27,0,2,1,1,8,4,1,0,2.4,6.4,Detrator
1163,51163,25,25 a 34 anos,Centro-Oeste,42,25 a 48 meses,161.36,4,17.76,3,7,3,1,0.42857142857142855,34.63,0,2,3,1,6,4,1,0,0.0,6.0,Detrator
1164,51164,18,Até 24 anos,Centro-Oeste,24,13 a 24 meses,633.66,1,37.91,11,12,3,1,0.25,49.09,0,3,3,1,0,6,1,0,4.0,1.4,Detrator
1165,51165,60,55 a 64 anos,Centro-Oeste,66,49 a 72 meses,457.41,2,13.06,1,12,1,1,0.08333333333333333,43.19,0,1,0,0,5,3,1,0,5.5,7.3,Neutro
1166,51166,38,35 a 44 anos,Sul,116,Mais de 72 meses,115.53,6,0.75,11,11,2,1,0.18181818181818182,23.55,0,2,0,0,11,4,1,0,0.8,1.9,Detrator
1167,51167,56,55 a 64 anos,Centro-Oeste,46,25 a 48 meses,104.07,2,17.14,3,4,3,1,0.75,24.67,0,3,0,0,8,3,1,0,1.8,2.4,Detrator
1168,51168,62,55 a 64 anos,Sudeste,80,Mais de 72 meses,489.05,4,89.59,2,14,1,1,0.07142857142857142,49.71,0,3,2,1,2,5,1,0,6.5,5.3,Detrator
1169,51169,19,Até 24 anos,Sul,7,Até 12 meses,480.57,4,1.41,9,9,2,1,0.2222222222222222,24.39,0,2,0,0,10,3,1,0,0.4,6.3,Detrator
1170,51170,51,45 a 54 anos,Sul,108,Mais de 72 meses,142.86,3,28.3,4,13,0,0,0.0,58.16,0,1,2,1,3,4,1,0,6.6,3.3,Detrator
1171,51171,38,35 a 44 anos,Sul,117,Mais de 72 meses,184.42,2,21.94,5,7,2,1,0.2857142857142857,43.18,0,3,1,1,1,5,1,0,5.7,5.7,Detrator
1172,51172,65,65 anos ou mais,Sudeste,81,Mais de 72 meses,212.06,2,20.22,4,14,1,1,0.07142857142857142,23.25,0,2,1,1,6,2,1,0,4.0,6.7,Detrator
1173,51173,50,45 a 54 anos,Sul,8,Até 12 meses,124.93,3,26.82,6,5,5,1,1.0,60.23,0,1,2,1,2,5,1,0,1.8,0.2,Detrator
1174,51174,56,55 a 64 anos,Centro-Oeste,1,Até 12 meses,465.65,4,20.19,6,14,1,1,0.07142857142857142,33.41,0,2,2,1,2,4,1,0,5.6,5.5,Detrator
1176,51176,24,Até 24 anos,Sudeste,1,Até 12 meses,539.02,6,16.34,1,14,2,1,0.14285714285714285,44.91,0,1,1,1,9,4,1,0,1.3,4.6,Detrator
1177,51177,32,25 a 34 anos,Centro-Oeste,90,Mais de 72 meses,357.3,3,3.7,10,9,4,1,0.4444444444444444,42.53,0,1,0,0,3,3,1,0,2.7,2.4,Detrator
1178,51178,26,25 a 34 anos,Norte,114,Mais de 72 meses,289.45,3,7.09,5,6,2,1,0.3333333333333333,35.55,0,3,1,1,3,4,1,0,4.2,1.6,Detrator
1179,51179,47,45 a 54 anos,Sul,106,Mais de 72 meses,680.72,5,21.68,7,4,2,1,0.5,43.0,0,1,2,1,3,4,1,0,4.0,1.5,Detrator
1180,51180,61,55 a 64 anos,Nordeste,84,Mais de 72 meses,83.92,4,14.2,8,4,4,1,1.0,40.02,0,2,1,1,11,5,1,0,0.0,0.8,Detrator
1181,51181,68,65 anos ou mais,Norte,88,Mais de 72 meses,134.8,3,19.03,3,6,1,1,0.16666666666666666,51.21,0,1,0,0,3,1,1,1,6.8,8.4,Neutro
1182,51182,34,25 a 34 anos,Norte,18,13 a 24 meses,256.38,4,22.47,6,10,2,1,0.2,3.55,0,1,2,1,10,4,1,0,0.6,4.7,Detrator
1183,51183,55,55 a 64 anos,Norte,4,Até 12 meses,714.48,4,29.19,1,7,1,1,0.14285714285714285,70.64,0,2,1,1,0,3,1,0,8.6,7.6,Neutro
1184,51184,58,55 a 64 anos,Norte,107,Mais de 72 meses,426.27,5,2.55,7,11,3,1,0.2727272727272727,54.33,0,3,4,1,10,8,1,0,0.0,0.0,Detrator
1185,51185,56,55 a 64 anos,Norte,111,Mais de 72 meses,421.79,5,23.64,3,3,1,1,0.3333333333333333,26.52,0,3,1,1,6,4,1,0,2.8,2.6,Detrator
1186,51186,65,65 anos ou mais,Norte,82,Mais de 72 meses,534.72,3,7.53,5,5,1,1,0.2,54.62,0,2,1,1,7,2,1,1,4.1,10.0,Promotor
1187,51187,38,35 a 44 anos,Norte,47,25 a 48 meses,446.76,4,11.34,5,11,3,1,0.2727272727272727,58.5,0,2,3,1,1,8,1,0,2.0,0.0,Detrator
1188,51188,20,Até 24 anos,Sul,118,Mais de 72 meses,96.7,6,51.72,4,6,2,1,0.3333333333333333,32.6,0,3,3,1,4,7,1,0,2.3,1.9,Detrator
1189,51189,54,45 a 54 anos,Nordeste,109,Mais de 72 meses,694.73,2,6.08,10,9,4,1,0.4444444444444444,40.84,0,3,3,1,8,7,1,0,0.0,4.2,Detrator
1190,51190,34,25 a 34 anos,Norte,66,49 a 72 meses,407.43,3,3.62,4,2,2,1,1.0,46.36,0,1,5,1,9,7,1,0,0.0,0.4,Detrator
1192,51192,28,25 a 34 anos,Sul,82,Mais de 72 meses,289.1,1,36.66,6,6,2,1,0.3333333333333333,37.6,0,2,1,1,2,3,1,0,5.4,6.8,Detrator
1193,51193,27,25 a 34 anos,Sul,17,13 a 24 meses,194.67,6,10.81,3,9,1,1,0.1111111111111111,19.84,0,2,0,0,8,4,1,0,2.0,7.5,Neutro
1194,51194,18,Até 24 anos,Sul,50,49 a 72 meses,309.37,2,40.6,10,8,1,1,0.125,52.17,0,3,3,1,2,4,1,1,4.9,10.0,Promotor
1195,51195,27,25 a 34 anos,Norte,62,49 a 72 meses,1103.63,6,0.88,10,7,2,1,0.2857142857142857,59.33,0,1,2,1,8,4,1,0,0.5,3.7,Detrator
1196,51196,42,35 a 44 anos,Nordeste,27,25 a 48 meses,675.26,6,28.5,2,7,1,1,0.14285714285714285,24.72,0,3,1,1,2,4,1,0,5.8,7.7,Neutro
1197,51197,33,25 a 34 anos,Sul,30,25 a 48 meses,282.37,3,19.22,8,11,1,1,0.09090909090909091,45.1,0,1,3,1,7,7,1,1,1.3,8.1,Neutro
1198,51198,55,55 a 64 anos,Nordeste,12,Até 12 meses,92.68,6,40.41,9,13,3,1,0.23076923076923078,27.73,0,1,2,1,1,6,1,0,4.3,0.0,Detrator
1199,51199,49,45 a 54 anos,Sul,53,49 a 72 meses,1009.83,3,8.92,5,4,2,1,0.5,55.15,0,3,0,0,7,1,1,0,3.0,7.3,Neutro
1200,51200,69,65 anos ou mais,Sudeste,73,Mais de 72 meses,483.66,2,20.82,10,3,3,1,1.0,39.08,0,3,1,1,7,5,1,0,0.7,2.1,Detrator
1201,51201,42,35 a 44 anos,Nordeste,48,25 a 48 meses,1169.02,5,0.13,1,13,3,1,0.23076923076923078,54.99,0,1,2,1,10,4,1,0,0.0,2.5,Detrator
1202,51202,30,25 a 34 anos,Norte,13,13 a 24 meses,572.35,2,34.02,9,7,4,1,0.5714285714285714,26.96,0,2,1,1,7,3,1,0,0.2,0.6,Detrator
1203,51203,60,55 a 64 anos,Sul,108,Mais de 72 meses,147.51,3,15.49,2,11,4,1,0.36363636363636365,55.97,0,2,1,1,3,4,1,0,3.1,1.8,Detrator
1204,51204,33,25 a 34 anos,Sudeste,58,49 a 72 meses,274.14,5,12.82,4,14,2,1,0.14285714285714285,40.75,0,1,0,0,2,3,1,0,6.6,6.4,Detrator
1205,51205,67,65 anos ou mais,Sul,6,Até 12 meses,752.2,2,86.4,5,13,4,1,0.3076923076923077,37.27,0,1,2,1,1,4,1,0,3.3,4.5,Detrator
1206,51206,58,55 a 64 anos,Centro-Oeste,86,Mais de 72 meses,1276.13,4,87.36,8,3,3,1,1.0,21.05,0,2,5,1,10,8,1,0,0.0,0.0,Detrator
1207,51207,37,35 a 44 anos,Sudeste,61,49 a 72 meses,141.37,5,48.13,11,11,0,0,0.0,30.74,0,2,0,0,2,0,0,1,8.1,8.7,Neutro
1208,51208,45,45 a 54 anos,Sudeste,65,49 a 72 meses,378.77,6,50.4,2,9,4,1,0.4444444444444444,24.48,0,2,1,1,10,5,1,0,0.0,1.2,Detrator
1209,51209,25,25 a 34 anos,Sudeste,22,13 a 24 meses,549.08,1,27.15,7,13,1,1,0.07692307692307693,13.41,0,2,3,1,9,5,1,0,0.7,6.6,Detrator
1210,51210,48,45 a 54 anos,Centro-Oeste,113,Mais de 72 meses,592.69,4,38.79,9,4,0,0,0.0,37.25,0,2,1,1,2,3,1,0,7.8,5.5,Detrator
1211,51211,45,45 a 54 anos,Sudeste,60,49 a 72 meses,269.19,6,75.68,6,13,2,1,0.15384615384615385,25.43,0,3,2,1,6,6,1,0,3.6,5.1,Detrator
1212,51212,46,45 a 54 anos,Sul,75,Mais de 72 meses,319.81,4,23.55,2,5,3,1,0.6,37.66,0,1,2,1,2,4,1,0,2.4,4.7,Detrator
1213,51213,59,55 a 64 anos,Centro-Oeste,59,49 a 72 meses,191.56,1,2.93,3,9,3,1,0.3333333333333333,40.13,0,2,2,1,9,8,1,0,0.0,0.7,Detrator
1214,51214,51,45 a 54 anos,Sul,117,Mais de 72 meses,274.65,3,15.97,1,6,3,1,0.5,39.41,0,1,0,0,5,3,1,0,4.0,5.3,Detrator
1215,51215,54,45 a 54 anos,Centro-Oeste,65,49 a 72 meses,600.72,3,11.79,11,11,1,1,0.09090909090909091,48.42,0,1,4,1,9,6,1,0,0.0,3.4,Detrator
1216,51216,59,55 a 64 anos,Sudeste,9,Até 12 meses,126.96,5,9.42,5,2,2,1,1.0,36.17,0,2,1,1,4,6,1,0,3.9,1.9,Detrator
1217,51217,37,35 a 44 anos,Centro-Oeste,41,25 a 48 meses,58.54,4,18.08,9,14,3,1,0.21428571428571427,59.89,1,2,1,1,11,3,1,0,0.0,1.2,Detrator
1218,51218,22,Até 24 anos,Norte,84,Mais de 72 meses,617.18,1,4.37,5,6,4,1,0.6666666666666666,31.01,0,3,0,0,9,3,1,0,0.0,4.5,Detrator
1219,51219,44,35 a 44 anos,Sudeste,113,Mais de 72 meses,537.11,2,7.91,8,12,2,1,0.16666666666666666,48.0,0,3,0,0,4,1,1,0,5.5,6.0,Detrator
1220,51220,54,45 a 54 anos,Sudeste,50,49 a 72 meses,402.0,5,2.08,1,12,1,1,0.08333333333333333,22.27,0,1,2,1,10,5,1,0,0.7,3.4,Detrator
1221,51221,54,45 a 54 anos,Sul,77,Mais de 72 meses,247.08,6,6.83,3,12,3,1,0.25,50.98,0,1,0,0,9,2,1,0,0.8,5.8,Detrator
1222,51222,48,45 a 54 anos,Norte,74,Mais de 72 meses,315.47,5,11.57,6,5,4,1,0.8,15.39,0,1,2,1,3,8,1,0,2.8,0.0,Detrator
1223,51223,50,45 a 54 anos,Nordeste,108,Mais de 72 meses,45.74,6,22.62,8,9,0,0,0.0,34.54,0,2,0,0,3,1,1,1,7.4,8.7,Neutro
1224,51224,65,65 anos ou mais,Sudeste,113,Mais de 72 meses,283.62,6,133.64,8,4,1,1,0.25,28.63,0,1,2,1,11,5,1,0,0.0,5.5,Detrator
1225,51225,49,45 a 54 anos,Sudeste,8,Até 12 meses,350.65,4,29.65,9,14,1,1,0.07142857142857142,42.95,0,3,4,1,8,6,1,0,0.0,2.7,Detrator
1226,51226,34,25 a 34 anos,Norte,114,Mais de 72 meses,782.53,1,39.61,10,12,4,1,0.3333333333333333,38.27,0,1,1,1,10,3,1,0,0.0,3.2,Detrator
1227,51227,60,55 a 64 anos,Nordeste,41,25 a 48 meses,484.08,3,13.24,11,11,5,1,0.45454545454545453,28.93,0,1,0,0,0,2,1,0,4.6,0.7,Detrator
1228,51228,40,35 a 44 anos,Nordeste,88,Mais de 72 meses,526.18,6,19.12,2,9,2,1,0.2222222222222222,46.66,0,3,1,1,3,3,1,0,4.6,6.1,Detrator
1229,51229,65,65 anos ou mais,Sudeste,60,49 a 72 meses,761.74,3,75.54,3,11,1,1,0.09090909090909091,47.38,0,2,3,1,9,6,1,0,0.0,2.1,Detrator
1230,51230,62,55 a 64 anos,Centro-Oeste,117,Mais de 72 meses,1360.73,1,7.89,11,10,1,1,0.1,27.89,0,3,1,1,8,2,1,0,2.9,6.2,Detrator
1231,51231,58,55 a 64 anos,Centro-Oeste,33,25 a 48 meses,125.78,6,42.94,11,7,1,1,0.14285714285714285,43.77,0,1,1,1,6,4,1,0,3.0,4.7,Detrator
1232,51232,54,45 a 54 anos,Sul,103,Mais de 72 meses,238.92,4,28.67,6,9,3,1,0.3333333333333333,40.98,0,3,1,1,11,3,1,0,0.0,2.5,Detrator
1233,51233,34,25 a 34 anos,Sul,88,Mais de 72 meses,657.32,2,8.93,8,8,1,1,0.125,48.25,0,3,1,1,1,3,1,0,7.4,4.5,Detrator
1234,51234,65,65 anos ou mais,Norte,104,Mais de 72 meses,235.09,3,0.25,3,10,2,1,0.2,40.49,0,2,0,0,8,4,1,0,3.2,4.8,Detrator
1235,51235,35,35 a 44 anos,Centro-Oeste,84,Mais de 72 meses,155.1,5,27.87,6,11,3,1,0.2727272727272727,35.1,0,1,3,1,5,5,1,0,1.1,0.0,Detrator
1236,51236,31,25 a 34 anos,Sul,108,Mais de 72 meses,544.72,4,13.02,3,12,4,1,0.3333333333333333,40.15,0,3,1,1,0,3,1,0,5.1,5.3,Detrator
1237,51237,33,25 a 34 anos,Sudeste,8,Até 12 meses,400.55,6,57.85,7,14,1,1,0.07142857142857142,28.47,0,3,0,0,1,2,1,1,8.8,9.1,Promotor
1238,51238,41,35 a 44 anos,Nordeste,46,25 a 48 meses,860.86,6,41.13,5,3,1,1,0.3333333333333333,16.81,0,1,0,0,7,2,1,0,4.1,7.4,Neutro
1239,51239,56,55 a 64 anos,Sudeste,57,49 a 72 meses,573.51,4,5.3,1,13,3,1,0.23076923076923078,25.77,0,1,0,0,1,2,1,0,6.0,6.6,Detrator
1240,51240,20,Até 24 anos,Nordeste,95,Mais de 72 meses,528.58,5,64.36,8,12,1,1,0.08333333333333333,45.03,0,1,0,0,4,2,1,0,5.8,6.6,Detrator
1241,51241,30,25 a 34 anos,Sul,119,Mais de 72 meses,453.92,6,7.3,1,5,1,1,0.2,8.82,0,3,2,1,1,4,1,0,5.5,5.5,Detrator
1242,51242,56,55 a 64 anos,Norte,59,49 a 72 meses,349.58,4,55.15,4,7,0,0,0.0,11.21,0,3,2,1,5,3,1,0,5.3,4.2,Detrator
1243,51243,38,35 a 44 anos,Norte,12,Até 12 meses,347.19,3,22.72,8,5,4,1,0.8,40.81,0,1,1,1,10,3,1,0,0.0,0.2,Detrator
1244,51244,36,35 a 44 anos,Nordeste,49,49 a 72 meses,665.28,2,2.1,3,11,3,1,0.2727272727272727,28.25,0,1,1,1,3,5,1,0,3.9,2.6,Detrator
1245,51245,33,25 a 34 anos,Sul,63,49 a 72 meses,245.88,5,19.49,5,8,0,0,0.0,50.74,0,2,2,1,11,3,1,0,0.8,4.7,Detrator
1246,51246,45,45 a 54 anos,Nordeste,118,Mais de 72 meses,204.15,2,23.56,5,13,4,1,0.3076923076923077,25.72,0,3,0,0,8,3,1,0,0.8,2.6,Detrator
1247,51247,22,Até 24 anos,Sudeste,47,25 a 48 meses,316.46,4,1.07,5,5,1,1,0.2,40.61,0,3,2,1,1,5,1,0,5.9,2.8,Detrator
1248,51248,25,25 a 34 anos,Norte,12,Até 12 meses,231.77,6,12.91,2,7,3,1,0.42857142857142855,55.79,0,3,1,1,10,5,1,0,0.3,4.8,Detrator
1249,51249,32,25 a 34 anos,Sul,19,13 a 24 meses,810.51,3,22.57,9,9,1,1,0.1111111111111111,50.4,0,3,2,1,3,8,1,0,4.5,3.9,Detrator
1250,51250,26,25 a 34 anos,Sudeste,104,Mais de 72 meses,455.29,6,3.5,6,6,1,1,0.16666666666666666,41.01,0,3,2,1,4,4,1,0,2.6,5.9,Detrator
1251,51251,35,35 a 44 anos,Nordeste,50,49 a 72 meses,264.52,6,7.37,6,13,3,1,0.23076923076923078,40.89,0,3,1,1,2,5,1,0,4.8,5.8,Detrator
1252,51252,37,35 a 44 anos,Norte,22,13 a 24 meses,190.65,1,26.6,10,2,0,0,0.0,29.47,0,2,1,1,5,3,1,1,5.6,9.4,Promotor
1253,51253,53,45 a 54 anos,Sul,32,25 a 48 meses,163.46,4,0.72,8,12,3,1,0.25,47.89,0,3,2,1,10,5,1,0,0.0,5.3,Detrator
1254,51254,62,55 a 64 anos,Sudeste,29,25 a 48 meses,791.34,1,11.14,6,8,3,1,0.375,34.48,0,3,0,0,0,3,1,0,6.6,6.5,Detrator
1255,51255,61,55 a 64 anos,Nordeste,77,Mais de 72 meses,548.28,4,6.97,8,10,4,1,0.4,23.73,0,2,0,0,9,5,1,0,0.1,1.6,Detrator
1256,51256,43,35 a 44 anos,Norte,88,Mais de 72 meses,903.68,5,0.12,11,9,3,1,0.3333333333333333,30.17,0,2,3,1,7,7,1,0,0.2,1.5,Detrator
1257,51257,19,Até 24 anos,Centro-Oeste,95,Mais de 72 meses,58.63,2,2.52,3,2,1,1,0.5,35.3,0,2,2,1,1,3,1,0,5.7,6.5,Detrator
1258,51258,55,55 a 64 anos,Sudeste,93,Mais de 72 meses,220.2,5,10.85,10,10,2,1,0.2,30.35,0,2,1,1,0,3,1,1,6.7,9.3,Promotor
1259,51259,23,Até 24 anos,Centro-Oeste,7,Até 12 meses,129.37,3,15.75,10,13,1,1,0.07692307692307693,27.37,0,3,2,1,9,5,1,0,2.3,5.6,Detrator
1260,51260,20,Até 24 anos,Norte,62,49 a 72 meses,589.07,3,66.27,6,5,1,1,0.2,39.73,0,1,3,1,4,7,1,0,3.7,5.8,Detrator
1261,51261,38,35 a 44 anos,Norte,11,Até 12 meses,114.59,2,1.45,11,12,0,0,0.0,38.63,0,2,0,0,4,0,0,0,7.1,6.8,Detrator
1262,51262,40,35 a 44 anos,Norte,86,Mais de 72 meses,172.68,1,39.48,2,10,1,1,0.1,29.51,0,1,2,1,6,6,1,0,4.3,5.1,Detrator
1263,51263,43,35 a 44 anos,Sudeste,70,49 a 72 meses,370.23,5,7.61,8,14,1,1,0.07142857142857142,40.56,0,1,4,1,11,6,1,0,0.0,1.9,Detrator
1264,51264,66,65 anos ou mais,Norte,101,Mais de 72 meses,124.16,4,63.86,5,14,3,1,0.21428571428571427,28.93,0,1,2,1,2,5,1,0,4.2,1.8,Detrator
1265,51265,39,35 a 44 anos,Sul,73,Mais de 72 meses,256.69,5,41.81,11,3,3,1,1.0,27.06,0,2,0,0,5,3,1,0,3.2,3.6,Detrator
1266,51266,37,35 a 44 anos,Norte,48,25 a 48 meses,240.5,2,11.92,4,3,1,1,0.3333333333333333,61.87,0,2,3,1,8,8,1,0,0.6,3.1,Detrator
1268,51268,47,45 a 54 anos,Centro-Oeste,15,13 a 24 meses,421.96,5,119.39,1,4,1,1,0.25,59.63,0,1,0,0,2,2,1,0,6.7,0.4,Detrator
1270,51270,65,65 anos ou mais,Nordeste,46,25 a 48 meses,87.36,5,1.62,8,14,1,1,0.07142857142857142,35.57,0,2,1,1,6,5,1,0,3.8,6.2,Detrator
1271,51271,19,Até 24 anos,Norte,43,25 a 48 meses,97.04,4,2.59,2,12,2,1,0.16666666666666666,43.71,0,2,0,0,2,1,1,0,7.1,6.9,Detrator
1272,51272,65,65 anos ou mais,Nordeste,6,Até 12 meses,348.48,3,123.3,6,14,2,1,0.14285714285714285,46.72,0,3,1,1,7,2,1,0,3.0,7.0,Neutro
1273,51273,57,55 a 64 anos,Sul,79,Mais de 72 meses,411.73,5,25.22,1,3,2,1,0.6666666666666666,32.77,0,2,0,0,5,4,1,0,4.4,5.7,Detrator
1274,51274,56,55 a 64 anos,Nordeste,110,Mais de 72 meses,502.7,3,28.15,4,5,2,1,0.4,22.31,0,3,2,1,8,7,1,0,0.6,3.1,Detrator
1275,51275,55,55 a 64 anos,Nordeste,98,Mais de 72 meses,1172.8,6,21.18,4,9,1,1,0.1111111111111111,45.23,0,1,0,0,10,3,1,0,3.0,5.0,Detrator
1276,51276,47,45 a 54 anos,Sudeste,45,25 a 48 meses,361.89,4,114.81,5,9,5,1,0.5555555555555556,51.73,0,2,0,0,1,3,1,0,3.8,3.7,Detrator
1277,51277,49,45 a 54 anos,Sudeste,88,Mais de 72 meses,273.76,5,37.31,6,9,2,1,0.2222222222222222,32.09,0,3,2,1,8,4,1,0,1.6,2.1,Detrator
1278,51278,44,35 a 44 anos,Sul,29,25 a 48 meses,397.87,4,16.18,1,6,3,1,0.5,34.26,0,2,1,1,3,5,1,0,5.3,2.3,Detrator
1279,51279,29,25 a 34 anos,Sul,111,Mais de 72 meses,247.62,5,12.71,7,8,0,0,0.0,31.22,0,2,1,1,1,1,1,1,7.6,8.0,Neutro
1280,51280,63,55 a 64 anos,Norte,34,25 a 48 meses,351.85,4,93.53,9,8,0,0,0.0,26.69,0,3,1,1,10,2,1,1,3.2,10.0,Promotor
1281,51281,40,35 a 44 anos,Centro-Oeste,70,49 a 72 meses,519.32,5,14.47,1,9,2,1,0.2222222222222222,15.42,0,3,0,0,6,3,1,0,3.4,5.3,Detrator
1282,51282,32,25 a 34 anos,Sul,43,25 a 48 meses,308.77,2,6.1,7,14,3,1,0.21428571428571427,42.5,0,2,0,0,5,4,1,0,4.3,4.8,Detrator
1283,51283,52,45 a 54 anos,Nordeste,116,Mais de 72 meses,148.25,5,37.57,8,3,1,1,0.3333333333333333,29.75,0,2,2,1,1,7,1,0,5.4,7.0,Neutro
1284,51284,58,55 a 64 anos,Sul,81,Mais de 72 meses,154.68,5,66.43,7,12,4,1,0.3333333333333333,29.59,0,1,1,1,1,4,1,0,4.3,3.0,Detrator
1285,51285,67,65 anos ou mais,Norte,41,25 a 48 meses,419.18,4,69.44,5,2,0,0,0.0,27.62,0,3,1,1,3,4,1,1,6.8,9.6,Promotor
1286,51286,60,55 a 64 anos,Nordeste,32,25 a 48 meses,208.34,1,21.13,10,7,2,1,0.2857142857142857,37.02,0,2,2,1,3,4,1,0,4.1,6.0,Detrator
1288,51288,32,25 a 34 anos,Nordeste,12,Até 12 meses,234.09,3,4.68,10,6,5,1,0.8333333333333334,56.03,0,3,1,1,6,3,1,0,0.0,0.0,Detrator
1289,51289,22,Até 24 anos,Sul,46,25 a 48 meses,192.35,1,49.56,9,3,1,1,0.3333333333333333,60.51,0,1,1,1,7,2,1,0,3.1,7.7,Neutro
1290,51290,45,45 a 54 anos,Sul,25,25 a 48 meses,131.18,3,13.45,8,11,2,1,0.18181818181818182,24.86,0,2,2,1,4,4,1,0,3.2,1.6,Detrator
1291,51291,57,55 a 64 anos,Norte,32,25 a 48 meses,340.1,3,55.26,3,4,3,1,0.75,51.14,0,1,0,0,10,2,1,0,0.7,4.7,Detrator
1292,51292,27,25 a 34 anos,Sudeste,16,13 a 24 meses,281.76,4,33.18,11,12,2,1,0.16666666666666666,19.95,0,2,3,1,1,6,1,0,4.0,1.8,Detrator
1293,51293,63,55 a 64 anos,Centro-Oeste,118,Mais de 72 meses,403.59,1,28.73,11,2,2,1,1.0,46.69,0,3,0,0,9,2,1,0,2.1,4.5,Detrator
1294,51294,39,35 a 44 anos,Norte,16,13 a 24 meses,1296.25,2,3.05,9,5,4,1,0.8,49.71,0,1,4,1,3,7,1,0,0.0,0.0,Detrator
1296,51296,67,65 anos ou mais,Nordeste,16,13 a 24 meses,727.45,2,10.69,7,10,2,1,0.2,34.21,0,2,2,1,7,4,1,0,1.0,6.6,Detrator
1297,51297,56,55 a 64 anos,Norte,94,Mais de 72 meses,467.89,3,26.48,2,8,3,1,0.375,46.27,0,2,0,0,1,3,1,0,7.4,3.0,Detrator
1298,51298,55,55 a 64 anos,Sudeste,38,25 a 48 meses,90.36,6,19.93,11,14,3,1,0.21428571428571427,35.35,0,2,3,1,5,6,1,0,0.0,2.1,Detrator
1299,51299,53,45 a 54 anos,Sul,35,25 a 48 meses,614.47,4,24.45,2,5,2,1,0.4,33.83,0,1,1,1,4,2,1,0,4.8,6.1,Detrator
1300,51300,61,55 a 64 anos,Nordeste,21,13 a 24 meses,247.93,3,13.55,3,4,2,1,0.5,46.58,0,1,2,1,4,5,1,0,3.2,3.5,Detrator
1301,51301,19,Até 24 anos,Centro-Oeste,61,49 a 72 meses,552.92,5,22.51,3,4,1,1,0.25,43.12,0,3,4,1,7,6,1,0,0.4,4.6,Detrator
1302,51302,42,35 a 44 anos,Nordeste,32,25 a 48 meses,427.42,4,14.98,8,6,2,1,0.3333333333333333,27.84,0,1,3,1,7,5,1,0,0.7,3.4,Detrator
1303,51303,55,55 a 64 anos,Nordeste,33,25 a 48 meses,402.01,4,40.75,1,3,0,0,0.0,21.99,0,3,2,1,4,3,1,0,6.2,7.9,Neutro
1304,51304,47,45 a 54 anos,Norte,49,49 a 72 meses,241.91,4,2.61,3,12,1,1,0.08333333333333333,44.05,0,1,2,1,6,5,1,0,2.6,5.0,Detrator
1305,51305,23,Até 24 anos,Sul,35,25 a 48 meses,542.55,3,93.08,9,11,2,1,0.18181818181818182,29.2,0,3,2,1,0,6,1,0,5.9,6.2,Detrator
1306,51306,32,25 a 34 anos,Norte,55,49 a 72 meses,514.86,1,12.99,7,5,1,1,0.2,32.46,0,1,2,1,4,5,1,0,4.2,6.6,Detrator
1307,51307,38,35 a 44 anos,Sul,110,Mais de 72 meses,568.47,4,52.27,6,5,0,0,0.0,32.77,0,1,0,0,8,0,0,0,5.0,6.0,Detrator
1308,51308,37,35 a 44 anos,Norte,23,13 a 24 meses,662.34,4,33.55,6,7,4,1,0.5714285714285714,32.87,0,1,3,1,8,5,1,0,0.0,2.5,Detrator
1309,51309,30,25 a 34 anos,Sul,42,25 a 48 meses,386.9,6,8.84,1,3,2,1,0.6666666666666666,33.7,0,1,2,1,9,4,1,1,0.0,8.0,Neutro
1310,51310,28,25 a 34 anos,Sudeste,52,49 a 72 meses,290.3,1,10.93,10,10,3,1,0.3,45.93,0,2,2,1,7,7,1,0,1.7,4.9,Detrator
1311,51311,21,Até 24 anos,Sul,11,Até 12 meses,469.05,1,15.06,2,4,1,1,0.25,55.83,0,1,1,1,0,3,1,1,6.9,8.1,Neutro
1312,51312,51,45 a 54 anos,Sudeste,118,Mais de 72 meses,264.11,2,32.84,8,2,1,1,0.5,57.2,0,2,0,0,0,3,1,1,9.3,10.0,Promotor
1313,51313,31,25 a 34 anos,Norte,102,Mais de 72 meses,140.0,4,26.97,4,3,2,1,0.6666666666666666,34.58,0,1,2,1,1,6,1,0,4.8,2.9,Detrator
1314,51314,55,55 a 64 anos,Sul,2,Até 12 meses,792.28,4,41.14,4,8,0,0,0.0,50.3,0,3,2,1,2,3,1,1,5.4,9.2,Promotor
1315,51315,29,25 a 34 anos,Sudeste,74,Mais de 72 meses,281.99,3,75.82,1,7,5,1,0.7142857142857143,43.62,0,3,0,0,2,2,1,0,3.0,2.2,Detrator
1316,51316,31,25 a 34 anos,Centro-Oeste,113,Mais de 72 meses,73.61,4,29.85,3,3,3,1,1.0,43.21,0,3,1,1,2,3,1,0,4.3,0.0,Detrator
1317,51317,31,25 a 34 anos,Sudeste,29,25 a 48 meses,146.7,1,11.31,11,11,0,0,0.0,42.13,0,3,3,1,5,3,1,0,3.3,7.2,Neutro
1319,51319,36,35 a 44 anos,Norte,66,49 a 72 meses,308.59,6,13.33,5,5,5,1,1.0,41.98,0,3,0,0,7,4,1,0,0.9,4.6,Detrator
1320,51320,35,35 a 44 anos,Nordeste,65,49 a 72 meses,295.55,5,12.3,2,9,0,0,0.0,32.61,0,3,1,1,4,1,1,1,6.6,10.0,Promotor
1321,51321,66,65 anos ou mais,Sudeste,40,25 a 48 meses,606.22,5,13.73,3,6,2,1,0.3333333333333333,33.7,0,3,0,0,8,2,1,0,2.8,4.9,Detrator
1322,51322,29,25 a 34 anos,Sul,110,Mais de 72 meses,106.3,5,3.06,7,7,3,1,0.42857142857142855,41.63,0,3,4,1,9,6,1,0,0.0,1.7,Detrator
1323,51323,20,Até 24 anos,Norte,59,49 a 72 meses,447.27,1,29.75,8,8,2,1,0.25,21.89,0,1,2,1,1,4,1,0,6.6,7.7,Neutro
1324,51324,54,45 a 54 anos,Sul,37,25 a 48 meses,85.19,2,8.23,1,9,4,1,0.4444444444444444,43.76,0,3,0,0,0,3,1,0,5.9,4.8,Detrator
1325,51325,26,25 a 34 anos,Sudeste,5,Até 12 meses,1002.8,4,57.79,7,7,0,0,0.0,42.37,0,3,2,1,2,2,1,1,7.7,8.7,Neutro
1326,51326,46,45 a 54 anos,Norte,72,49 a 72 meses,287.21,3,17.12,7,12,1,1,0.08333333333333333,32.45,0,1,1,1,3,2,1,0,6.0,6.4,Detrator
1327,51327,45,45 a 54 anos,Nordeste,108,Mais de 72 meses,600.7,3,92.51,5,5,3,1,0.6,37.42,0,3,2,1,9,7,1,0,0.2,2.7,Detrator
1328,51328,39,35 a 44 anos,Nordeste,113,Mais de 72 meses,267.81,1,50.89,7,5,3,1,0.6,41.14,0,3,1,1,11,3,1,0,0.0,2.1,Detrator
1329,51329,18,Até 24 anos,Sul,2,Até 12 meses,436.62,4,5.01,11,10,0,0,0.0,21.75,0,2,0,0,7,0,0,0,6.3,7.0,Neutro
1330,51330,29,25 a 34 anos,Norte,118,Mais de 72 meses,433.61,4,17.2,11,11,6,1,0.5454545454545454,45.03,0,2,0,0,4,4,1,0,1.6,1.6,Detrator
1331,51331,21,Até 24 anos,Sul,32,25 a 48 meses,463.01,2,19.37,3,14,3,1,0.21428571428571427,46.85,0,1,1,1,4,5,1,0,1.9,5.5,Detrator
1332,51332,41,35 a 44 anos,Nordeste,43,25 a 48 meses,586.65,4,45.95,4,11,2,1,0.18181818181818182,33.25,0,3,1,1,2,6,1,0,5.5,4.8,Detrator
1333,51333,20,Até 24 anos,Sul,64,49 a 72 meses,1308.05,6,12.29,3,9,1,1,0.1111111111111111,34.8,0,2,2,1,3,5,1,0,4.4,7.5,Neutro
1334,51334,23,Até 24 anos,Centro-Oeste,6,Até 12 meses,698.12,6,4.94,8,14,4,1,0.2857142857142857,23.75,0,2,0,0,0,3,1,0,5.0,3.8,Detrator
1335,51335,18,Até 24 anos,Sudeste,49,49 a 72 meses,183.95,6,4.3,9,8,1,1,0.125,28.03,0,2,0,0,9,4,1,0,3.1,3.3,Detrator
1336,51336,34,25 a 34 anos,Nordeste,23,13 a 24 meses,413.3,5,9.08,7,4,3,1,0.75,31.71,0,2,1,1,5,3,1,0,1.7,5.3,Detrator
1338,51338,68,65 anos ou mais,Nordeste,1,Até 12 meses,762.89,4,104.76,4,12,1,1,0.08333333333333333,48.96,0,2,2,1,10,5,1,0,1.3,3.0,Detrator
1339,51339,20,Até 24 anos,Sudeste,23,13 a 24 meses,372.78,4,5.37,3,11,3,1,0.2727272727272727,32.85,0,2,2,1,3,6,1,0,2.4,5.0,Detrator
1340,51340,26,25 a 34 anos,Nordeste,54,49 a 72 meses,443.04,1,4.09,1,3,3,1,1.0,42.22,0,3,1,1,2,4,1,0,4.1,2.7,Detrator
1341,51341,35,35 a 44 anos,Nordeste,35,25 a 48 meses,675.9,5,66.49,10,12,4,1,0.3333333333333333,57.54,0,2,3,1,4,6,1,0,0.8,0.0,Detrator
1342,51342,50,45 a 54 anos,Norte,27,25 a 48 meses,452.2,1,7.46,11,3,3,1,1.0,26.1,0,2,2,1,0,6,1,0,3.7,2.8,Detrator
1343,51343,60,55 a 64 anos,Centro-Oeste,47,25 a 48 meses,1842.3,1,6.68,2,14,4,1,0.2857142857142857,23.56,0,3,5,1,9,7,1,0,0.0,0.0,Detrator
1345,51345,39,35 a 44 anos,Nordeste,92,Mais de 72 meses,280.49,4,53.47,11,5,1,1,0.2,19.68,0,2,1,1,11,5,1,0,0.6,4.7,Detrator
1346,51346,18,Até 24 anos,Sudeste,102,Mais de 72 meses,62.54,4,43.26,7,6,2,1,0.3333333333333333,17.98,0,3,2,1,7,5,1,0,1.4,2.4,Detrator
1347,51347,36,35 a 44 anos,Nordeste,14,13 a 24 meses,492.2,2,23.28,11,5,1,1,0.2,42.8,0,1,1,1,9,4,1,0,1.5,6.3,Detrator
1348,51348,23,Até 24 anos,Sudeste,25,25 a 48 meses,1511.97,3,40.03,9,4,2,1,0.5,22.27,0,2,2,1,2,6,1,0,4.5,4.7,Detrator
1349,51349,43,35 a 44 anos,Centro-Oeste,49,49 a 72 meses,557.88,6,20.48,11,12,1,1,0.08333333333333333,38.91,0,2,1,1,3,2,1,0,4.8,6.7,Detrator
1350,51350,38,35 a 44 anos,Sul,23,13 a 24 meses,112.19,5,30.19,7,6,4,1,0.6666666666666666,36.73,0,1,1,1,6,7,1,0,0.2,2.0,Detrator
1351,51351,22,Até 24 anos,Nordeste,98,Mais de 72 meses,560.38,3,3.37,9,3,2,1,0.6666666666666666,29.77,0,2,3,1,11,6,1,0,0.0,3.2,Detrator
1352,51352,35,35 a 44 anos,Sul,51,49 a 72 meses,151.61,4,8.24,11,11,2,1,0.18181818181818182,34.98,0,3,3,1,3,7,1,0,4.1,5.7,Detrator
1353,51353,62,55 a 64 anos,Sul,62,49 a 72 meses,577.56,5,32.7,2,2,0,0,0.0,49.52,0,3,4,1,10,5,1,0,0.0,6.1,Detrator
1354,51354,32,25 a 34 anos,Sudeste,7,Até 12 meses,330.03,4,40.74,5,6,2,1,0.3333333333333333,48.12,0,1,3,1,5,6,1,0,1.2,2.9,Detrator
1355,51355,37,35 a 44 anos,Nordeste,87,Mais de 72 meses,105.56,3,6.11,5,5,2,1,0.4,38.35,0,2,1,1,10,5,1,0,1.2,5.2,Detrator
1357,51357,45,45 a 54 anos,Nordeste,60,49 a 72 meses,138.4,4,7.14,11,8,2,1,0.25,34.64,0,1,0,0,7,1,1,0,2.7,7.9,Neutro
1358,51358,54,45 a 54 anos,Norte,33,25 a 48 meses,213.36,5,48.83,1,5,1,1,0.2,30.73,0,3,0,0,11,2,1,0,2.5,6.2,Detrator
1359,51359,68,65 anos ou mais,Norte,92,Mais de 72 meses,736.84,4,16.38,3,13,1,1,0.07692307692307693,39.05,0,3,6,1,3,10,1,0,0.5,4.7,Detrator
1360,51360,26,25 a 34 anos,Centro-Oeste,20,13 a 24 meses,494.51,5,38.9,1,3,1,1,0.3333333333333333,33.93,0,3,1,1,1,4,1,1,7.2,10.0,Promotor
1361,51361,43,35 a 44 anos,Centro-Oeste,37,25 a 48 meses,225.62,2,47.2,2,13,0,0,0.0,36.32,0,1,1,1,6,2,1,0,5.3,6.0,Detrator
1362,51362,37,35 a 44 anos,Norte,2,Até 12 meses,659.61,3,133.51,2,13,1,1,0.07692307692307693,51.86,0,2,2,1,6,7,1,0,2.9,5.6,Detrator
1363,51363,60,55 a 64 anos,Nordeste,95,Mais de 72 meses,55.61,2,26.26,3,14,3,1,0.21428571428571427,20.22,0,1,2,1,5,4,1,0,1.5,3.5,Detrator
1365,51365,68,65 anos ou mais,Centro-Oeste,88,Mais de 72 meses,120.15,2,0.52,8,14,1,1,0.07142857142857142,62.59,0,3,0,0,5,1,1,0,6.9,7.3,Neutro
1366,51366,26,25 a 34 anos,Centro-Oeste,54,49 a 72 meses,298.62,4,15.57,7,3,1,1,0.3333333333333333,47.83,0,3,0,0,9,2,1,0,3.6,3.7,Detrator
1367,51367,50,45 a 54 anos,Sudeste,49,49 a 72 meses,266.59,2,18.44,9,6,0,0,0.0,34.51,0,2,2,1,2,3,1,0,6.6,7.3,Neutro
1369,51369,18,Até 24 anos,Nordeste,69,49 a 72 meses,383.81,5,3.05,5,10,1,1,0.1,34.43,0,3,1,1,10,3,1,0,1.8,6.2,Detrator
1370,51370,25,25 a 34 anos,Centro-Oeste,17,13 a 24 meses,181.95,3,23.26,11,10,2,1,0.2,36.43,0,1,1,1,1,5,1,0,6.4,7.9,Neutro
1371,51371,67,65 anos ou mais,Sudeste,88,Mais de 72 meses,468.76,6,19.97,4,8,4,1,0.5,38.39,0,2,2,1,11,5,1,0,0.0,0.0,Detrator
1372,51372,51,45 a 54 anos,Nordeste,74,Mais de 72 meses,551.6,2,16.95,3,12,3,1,0.25,37.63,0,3,2,1,8,5,1,0,0.0,2.3,Detrator
1373,51373,65,65 anos ou mais,Nordeste,51,49 a 72 meses,269.6,6,12.18,1,5,2,1,0.4,34.11,0,2,1,1,9,3,1,0,1.7,3.1,Detrator
1374,51374,56,55 a 64 anos,Nordeste,78,Mais de 72 meses,186.08,1,9.96,9,3,0,0,0.0,45.79,0,3,4,1,3,7,1,0,3.6,5.4,Detrator
1375,51375,42,35 a 44 anos,Nordeste,81,Mais de 72 meses,431.58,1,23.33,7,4,3,1,0.75,42.27,0,3,1,1,7,5,1,0,3.0,2.6,Detrator
1376,51376,50,45 a 54 anos,Nordeste,19,13 a 24 meses,398.64,1,17.47,1,10,2,1,0.2,40.05,0,2,2,1,10,7,1,0,0.7,0.8,Detrator
1377,51377,26,25 a 34 anos,Centro-Oeste,89,Mais de 72 meses,845.79,2,4.21,3,9,2,1,0.2222222222222222,46.93,0,2,0,0,2,2,1,0,6.6,4.1,Detrator
1378,51378,61,55 a 64 anos,Sudeste,107,Mais de 72 meses,293.23,1,3.12,4,5,2,1,0.4,37.16,0,2,2,1,9,7,1,0,0.1,4.7,Detrator
1379,51379,61,55 a 64 anos,Nordeste,63,49 a 72 meses,333.16,2,20.68,4,5,2,1,0.4,54.76,0,3,1,1,3,3,1,0,4.9,6.0,Detrator
1380,51380,66,65 anos ou mais,Nordeste,57,49 a 72 meses,74.87,2,23.68,8,10,0,0,0.0,34.17,0,3,0,0,6,1,1,0,5.6,5.9,Detrator
1381,51381,34,25 a 34 anos,Norte,13,13 a 24 meses,1036.63,6,34.79,6,3,3,1,1.0,45.96,0,1,0,0,5,3,1,0,3.0,5.2,Detrator
1382,51382,28,25 a 34 anos,Sul,9,Até 12 meses,754.71,3,46.16,10,7,0,0,0.0,56.69,0,1,3,1,9,4,1,0,0.6,2.5,Detrator
1383,51383,36,35 a 44 anos,Nordeste,5,Até 12 meses,357.08,2,5.38,8,12,1,1,0.08333333333333333,59.96,0,1,3,1,6,6,1,0,2.4,6.4,Detrator
1384,51384,39,35 a 44 anos,Sudeste,42,25 a 48 meses,58.0,3,7.64,2,2,2,1,1.0,47.46,0,2,1,1,2,4,1,0,5.8,3.4,Detrator
1385,51385,26,25 a 34 anos,Norte,17,13 a 24 meses,273.42,3,26.7,2,7,1,1,0.14285714285714285,41.2,0,2,0,0,6,1,1,0,5.1,7.0,Neutro
1386,51386,27,25 a 34 anos,Nordeste,3,Até 12 meses,699.7,1,17.16,7,13,4,1,0.3076923076923077,46.93,0,1,0,0,8,4,1,0,1.6,2.7,Detrator
1387,51387,42,35 a 44 anos,Sul,76,Mais de 72 meses,186.9,5,32.75,1,7,5,1,0.7142857142857143,55.3,0,1,0,0,8,2,1,0,0.0,1.9,Detrator
1388,51388,38,35 a 44 anos,Sul,106,Mais de 72 meses,490.3,5,65.72,6,5,1,1,0.2,22.58,0,2,3,1,8,5,1,0,0.6,4.2,Detrator
1389,51389,28,25 a 34 anos,Sul,46,25 a 48 meses,489.61,1,17.65,10,14,1,1,0.07142857142857142,30.82,0,3,1,1,3,2,1,1,5.3,8.9,Neutro
1390,51390,37,35 a 44 anos,Norte,54,49 a 72 meses,1463.84,5,16.9,7,3,3,1,1.0,26.05,0,3,2,1,0,4,1,0,4.8,3.4,Detrator
1392,51392,56,55 a 64 anos,Sudeste,20,13 a 24 meses,321.25,4,18.22,3,6,3,1,0.5,62.65,0,3,1,1,6,4,1,0,2.4,1.2,Detrator
1393,51393,67,65 anos ou mais,Norte,102,Mais de 72 meses,525.26,4,3.34,11,8,3,1,0.375,13.24,0,1,1,1,11,3,1,0,0.0,3.4,Detrator
1394,51394,32,25 a 34 anos,Sudeste,22,13 a 24 meses,273.73,2,72.29,11,3,0,0,0.0,23.09,0,1,4,1,3,6,1,0,4.6,6.1,Detrator
1395,51395,23,Até 24 anos,Sul,42,25 a 48 meses,746.51,3,11.48,9,9,4,1,0.4444444444444444,46.99,0,2,2,1,9,5,1,0,0.0,0.0,Detrator
1396,51396,34,25 a 34 anos,Centro-Oeste,79,Mais de 72 meses,377.55,5,26.08,2,12,4,1,0.3333333333333333,16.02,0,2,1,1,2,5,1,0,4.4,1.7,Detrator
1397,51397,22,Até 24 anos,Sul,40,25 a 48 meses,437.56,4,22.68,6,12,3,1,0.25,31.6,0,1,1,1,11,3,1,0,0.0,3.9,Detrator
1398,51398,32,25 a 34 anos,Norte,55,49 a 72 meses,477.09,3,31.47,5,9,2,1,0.2222222222222222,50.05,0,1,3,1,8,6,1,0,0.7,1.9,Detrator
1399,51399,49,45 a 54 anos,Nordeste,7,Até 12 meses,94.23,1,21.63,3,7,1,1,0.14285714285714285,58.3,0,3,1,1,11,3,1,0,0.8,3.9,Detrator
1400,51400,65,65 anos ou mais,Norte,69,49 a 72 meses,233.71,4,160.42,6,12,2,1,0.16666666666666666,36.9,0,1,0,0,6,1,1,0,4.0,7.2,Neutro
1401,51401,68,65 anos ou mais,Sudeste,65,49 a 72 meses,144.49,3,96.15,10,6,3,1,0.5,42.59,0,1,0,0,6,3,1,0,2.8,4.1,Detrator
1402,51402,20,Até 24 anos,Centro-Oeste,80,Mais de 72 meses,602.13,5,2.9,11,4,2,1,0.5,25.08,0,1,0,0,1,3,1,0,7.9,4.2,Detrator
1403,51403,20,Até 24 anos,Norte,60,49 a 72 meses,179.58,1,76.07,5,3,2,1,0.6666666666666666,34.17,0,3,3,1,8,5,1,0,0.1,1.9,Detrator
1404,51404,32,25 a 34 anos,Norte,74,Mais de 72 meses,412.37,3,14.43,8,5,1,1,0.2,40.51,0,1,1,1,4,4,1,0,5.0,7.9,Neutro
1406,51406,49,45 a 54 anos,Sul,65,49 a 72 meses,194.45,4,72.38,2,3,3,1,1.0,31.22,0,1,4,1,10,6,1,0,0.0,0.0,Detrator
1407,51407,25,25 a 34 anos,Sudeste,99,Mais de 72 meses,74.8,1,14.54,2,9,3,1,0.3333333333333333,24.86,0,2,0,0,8,3,1,0,1.9,4.2,Detrator
1408,51408,23,Até 24 anos,Sudeste,14,13 a 24 meses,99.21,4,12.41,9,11,3,1,0.2727272727272727,45.7,0,3,0,0,6,1,1,0,2.9,7.4,Neutro
1409,51409,22,Até 24 anos,Sudeste,34,25 a 48 meses,199.75,2,17.43,3,9,1,1,0.1111111111111111,46.04,0,3,0,0,6,2,1,0,4.7,4.7,Detrator
1410,51410,64,55 a 64 anos,Sul,47,25 a 48 meses,107.16,6,1.39,6,13,3,1,0.23076923076923078,27.14,0,3,1,1,11,3,1,0,0.0,5.1,Detrator
1411,51411,33,25 a 34 anos,Norte,108,Mais de 72 meses,271.42,2,46.12,9,11,4,1,0.36363636363636365,18.8,0,3,2,1,7,7,1,0,0.0,0.4,Detrator
1412,51412,63,55 a 64 anos,Centro-Oeste,16,13 a 24 meses,314.4,6,17.94,3,14,1,1,0.07142857142857142,43.41,0,2,3,1,4,7,1,0,3.1,4.3,Detrator
1413,51413,34,25 a 34 anos,Centro-Oeste,110,Mais de 72 meses,381.05,3,5.4,6,10,3,1,0.3,48.09,0,1,2,1,0,4,1,0,4.8,6.1,Detrator
1414,51414,56,55 a 64 anos,Nordeste,75,Mais de 72 meses,504.77,5,47.68,3,12,4,1,0.3333333333333333,27.05,0,3,1,1,2,5,1,0,3.5,5.3,Detrator
1415,51415,22,Até 24 anos,Sudeste,22,13 a 24 meses,309.22,6,0.33,11,11,2,1,0.18181818181818182,31.38,0,1,3,1,0,6,1,0,5.6,3.4,Detrator
1417,51417,44,35 a 44 anos,Nordeste,8,Até 12 meses,220.46,4,23.75,8,10,1,1,0.1,46.25,0,3,2,1,1,5,1,0,5.8,4.0,Detrator
1418,51418,42,35 a 44 anos,Sul,110,Mais de 72 meses,85.18,6,17.14,4,9,2,1,0.2222222222222222,36.32,0,2,5,1,6,7,1,0,0.0,0.0,Detrator
1419,51419,38,35 a 44 anos,Sul,8,Até 12 meses,702.2,3,4.21,6,5,1,1,0.2,38.38,0,2,2,1,2,7,1,0,5.6,3.4,Detrator
1420,51420,63,55 a 64 anos,Nordeste,7,Até 12 meses,54.96,3,7.99,7,6,3,1,0.5,48.07,0,1,0,0,6,3,1,0,2.8,5.2,Detrator
1421,51421,25,25 a 34 anos,Nordeste,61,49 a 72 meses,225.31,3,9.02,7,14,0,0,0.0,40.69,0,1,2,1,4,4,1,1,5.6,9.4,Promotor
1422,51422,63,55 a 64 anos,Sul,103,Mais de 72 meses,222.54,2,63.18,2,8,2,1,0.25,19.64,0,2,2,1,5,5,1,0,2.3,3.5,Detrator
1423,51423,51,45 a 54 anos,Centro-Oeste,40,25 a 48 meses,369.2,4,21.99,6,7,6,1,0.8571428571428571,41.88,0,3,3,1,7,8,1,0,0.0,0.0,Detrator
1424,51424,32,25 a 34 anos,Centro-Oeste,2,Até 12 meses,157.16,4,41.93,5,4,1,1,0.25,44.17,0,1,1,1,5,3,1,0,5.5,6.8,Detrator
1425,51425,52,45 a 54 anos,Sudeste,29,25 a 48 meses,661.76,1,18.87,11,13,0,0,0.0,60.04,0,1,2,1,3,3,1,1,5.0,8.4,Neutro
1426,51426,43,35 a 44 anos,Centro-Oeste,25,25 a 48 meses,502.31,2,19.56,5,7,3,1,0.42857142857142855,40.43,0,3,3,1,1,6,1,0,3.5,0.8,Detrator
1427,51427,53,45 a 54 anos,Sul,83,Mais de 72 meses,246.89,3,68.36,10,2,1,1,0.5,56.74,0,2,0,0,9,4,1,0,4.1,4.2,Detrator
1428,51428,51,45 a 54 anos,Sudeste,37,25 a 48 meses,591.29,5,32.86,4,9,2,1,0.2222222222222222,55.76,0,3,1,1,11,3,1,0,0.4,3.6,Detrator
1429,51429,52,45 a 54 anos,Nordeste,112,Mais de 72 meses,204.45,6,1.19,4,14,2,1,0.14285714285714285,35.5,0,2,1,1,1,4,1,1,6.5,8.0,Neutro
1430,51430,32,25 a 34 anos,Sudeste,16,13 a 24 meses,868.25,1,4.04,11,8,1,1,0.125,37.17,0,2,0,0,0,2,1,0,8.1,7.1,Neutro
1431,51431,20,Até 24 anos,Sudeste,68,49 a 72 meses,359.73,3,14.05,9,3,1,1,0.3333333333333333,65.13,0,3,3,1,11,6,1,0,0.0,3.9,Detrator
1432,51432,58,55 a 64 anos,Centro-Oeste,26,25 a 48 meses,414.43,2,35.55,6,11,0,0,0.0,32.31,0,1,1,1,10,1,1,0,3.4,7.5,Neutro
1433,51433,26,25 a 34 anos,Sul,1,Até 12 meses,196.28,4,16.38,7,12,3,1,0.25,23.0,0,1,1,1,11,4,1,0,0.0,4.0,Detrator
1434,51434,53,45 a 54 anos,Norte,117,Mais de 72 meses,416.24,6,32.2,4,3,1,1,0.3333333333333333,43.04,0,1,1,1,6,7,1,0,4.9,4.2,Detrator
1435,51435,69,65 anos ou mais,Nordeste,28,25 a 48 meses,764.79,6,27.85,1,3,1,1,0.3333333333333333,49.9,0,1,3,1,9,4,1,0,0.9,6.8,Detrator
1436,51436,60,55 a 64 anos,Sul,25,25 a 48 meses,252.85,4,1.99,11,8,2,1,0.25,24.37,0,2,1,1,9,4,1,0,0.8,4.1,Detrator
1438,51438,27,25 a 34 anos,Centro-Oeste,70,49 a 72 meses,323.7,1,1.81,10,4,0,0,0.0,49.08,0,3,5,1,3,8,1,0,2.7,4.1,Detrator
1439,51439,47,45 a 54 anos,Sudeste,86,Mais de 72 meses,180.27,6,0.28,8,11,1,1,0.09090909090909091,33.55,0,3,1,1,1,4,1,0,7.8,5.3,Detrator
1440,51440,59,55 a 64 anos,Sudeste,24,13 a 24 meses,48.24,6,15.61,9,13,3,1,0.23076923076923078,34.29,0,3,1,1,8,3,1,0,0.0,1.1,Detrator
1442,51442,34,25 a 34 anos,Sudeste,61,49 a 72 meses,94.49,3,3.7,7,11,1,1,0.09090909090909091,63.15,0,1,3,1,11,7,1,0,0.0,0.0,Detrator
1443,51443,42,35 a 44 anos,Centro-Oeste,85,Mais de 72 meses,239.77,5,65.11,10,4,2,1,0.5,44.37,0,1,1,1,3,4,1,0,5.6,2.4,Detrator
1444,51444,28,25 a 34 anos,Norte,112,Mais de 72 meses,448.35,5,5.93,3,5,1,1,0.2,35.76,0,1,1,1,10,3,1,0,0.7,5.3,Detrator
1445,51445,64,55 a 64 anos,Nordeste,111,Mais de 72 meses,490.0,5,28.7,7,8,1,1,0.125,42.94,0,3,1,1,4,5,1,0,4.8,0.1,Detrator
1446,51446,48,45 a 54 anos,Sudeste,47,25 a 48 meses,245.86,2,13.17,5,9,0,0,0.0,21.03,0,1,1,1,2,3,1,0,8.4,5.8,Detrator
1448,51448,42,35 a 44 anos,Nordeste,107,Mais de 72 meses,435.57,4,85.36,10,3,1,1,0.3333333333333333,43.82,0,3,1,1,7,4,1,0,3.7,6.8,Detrator
1449,51449,43,35 a 44 anos,Norte,109,Mais de 72 meses,324.93,6,0.36,11,10,4,1,0.4,11.57,0,1,1,1,0,4,1,0,4.9,5.2,Detrator
1450,51450,56,55 a 64 anos,Nordeste,93,Mais de 72 meses,751.01,1,20.08,5,6,2,1,0.3333333333333333,50.99,0,3,1,1,0,5,1,0,6.6,3.7,Detrator
1451,51451,30,25 a 34 anos,Sul,53,49 a 72 meses,1262.26,6,7.92,4,12,2,1,0.16666666666666666,29.41,0,1,1,1,4,3,1,0,4.5,2.6,Detrator
1452,51452,47,45 a 54 anos,Norte,106,Mais de 72 meses,138.62,4,4.05,3,7,3,1,0.42857142857142855,31.24,0,3,0,0,10,2,1,0,0.0,4.1,Detrator
1453,51453,20,Até 24 anos,Centro-Oeste,82,Mais de 72 meses,270.85,4,66.21,10,6,2,1,0.3333333333333333,50.27,0,3,1,1,9,3,1,0,1.2,7.5,Neutro
1454,51454,48,45 a 54 anos,Centro-Oeste,116,Mais de 72 meses,454.45,1,15.58,8,8,3,1,0.375,32.91,0,2,2,1,5,5,1,0,2.0,6.2,Detrator
1455,51455,38,35 a 44 anos,Sudeste,30,25 a 48 meses,465.63,5,11.2,3,7,1,1,0.14285714285714285,37.46,0,3,1,1,5,3,1,0,5.2,3.2,Detrator
1456,51456,63,55 a 64 anos,Sul,113,Mais de 72 meses,288.19,6,25.26,10,13,0,0,0.0,34.68,0,3,2,1,6,3,1,1,4.4,8.7,Neutro
1457,51457,52,45 a 54 anos,Norte,35,25 a 48 meses,250.99,3,1.29,1,4,4,1,1.0,38.52,0,1,1,1,10,4,1,0,0.0,1.1,Detrator
1458,51458,46,45 a 54 anos,Sul,20,13 a 24 meses,585.77,5,48.92,8,14,3,1,0.21428571428571427,40.15,0,1,2,1,10,5,1,0,0.0,3.0,Detrator
1459,51459,30,25 a 34 anos,Norte,33,25 a 48 meses,450.21,2,12.47,1,8,2,1,0.25,38.85,0,3,1,1,4,3,1,0,3.4,5.6,Detrator
1460,51460,47,45 a 54 anos,Centro-Oeste,70,49 a 72 meses,778.49,2,12.21,9,4,3,1,0.75,35.92,0,3,0,0,11,1,1,0,0.0,6.3,Detrator
1461,51461,23,Até 24 anos,Nordeste,66,49 a 72 meses,302.48,1,40.62,11,6,1,1,0.16666666666666666,43.64,0,3,1,1,0,3,1,0,6.0,3.7,Detrator
1462,51462,28,25 a 34 anos,Sul,21,13 a 24 meses,644.59,5,48.61,7,9,0,0,0.0,22.86,0,2,1,1,8,1,1,0,3.7,6.6,Detrator
1463,51463,28,25 a 34 anos,Sudeste,87,Mais de 72 meses,143.26,6,49.8,7,9,2,1,0.2222222222222222,21.84,0,1,1,1,4,4,1,0,3.6,5.7,Detrator
1464,51464,21,Até 24 anos,Sul,52,49 a 72 meses,455.0,1,34.0,11,12,2,1,0.16666666666666666,24.57,0,3,1,1,8,3,1,0,1.2,3.6,Detrator
1465,51465,67,65 anos ou mais,Norte,83,Mais de 72 meses,106.93,4,31.03,10,13,1,1,0.07692307692307693,28.97,0,1,1,1,3,3,1,1,5.7,8.7,Neutro
1466,51466,39,35 a 44 anos,Centro-Oeste,99,Mais de 72 meses,1008.07,5,37.41,7,8,1,1,0.125,32.72,0,2,1,1,0,4,1,0,7.1,5.5,Detrator
1467,51467,51,45 a 54 anos,Sudeste,15,13 a 24 meses,1070.81,3,68.36,10,4,2,1,0.5,32.49,0,3,2,1,11,5,1,0,0.0,5.8,Detrator
1468,51468,47,45 a 54 anos,Sudeste,48,25 a 48 meses,263.98,4,34.02,6,11,4,1,0.36363636363636365,61.51,0,3,1,1,10,4,1,0,0.0,0.8,Detrator
1469,51469,22,Até 24 anos,Sudeste,32,25 a 48 meses,192.77,6,27.24,11,11,2,1,0.18181818181818182,31.48,0,3,4,1,1,6,1,0,4.5,2.2,Detrator
1470,51470,48,45 a 54 anos,Sul,89,Mais de 72 meses,349.87,5,10.05,4,12,1,1,0.08333333333333333,35.87,0,2,1,1,9,3,1,1,2.7,8.3,Neutro
1471,51471,45,45 a 54 anos,Sul,35,25 a 48 meses,543.54,2,5.04,6,9,5,1,0.5555555555555556,43.56,0,2,0,0,3,4,1,0,2.7,1.4,Detrator
1472,51472,48,45 a 54 anos,Norte,80,Mais de 72 meses,234.17,1,42.49,11,5,1,1,0.2,40.51,0,3,1,1,7,2,1,1,2.8,8.0,Neutro
1473,51473,40,35 a 44 anos,Nordeste,48,25 a 48 meses,655.41,3,41.85,10,6,4,1,0.6666666666666666,28.99,0,2,2,1,2,4,1,0,2.9,3.3,Detrator
1474,51474,20,Até 24 anos,Sudeste,11,Até 12 meses,251.16,6,16.08,1,11,2,1,0.18181818181818182,59.45,0,3,2,1,0,5,1,0,5.8,5.6,Detrator
1475,51475,52,45 a 54 anos,Sudeste,76,Mais de 72 meses,415.49,1,0.8,5,6,3,1,0.5,50.8,0,1,0,0,8,4,1,0,2.1,2.4,Detrator
1476,51476,38,35 a 44 anos,Nordeste,111,Mais de 72 meses,585.43,3,18.34,11,6,3,1,0.5,44.05,0,2,0,0,11,3,1,0,0.9,3.1,Detrator
1477,51477,38,35 a 44 anos,Centro-Oeste,19,13 a 24 meses,115.59,5,41.51,4,6,3,1,0.5,49.34,0,3,1,1,4,3,1,0,3.0,4.0,Detrator
1478,51478,27,25 a 34 anos,Sul,52,49 a 72 meses,53.36,1,28.02,5,10,1,1,0.1,43.76,0,3,1,1,1,2,1,0,6.4,6.4,Detrator
1479,51479,29,25 a 34 anos,Sudeste,112,Mais de 72 meses,235.41,2,15.46,2,6,3,1,0.5,50.47,0,2,0,0,8,4,1,0,1.5,3.3,Detrator
1480,51480,44,35 a 44 anos,Norte,118,Mais de 72 meses,427.64,1,0.34,3,10,2,1,0.2,45.33,0,3,2,1,10,5,1,0,0.9,6.1,Detrator
1481,51481,54,45 a 54 anos,Sul,12,Até 12 meses,115.02,3,80.58,7,9,1,1,0.1111111111111111,37.96,0,2,0,0,7,3,1,0,3.8,4.0,Detrator
1482,51482,29,25 a 34 anos,Sudeste,101,Mais de 72 meses,87.28,1,13.01,4,13,4,1,0.3076923076923077,31.42,0,1,3,1,3,7,1,0,2.1,1.8,Detrator
1483,51483,40,35 a 44 anos,Nordeste,26,25 a 48 meses,211.81,3,6.76,8,8,1,1,0.125,26.44,0,3,0,0,6,2,1,1,4.2,9.5,Promotor
1484,51484,39,35 a 44 anos,Norte,49,49 a 72 meses,387.3,4,10.41,11,4,4,1,1.0,28.6,0,3,5,1,8,7,1,0,0.0,0.0,Detrator
1485,51485,40,35 a 44 anos,Norte,56,49 a 72 meses,98.69,4,15.38,11,10,2,1,0.2,45.74,0,1,2,1,8,7,1,0,0.5,0.9,Detrator
1486,51486,40,35 a 44 anos,Sul,40,25 a 48 meses,298.99,3,4.58,9,7,2,1,0.2857142857142857,24.98,0,1,3,1,5,5,1,0,2.0,2.9,Detrator
1487,51487,32,25 a 34 anos,Sudeste,80,Mais de 72 meses,401.35,6,102.81,8,10,4,1,0.4,51.3,0,3,0,0,9,3,1,0,0.0,5.8,Detrator
1488,51488,43,35 a 44 anos,Sudeste,6,Até 12 meses,156.64,1,31.41,4,12,1,1,0.08333333333333333,68.18,0,3,4,1,0,6,1,0,5.2,3.5,Detrator
1489,51489,45,45 a 54 anos,Norte,100,Mais de 72 meses,634.33,1,7.76,4,13,1,1,0.07692307692307693,43.16,0,3,0,0,11,1,1,1,3.1,8.1,Neutro
1490,51490,30,25 a 34 anos,Nordeste,101,Mais de 72 meses,102.23,5,22.56,5,5,3,1,0.6,28.58,0,1,0,0,0,2,1,0,7.9,6.6,Detrator
1491,51491,52,45 a 54 anos,Sudeste,59,49 a 72 meses,383.99,2,11.63,4,9,1,1,0.1111111111111111,49.46,0,3,0,0,4,1,1,1,6.2,9.3,Promotor
1492,51492,54,45 a 54 anos,Nordeste,3,Até 12 meses,1146.7,5,36.39,6,11,1,1,0.09090909090909091,23.64,0,2,4,1,7,6,1,0,0.5,2.7,Detrator
1493,51493,61,55 a 64 anos,Nordeste,17,13 a 24 meses,278.54,1,30.87,7,10,3,1,0.3,36.72,0,2,2,1,7,5,1,0,1.1,5.2,Detrator
1494,51494,55,55 a 64 anos,Sudeste,114,Mais de 72 meses,395.99,5,1.23,5,9,2,1,0.2222222222222222,40.41,0,2,1,1,8,5,1,0,2.9,5.1,Detrator
1495,51495,21,Até 24 anos,Nordeste,10,Até 12 meses,891.78,6,4.0,9,10,0,0,0.0,14.96,0,1,1,1,1,1,1,1,8.4,9.6,Promotor
1497,51497,64,55 a 64 anos,Sudeste,12,Até 12 meses,344.26,5,26.39,10,8,4,1,0.5,34.14,0,2,4,1,7,7,1,0,0.0,0.0,Detrator
1498,51498,54,45 a 54 anos,Sudeste,47,25 a 48 meses,338.2,2,19.02,3,3,1,1,0.3333333333333333,41.31,0,3,2,1,0,4,1,0,6.8,7.7,Neutro
1499,51499,25,25 a 34 anos,Centro-Oeste,68,49 a 72 meses,672.84,1,39.5,4,6,2,1,0.3333333333333333,25.88,0,2,0,0,7,1,1,0,4.4,6.9,Detrator
1500,51500,51,45 a 54 anos,Sudeste,82,Mais de 72 meses,411.08,5,26.7,5,8,1,1,0.125,52.95,0,1,2,1,2,5,1,0,5.4,3.7,Detrator
1501,51501,19,Até 24 anos,Norte,18,13 a 24 meses,507.76,2,39.16,10,5,1,1,0.2,41.88,0,3,2,1,5,6,1,0,3.7,4.6,Detrator
1502,51502,25,25 a 34 anos,Norte,34,25 a 48 meses,372.06,2,1.21,10,11,1,1,0.09090909090909091,35.07,0,1,0,0,10,1,1,1,1.9,8.8,Neutro
1503,51503,42,35 a 44 anos,Nordeste,32,25 a 48 meses,398.1,2,38.72,1,8,1,1,0.125,65.16,0,2,0,0,5,2,1,0,5.5,7.2,Neutro
1504,51504,44,35 a 44 anos,Sudeste,86,Mais de 72 meses,206.08,1,34.26,11,6,2,1,0.3333333333333333,23.38,0,3,1,1,8,3,1,0,1.5,5.0,Detrator
1505,51505,28,25 a 34 anos,Sudeste,47,25 a 48 meses,255.69,3,4.34,10,4,3,1,0.75,45.43,0,2,4,1,0,8,1,0,2.5,2.1,Detrator
1506,51506,34,25 a 34 anos,Sul,25,25 a 48 meses,384.22,6,10.71,6,7,2,1,0.2857142857142857,17.16,0,3,2,1,6,4,1,0,1.0,3.5,Detrator
1507,51507,47,45 a 54 anos,Sul,110,Mais de 72 meses,273.91,5,5.82,3,9,1,1,0.1111111111111111,43.3,0,2,2,1,6,5,1,0,3.2,6.6,Detrator
1508,51508,68,65 anos ou mais,Sudeste,33,25 a 48 meses,132.71,2,42.15,3,4,4,1,1.0,45.22,0,1,2,1,8,5,1,0,0.0,0.1,Detrator
1509,51509,55,55 a 64 anos,Centro-Oeste,14,13 a 24 meses,230.48,6,15.3,5,13,2,1,0.15384615384615385,15.72,0,2,2,1,4,4,1,0,4.2,3.4,Detrator
1510,51510,27,25 a 34 anos,Nordeste,115,Mais de 72 meses,704.45,6,2.81,7,6,0,0,0.0,33.35,0,1,4,1,5,6,1,0,2.9,2.9,Detrator
1511,51511,51,45 a 54 anos,Norte,113,Mais de 72 meses,217.88,6,63.54,2,11,5,1,0.45454545454545453,46.34,0,1,2,1,6,8,1,0,0.0,0.0,Detrator
1512,51512,32,25 a 34 anos,Sul,58,49 a 72 meses,375.46,6,10.18,1,8,3,1,0.375,26.92,0,1,0,0,10,5,1,0,1.1,1.3,Detrator
1513,51513,39,35 a 44 anos,Sul,34,25 a 48 meses,219.83,2,51.71,3,12,6,1,0.5,30.04,0,2,0,0,5,3,1,0,0.5,1.9,Detrator
1514,51514,42,35 a 44 anos,Nordeste,48,25 a 48 meses,253.67,3,11.0,9,14,4,1,0.2857142857142857,51.28,0,1,3,1,4,6,1,0,0.0,1.8,Detrator
1515,51515,31,25 a 34 anos,Norte,4,Até 12 meses,440.81,5,13.03,4,8,2,1,0.25,44.41,0,1,1,1,3,3,1,0,5.2,4.5,Detrator
1517,51517,62,55 a 64 anos,Norte,105,Mais de 72 meses,469.56,6,20.72,7,7,3,1,0.42857142857142855,23.79,0,1,2,1,6,5,1,0,1.2,2.7,Detrator
1518,51518,34,25 a 34 anos,Norte,90,Mais de 72 meses,111.53,4,40.19,9,8,3,1,0.375,28.38,0,3,1,1,2,3,1,0,4.6,2.3,Detrator
1519,51519,60,55 a 64 anos,Norte,58,49 a 72 meses,115.9,4,74.51,3,5,1,1,0.2,29.78,0,3,0,0,1,5,1,0,8.8,5.7,Detrator
1520,51520,19,Até 24 anos,Sudeste,113,Mais de 72 meses,198.1,3,3.57,1,2,1,1,0.5,31.99,0,3,2,1,10,4,1,0,1.3,6.6,Detrator
1521,51521,46,45 a 54 anos,Norte,88,Mais de 72 meses,866.71,6,48.85,1,5,4,1,0.8,43.48,0,3,0,0,4,6,1,0,3.1,2.6,Detrator
1522,51522,38,35 a 44 anos,Sudeste,85,Mais de 72 meses,453.73,4,8.69,1,6,5,1,0.8333333333333334,15.44,0,2,1,1,8,6,1,0,0.0,0.0,Detrator
1523,51523,65,65 anos ou mais,Norte,51,49 a 72 meses,267.38,3,32.21,3,2,1,1,0.5,36.99,0,1,2,1,3,6,1,0,3.2,4.4,Detrator
1524,51524,19,Até 24 anos,Centro-Oeste,36,25 a 48 meses,232.29,3,16.87,6,13,2,1,0.15384615384615385,44.73,0,1,2,1,0,4,1,0,5.4,6.3,Detrator
1525,51525,69,65 anos ou mais,Sul,96,Mais de 72 meses,262.47,1,28.2,5,2,2,1,1.0,31.43,0,2,1,1,3,3,1,0,4.6,6.0,Detrator
1526,51526,49,45 a 54 anos,Centro-Oeste,89,Mais de 72 meses,14.58,3,2.02,3,14,1,1,0.07142857142857142,48.92,1,1,3,1,2,6,1,0,4.1,0.0,Detrator
1527,51527,25,25 a 34 anos,Norte,56,49 a 72 meses,312.04,3,9.09,6,7,0,0,0.0,12.04,0,3,0,0,4,2,1,1,7.4,10.0,Promotor
1528,51528,53,45 a 54 anos,Sudeste,43,25 a 48 meses,525.0,1,8.5,2,7,3,1,0.42857142857142855,35.24,0,3,2,1,10,7,1,0,0.0,0.0,Detrator
1529,51529,44,35 a 44 anos,Nordeste,18,13 a 24 meses,268.09,4,13.46,8,7,3,1,0.42857142857142855,29.51,0,2,3,1,11,7,1,0,0.0,0.9,Detrator
1530,51530,44,35 a 44 anos,Sudeste,80,Mais de 72 meses,404.4,2,12.49,10,5,5,1,1.0,25.46,0,2,1,1,10,4,1,0,0.0,0.7,Detrator
1531,51531,59,55 a 64 anos,Norte,80,Mais de 72 meses,427.38,2,11.99,9,12,4,1,0.3333333333333333,33.5,0,1,2,1,11,4,1,0,0.0,1.8,Detrator
1532,51532,40,35 a 44 anos,Centro-Oeste,34,25 a 48 meses,595.57,4,3.81,9,14,3,1,0.21428571428571427,43.9,0,1,1,1,6,4,1,0,3.4,4.9,Detrator
1533,51533,29,25 a 34 anos,Sudeste,76,Mais de 72 meses,679.11,1,10.05,5,11,1,1,0.09090909090909091,44.97,0,1,0,0,0,1,1,1,8.3,8.4,Neutro
1534,51534,23,Até 24 anos,Centro-Oeste,110,Mais de 72 meses,453.33,5,129.59,8,2,2,1,1.0,42.95,0,1,2,1,7,5,1,0,1.9,0.0,Detrator
1536,51536,41,35 a 44 anos,Nordeste,51,49 a 72 meses,453.95,2,19.2,6,6,0,0,0.0,34.17,0,2,3,1,6,6,1,0,3.3,2.6,Detrator
1537,51537,54,45 a 54 anos,Norte,95,Mais de 72 meses,864.07,6,23.97,10,7,1,1,0.14285714285714285,18.65,0,1,0,0,8,4,1,0,3.2,5.6,Detrator
1538,51538,42,35 a 44 anos,Sul,102,Mais de 72 meses,908.39,4,26.94,9,4,1,1,0.25,44.67,0,1,1,1,2,2,1,0,6.3,6.8,Detrator
1539,51539,37,35 a 44 anos,Sul,83,Mais de 72 meses,1111.05,5,91.4,9,6,2,1,0.3333333333333333,42.64,0,3,2,1,5,6,1,0,0.7,5.7,Detrator
1540,51540,64,55 a 64 anos,Norte,102,Mais de 72 meses,357.46,4,66.51,10,6,1,1,0.16666666666666666,27.88,0,3,3,1,11,6,1,0,0.1,4.3,Detrator
1541,51541,62,55 a 64 anos,Norte,45,25 a 48 meses,719.25,4,5.28,6,2,2,1,1.0,34.49,0,1,1,1,0,4,1,1,6.7,8.2,Neutro
1542,51542,54,45 a 54 anos,Sudeste,74,Mais de 72 meses,44.28,5,12.11,10,2,1,1,0.5,11.14,0,1,3,1,1,6,1,0,4.6,3.6,Detrator
1543,51543,23,Até 24 anos,Centro-Oeste,40,25 a 48 meses,307.57,5,13.19,5,12,0,0,0.0,54.67,0,1,3,1,1,3,1,1,5.8,8.9,Neutro
1544,51544,38,35 a 44 anos,Norte,49,49 a 72 meses,170.59,2,6.35,2,12,0,0,0.0,32.01,0,2,2,1,9,3,1,0,3.1,6.0,Detrator
1545,51545,48,45 a 54 anos,Centro-Oeste,119,Mais de 72 meses,1476.68,3,3.85,11,3,2,1,0.6666666666666666,40.35,0,1,3,1,10,5,1,0,0.0,3.4,Detrator
1546,51546,50,45 a 54 anos,Sul,36,25 a 48 meses,47.58,1,46.01,9,12,1,1,0.08333333333333333,35.74,0,1,1,1,9,3,1,0,2.0,5.6,Detrator
1547,51547,65,65 anos ou mais,Sul,22,13 a 24 meses,1219.79,1,102.07,9,12,1,1,0.08333333333333333,11.63,0,1,4,1,9,6,1,0,0.0,3.2,Detrator
1548,51548,34,25 a 34 anos,Norte,26,25 a 48 meses,353.5,2,42.17,5,2,1,1,0.5,47.19,0,2,1,1,11,4,1,0,1.7,4.3,Detrator
1549,51549,50,45 a 54 anos,Sudeste,105,Mais de 72 meses,512.99,4,8.36,1,7,3,1,0.42857142857142855,66.01,0,2,1,1,7,5,1,0,1.5,3.4,Detrator
1551,51551,19,Até 24 anos,Nordeste,73,Mais de 72 meses,534.5,4,2.36,11,13,0,0,0.0,44.0,0,3,0,0,11,0,0,0,3.2,7.8,Neutro
1552,51552,57,55 a 64 anos,Centro-Oeste,25,25 a 48 meses,309.7,5,50.56,8,7,3,1,0.42857142857142855,40.94,0,2,4,1,10,7,1,0,0.0,0.0,Detrator
1553,51553,50,45 a 54 anos,Sudeste,89,Mais de 72 meses,143.7,3,2.63,2,14,1,1,0.07142857142857142,23.55,0,3,2,1,6,5,1,0,2.7,3.8,Detrator
1554,51554,19,Até 24 anos,Sudeste,9,Até 12 meses,606.49,5,39.05,1,2,2,1,1.0,46.72,0,1,0,0,8,3,1,0,3.1,1.8,Detrator
1555,51555,62,55 a 64 anos,Sudeste,19,13 a 24 meses,549.62,1,3.84,6,9,1,1,0.1111111111111111,41.44,0,1,2,1,11,5,1,0,0.1,4.7,Detrator
1556,51556,31,25 a 34 anos,Sudeste,99,Mais de 72 meses,103.61,1,0.89,9,14,3,1,0.21428571428571427,51.47,0,2,1,1,10,4,1,0,0.0,6.0,Detrator
1557,51557,20,Até 24 anos,Sudeste,90,Mais de 72 meses,555.71,2,85.85,11,9,2,1,0.2222222222222222,54.49,0,2,2,1,3,5,1,0,3.9,5.4,Detrator
1558,51558,43,35 a 44 anos,Nordeste,74,Mais de 72 meses,72.55,5,3.81,11,8,5,1,0.625,22.71,0,3,4,1,8,9,1,0,0.0,0.0,Detrator
1560,51560,29,25 a 34 anos,Sul,10,Até 12 meses,531.99,6,47.06,7,5,1,1,0.2,36.61,0,2,1,1,3,5,1,0,6.3,5.0,Detrator
1561,51561,68,65 anos ou mais,Sul,60,49 a 72 meses,445.34,4,10.14,11,2,2,1,1.0,35.94,0,3,3,1,4,5,1,0,3.1,5.8,Detrator
1562,51562,26,25 a 34 anos,Centro-Oeste,70,49 a 72 meses,647.05,3,27.03,4,3,2,1,0.6666666666666666,31.69,0,3,0,0,0,3,1,1,7.2,8.0,Neutro
1563,51563,21,Até 24 anos,Norte,73,Mais de 72 meses,493.06,3,43.42,6,7,2,1,0.2857142857142857,35.2,0,3,1,1,8,3,1,0,2.6,5.3,Detrator
1564,51564,22,Até 24 anos,Centro-Oeste,57,49 a 72 meses,352.7,6,23.54,7,7,2,1,0.2857142857142857,39.12,0,2,1,1,3,3,1,0,4.0,6.8,Detrator
1565,51565,22,Até 24 anos,Sul,107,Mais de 72 meses,220.97,1,17.84,6,4,3,1,0.75,56.08,0,2,1,1,10,6,1,0,0.0,2.3,Detrator
1566,51566,29,25 a 34 anos,Nordeste,1,Até 12 meses,441.31,5,23.95,3,13,0,0,0.0,43.87,0,3,4,1,2,6,1,0,5.2,7.0,Neutro
1567,51567,62,55 a 64 anos,Norte,67,49 a 72 meses,556.82,4,54.07,2,12,4,1,0.3333333333333333,38.17,0,2,1,1,11,3,1,0,0.0,1.9,Detrator
1568,51568,28,25 a 34 anos,Nordeste,114,Mais de 72 meses,408.58,3,24.81,10,3,3,1,1.0,41.4,0,3,1,1,8,3,1,0,1.6,3.7,Detrator
1569,51569,45,45 a 54 anos,Nordeste,36,25 a 48 meses,345.83,1,34.27,5,14,2,1,0.14285714285714285,29.5,0,2,1,1,6,4,1,0,2.8,5.4,Detrator
1570,51570,44,35 a 44 anos,Norte,52,49 a 72 meses,114.65,1,28.48,2,8,3,1,0.375,48.27,0,2,2,1,3,4,1,0,2.7,3.9,Detrator
1571,51571,39,35 a 44 anos,Sul,96,Mais de 72 meses,106.07,5,23.41,7,11,3,1,0.2727272727272727,21.37,0,1,2,1,1,5,1,0,3.4,4.3,Detrator
1572,51572,20,Até 24 anos,Sudeste,102,Mais de 72 meses,269.86,3,60.74,3,11,2,1,0.18181818181818182,31.3,0,2,3,1,9,5,1,0,0.0,1.8,Detrator
1573,51573,38,35 a 44 anos,Centro-Oeste,24,13 a 24 meses,483.15,1,10.94,9,13,3,1,0.23076923076923078,42.59,0,3,2,1,3,4,1,0,2.9,3.4,Detrator
1574,51574,28,25 a 34 anos,Sul,79,Mais de 72 meses,126.99,2,35.53,6,7,2,1,0.2857142857142857,38.78,0,3,2,1,8,4,1,0,0.7,5.0,Detrator
1575,51575,45,45 a 54 anos,Nordeste,109,Mais de 72 meses,243.3,4,41.2,6,5,3,1,0.6,58.33,0,1,2,1,3,5,1,0,2.2,2.6,Detrator
1576,51576,46,45 a 54 anos,Sul,110,Mais de 72 meses,859.06,2,103.57,4,14,2,1,0.14285714285714285,50.94,0,3,1,1,4,3,1,0,3.9,6.4,Detrator
1577,51577,34,25 a 34 anos,Sul,43,25 a 48 meses,385.1,1,0.24,6,13,1,1,0.07692307692307693,60.32,0,1,1,1,2,3,1,0,5.7,6.1,Detrator
1578,51578,27,25 a 34 anos,Centro-Oeste,35,25 a 48 meses,913.88,5,80.41,4,5,0,0,0.0,12.67,0,2,0,0,1,0,0,1,9.9,10.0,Promotor
1579,51579,32,25 a 34 anos,Sul,101,Mais de 72 meses,513.85,6,7.8,2,6,4,1,0.6666666666666666,41.98,0,2,2,1,4,5,1,0,1.5,0.0,Detrator
1580,51580,66,65 anos ou mais,Nordeste,63,49 a 72 meses,45.1,6,2.32,2,5,2,1,0.4,29.92,0,2,2,1,1,5,1,0,5.0,4.5,Detrator
1581,51581,61,55 a 64 anos,Sudeste,59,49 a 72 meses,382.29,5,20.05,1,5,1,1,0.2,23.56,0,1,0,0,7,3,1,0,4.2,4.5,Detrator
1582,51582,46,45 a 54 anos,Centro-Oeste,106,Mais de 72 meses,244.61,5,10.78,5,8,2,1,0.25,27.99,0,3,1,1,11,4,1,0,0.0,2.0,Detrator
1583,51583,21,Até 24 anos,Norte,61,49 a 72 meses,177.14,2,107.25,10,10,0,0,0.0,39.83,0,3,2,1,11,3,1,0,1.3,6.0,Detrator
1584,51584,56,55 a 64 anos,Norte,96,Mais de 72 meses,738.19,6,34.16,2,8,5,1,0.625,25.67,0,3,3,1,9,8,1,0,0.0,1.4,Detrator
1585,51585,41,35 a 44 anos,Sul,18,13 a 24 meses,421.28,6,11.18,3,11,1,1,0.09090909090909091,69.55,0,3,0,0,5,3,1,0,4.9,4.5,Detrator
1586,51586,62,55 a 64 anos,Sul,7,Até 12 meses,207.38,5,5.95,2,14,3,1,0.21428571428571427,47.01,0,2,1,1,0,4,1,0,5.2,2.1,Detrator
1587,51587,41,35 a 44 anos,Sul,79,Mais de 72 meses,421.32,5,110.56,2,3,1,1,0.3333333333333333,54.37,0,3,1,1,6,4,1,0,2.9,4.1,Detrator
1588,51588,31,25 a 34 anos,Centro-Oeste,69,49 a 72 meses,430.78,1,0.14,6,4,4,1,1.0,34.31,0,3,2,1,0,5,1,0,2.8,5.9,Detrator
1589,51589,43,35 a 44 anos,Sul,29,25 a 48 meses,324.37,3,61.45,1,7,2,1,0.2857142857142857,47.0,0,2,1,1,6,3,1,0,2.7,5.5,Detrator
1590,51590,28,25 a 34 anos,Sul,92,Mais de 72 meses,485.61,3,35.78,3,13,1,1,0.07692307692307693,47.55,0,3,1,1,7,5,1,0,3.5,4.4,Detrator
1591,51591,20,Até 24 anos,Norte,78,Mais de 72 meses,618.38,6,15.23,10,3,1,1,0.3333333333333333,42.32,0,2,0,0,4,3,1,0,4.8,4.9,Detrator
1592,51592,28,25 a 34 anos,Norte,18,13 a 24 meses,731.33,4,38.41,6,8,3,1,0.375,34.9,0,1,1,1,3,4,1,0,3.4,2.2,Detrator
1593,51593,64,55 a 64 anos,Centro-Oeste,42,25 a 48 meses,370.7,6,28.14,6,3,3,1,1.0,58.91,0,3,1,1,9,5,1,0,0.1,1.5,Detrator
1594,51594,63,55 a 64 anos,Centro-Oeste,91,Mais de 72 meses,383.5,3,9.87,9,9,2,1,0.2222222222222222,15.24,0,2,1,1,2,5,1,0,4.9,5.3,Detrator
1595,51595,67,65 anos ou mais,Sudeste,67,49 a 72 meses,250.52,1,26.91,3,5,2,1,0.4,47.18,0,3,1,1,1,3,1,0,6.1,5.7,Detrator
1597,51597,69,65 anos ou mais,Sudeste,18,13 a 24 meses,509.8,6,39.45,9,8,0,0,0.0,37.35,0,2,2,1,3,4,1,1,5.8,8.7,Neutro
1599,51599,66,65 anos ou mais,Sudeste,41,25 a 48 meses,270.17,5,9.08,6,12,3,1,0.25,35.09,0,1,2,1,9,5,1,0,0.0,3.3,Detrator
1600,51600,34,25 a 34 anos,Centro-Oeste,7,Até 12 meses,1047.21,4,20.75,6,10,2,1,0.2,46.66,0,1,2,1,7,5,1,0,2.9,4.8,Detrator
1601,51601,57,55 a 64 anos,Norte,75,Mais de 72 meses,52.64,5,0.49,1,12,1,1,0.08333333333333333,50.36,0,3,3,1,6,5,1,0,2.1,2.6,Detrator
1602,51602,35,35 a 44 anos,Norte,108,Mais de 72 meses,328.47,3,15.86,8,8,1,1,0.125,48.54,0,1,2,1,4,4,1,0,5.2,4.6,Detrator
1603,51603,61,55 a 64 anos,Nordeste,63,49 a 72 meses,481.9,1,28.55,8,6,0,0,0.0,33.38,0,1,1,1,0,1,1,0,8.6,6.9,Detrator
1604,51604,64,55 a 64 anos,Norte,112,Mais de 72 meses,157.66,1,0.3,8,12,2,1,0.16666666666666666,40.78,0,1,1,1,4,5,1,0,3.4,3.5,Detrator
1605,51605,21,Até 24 anos,Sudeste,80,Mais de 72 meses,301.56,2,23.06,10,3,0,0,0.0,32.81,0,1,1,1,3,4,1,1,6.2,8.8,Neutro
1606,51606,53,45 a 54 anos,Nordeste,101,Mais de 72 meses,471.9,5,15.14,2,8,1,1,0.125,34.83,0,2,2,1,7,4,1,0,2.8,4.5,Detrator
1607,51607,65,65 anos ou mais,Norte,54,49 a 72 meses,538.99,2,58.74,11,5,1,1,0.2,32.65,0,1,1,1,6,3,1,0,5.2,5.5,Detrator
1608,51608,56,55 a 64 anos,Sudeste,25,25 a 48 meses,64.3,3,12.35,7,13,2,1,0.15384615384615385,50.44,0,1,2,1,2,4,1,0,4.6,4.1,Detrator
1609,51609,66,65 anos ou mais,Sul,4,Até 12 meses,97.7,1,22.55,4,3,1,1,0.3333333333333333,53.4,0,3,0,0,6,2,1,0,5.1,7.1,Neutro
1610,51610,32,25 a 34 anos,Centro-Oeste,41,25 a 48 meses,93.09,3,41.18,6,2,1,1,0.5,26.47,0,2,5,1,5,7,1,0,1.5,4.6,Detrator
1611,51611,66,65 anos ou mais,Sul,34,25 a 48 meses,449.07,2,58.09,7,6,1,1,0.16666666666666666,39.71,0,2,0,0,8,4,1,0,3.0,5.0,Detrator
1612,51612,58,55 a 64 anos,Nordeste,76,Mais de 72 meses,897.65,2,4.05,5,8,5,1,0.625,15.81,0,1,2,1,1,7,1,0,1.6,1.5,Detrator
1613,51613,43,35 a 44 anos,Sudeste,84,Mais de 72 meses,174.71,3,11.93,2,12,3,1,0.25,7.18,0,1,1,1,5,3,1,0,2.2,3.8,Detrator
1614,51614,50,45 a 54 anos,Norte,85,Mais de 72 meses,263.38,1,0.28,6,9,2,1,0.2222222222222222,38.38,0,1,2,1,5,5,1,0,2.9,6.9,Detrator
1615,51615,45,45 a 54 anos,Nordeste,90,Mais de 72 meses,1046.13,1,5.22,8,13,2,1,0.15384615384615385,37.11,0,2,1,1,3,5,1,0,4.1,2.4,Detrator
1616,51616,47,45 a 54 anos,Centro-Oeste,113,Mais de 72 meses,747.45,3,37.37,11,6,3,1,0.5,34.84,0,2,1,1,4,4,1,0,3.2,0.5,Detrator
1617,51617,69,65 anos ou mais,Sudeste,114,Mais de 72 meses,916.48,3,32.2,3,9,0,0,0.0,22.28,0,2,2,1,7,4,1,0,3.5,7.8,Neutro
1618,51618,63,55 a 64 anos,Sudeste,100,Mais de 72 meses,546.92,3,8.39,2,7,2,1,0.2857142857142857,44.55,0,2,2,1,3,5,1,0,3.7,4.5,Detrator
1619,51619,45,45 a 54 anos,Centro-Oeste,106,Mais de 72 meses,147.16,3,55.23,8,7,1,1,0.14285714285714285,41.42,0,3,1,1,0,3,1,0,7.8,5.3,Detrator
1620,51620,62,55 a 64 anos,Centro-Oeste,9,Até 12 meses,160.55,2,18.7,9,9,2,1,0.2222222222222222,6.71,0,3,1,1,0,4,1,0,6.1,6.7,Detrator
1621,51621,57,55 a 64 anos,Sul,15,13 a 24 meses,155.46,3,12.52,10,7,1,1,0.14285714285714285,44.49,0,3,0,0,3,2,1,1,7.1,9.7,Promotor
1623,51623,27,25 a 34 anos,Norte,26,25 a 48 meses,325.48,3,24.44,6,10,1,1,0.1,22.93,0,1,0,0,11,2,1,0,1.7,5.5,Detrator
1624,51624,56,55 a 64 anos,Nordeste,22,13 a 24 meses,399.72,2,8.74,2,9,3,1,0.3333333333333333,20.15,0,2,2,1,3,4,1,0,3.3,3.4,Detrator
1625,51625,66,65 anos ou mais,Norte,45,25 a 48 meses,573.33,3,50.66,5,10,2,1,0.2,28.71,0,2,3,1,8,8,1,0,0.0,2.6,Detrator
1626,51626,32,25 a 34 anos,Sudeste,74,Mais de 72 meses,267.62,4,128.32,11,12,1,1,0.08333333333333333,30.59,0,2,2,1,1,5,1,0,6.6,7.6,Neutro
1627,51627,61,55 a 64 anos,Norte,24,13 a 24 meses,344.99,1,16.15,5,12,2,1,0.16666666666666666,31.62,0,3,2,1,5,3,1,0,2.0,6.2,Detrator
1628,51628,69,65 anos ou mais,Norte,71,49 a 72 meses,314.04,5,36.04,4,7,4,1,0.5714285714285714,13.07,0,3,2,1,8,4,1,0,0.0,3.5,Detrator
1629,51629,47,45 a 54 anos,Norte,96,Mais de 72 meses,264.58,2,40.84,8,7,4,1,0.5714285714285714,48.75,0,1,0,0,5,2,1,0,2.2,3.0,Detrator
1630,51630,45,45 a 54 anos,Nordeste,87,Mais de 72 meses,585.06,3,13.95,2,14,3,1,0.21428571428571427,20.39,0,2,1,1,3,4,1,0,3.3,1.9,Detrator
1632,51632,43,35 a 44 anos,Centro-Oeste,50,49 a 72 meses,247.16,5,5.22,7,6,2,1,0.3333333333333333,20.08,0,3,0,0,3,1,1,1,4.8,9.0,Promotor
1633,51633,43,35 a 44 anos,Centro-Oeste,51,49 a 72 meses,402.62,5,1.3,1,7,0,0,0.0,64.08,0,1,1,1,7,2,1,1,4.1,9.5,Promotor
1634,51634,61,55 a 64 anos,Sudeste,83,Mais de 72 meses,126.06,2,31.41,11,14,2,1,0.14285714285714285,22.18,0,2,2,1,8,5,1,0,1.3,4.9,Detrator
1635,51635,18,Até 24 anos,Sul,76,Mais de 72 meses,155.47,6,34.47,10,14,5,1,0.35714285714285715,40.27,0,1,2,1,11,5,1,0,0.0,0.0,Detrator
1636,51636,39,35 a 44 anos,Norte,52,49 a 72 meses,169.52,2,12.68,3,7,3,1,0.42857142857142855,32.27,0,1,2,1,5,4,1,0,1.9,5.8,Detrator
1637,51637,40,35 a 44 anos,Sul,16,13 a 24 meses,555.7,3,3.58,11,14,3,1,0.21428571428571427,33.07,0,3,3,1,0,6,1,0,3.6,5.4,Detrator
1638,51638,42,35 a 44 anos,Norte,57,49 a 72 meses,298.17,4,2.29,2,11,3,1,0.2727272727272727,45.19,0,2,0,0,0,1,1,0,6.4,6.8,Detrator
1639,51639,25,25 a 34 anos,Sul,25,25 a 48 meses,346.06,1,30.22,1,4,4,1,1.0,13.34,0,1,1,1,3,3,1,0,2.7,2.8,Detrator
1640,51640,51,45 a 54 anos,Sudeste,116,Mais de 72 meses,391.76,2,49.2,7,13,1,1,0.07692307692307693,22.55,0,3,3,1,10,5,1,0,0.1,6.0,Detrator
1641,51641,69,65 anos ou mais,Nordeste,70,49 a 72 meses,893.62,2,2.97,8,4,1,1,0.25,51.42,0,1,1,1,3,2,1,0,5.5,7.2,Neutro
1642,51642,32,25 a 34 anos,Nordeste,71,49 a 72 meses,350.01,2,14.61,9,6,2,1,0.3333333333333333,35.32,0,1,2,1,9,4,1,0,0.2,4.6,Detrator
1645,51645,35,35 a 44 anos,Centro-Oeste,49,49 a 72 meses,732.67,1,105.6,8,11,0,0,0.0,20.81,0,3,4,1,3,4,1,0,4.5,6.2,Detrator
1646,51646,24,Até 24 anos,Norte,94,Mais de 72 meses,313.25,1,3.01,7,6,1,1,0.16666666666666666,34.23,0,2,3,1,11,5,1,0,0.0,5.0,Detrator
1647,51647,59,55 a 64 anos,Centro-Oeste,106,Mais de 72 meses,503.34,3,66.18,8,9,3,1,0.3333333333333333,56.15,0,1,3,1,7,5,1,0,0.3,0.7,Detrator
1648,51648,44,35 a 44 anos,Sul,31,25 a 48 meses,574.18,1,8.43,10,5,4,1,0.8,37.68,0,1,1,1,6,3,1,0,0.6,3.0,Detrator
1649,51649,19,Até 24 anos,Sul,6,Até 12 meses,548.3,6,13.42,7,6,2,1,0.3333333333333333,54.82,0,3,1,1,2,3,1,0,5.7,6.8,Detrator
1650,51650,52,45 a 54 anos,Sul,94,Mais de 72 meses,470.98,5,0.81,9,12,1,1,0.08333333333333333,45.09,0,1,2,1,10,4,1,0,0.0,5.6,Detrator
1651,51651,63,55 a 64 anos,Norte,119,Mais de 72 meses,802.83,6,57.08,5,8,3,1,0.375,46.14,0,3,0,0,11,2,1,0,0.2,2.3,Detrator
1652,51652,65,65 anos ou mais,Centro-Oeste,60,49 a 72 meses,219.5,4,40.8,10,13,3,1,0.23076923076923078,25.12,0,1,1,1,4,3,1,0,2.3,1.7,Detrator
1653,51653,30,25 a 34 anos,Centro-Oeste,22,13 a 24 meses,456.69,1,46.28,2,13,3,1,0.23076923076923078,29.97,0,2,2,1,9,4,1,0,0.0,2.4,Detrator
1655,51655,45,45 a 54 anos,Centro-Oeste,118,Mais de 72 meses,443.74,5,33.18,5,14,4,1,0.2857142857142857,38.0,0,1,1,1,9,4,1,0,0.0,1.6,Detrator
1656,51656,40,35 a 44 anos,Centro-Oeste,62,49 a 72 meses,324.49,5,58.37,1,5,2,1,0.4,38.72,0,1,0,0,10,2,1,0,1.1,4.5,Detrator
1657,51657,68,65 anos ou mais,Sudeste,116,Mais de 72 meses,177.39,4,44.7,10,8,3,1,0.375,34.29,0,2,2,1,8,4,1,0,0.5,0.2,Detrator
1658,51658,35,35 a 44 anos,Sudeste,1,Até 12 meses,509.15,4,43.33,3,7,0,0,0.0,13.4,0,2,2,1,4,4,1,0,5.5,6.7,Detrator
1659,51659,38,35 a 44 anos,Centro-Oeste,109,Mais de 72 meses,501.54,4,43.72,10,2,2,1,1.0,28.64,0,2,2,1,5,5,1,0,2.5,3.0,Detrator
1660,51660,56,55 a 64 anos,Sul,104,Mais de 72 meses,1133.5,4,9.7,7,4,0,0,0.0,34.82,0,3,2,1,1,5,1,0,7.5,4.0,Detrator
1661,51661,31,25 a 34 anos,Nordeste,72,49 a 72 meses,135.56,1,15.66,1,4,1,1,0.25,40.94,0,2,1,1,0,7,1,0,7.5,6.7,Detrator
1662,51662,30,25 a 34 anos,Nordeste,77,Mais de 72 meses,244.71,1,3.33,5,10,1,1,0.1,41.74,0,2,2,1,7,4,1,0,2.8,2.7,Detrator
1663,51663,65,65 anos ou mais,Sudeste,119,Mais de 72 meses,405.18,3,65.29,11,3,2,1,0.6666666666666666,62.07,0,2,2,1,10,5,1,0,0.0,3.9,Detrator
1664,51664,67,65 anos ou mais,Norte,85,Mais de 72 meses,638.29,2,31.65,10,6,1,1,0.16666666666666666,47.35,0,2,1,1,3,2,1,0,6.4,6.8,Detrator
1665,51665,37,35 a 44 anos,Norte,52,49 a 72 meses,105.05,1,9.85,6,11,2,1,0.18181818181818182,35.03,0,2,3,1,6,5,1,0,0.7,5.2,Detrator
1666,51666,30,25 a 34 anos,Sudeste,15,13 a 24 meses,158.16,6,111.61,10,11,2,1,0.18181818181818182,49.43,0,3,0,0,7,4,1,0,3.9,5.7,Detrator
1667,51667,25,25 a 34 anos,Sul,74,Mais de 72 meses,203.79,2,53.64,4,2,2,1,1.0,35.86,0,2,0,0,5,3,1,0,4.5,5.8,Detrator
1668,51668,21,Até 24 anos,Norte,83,Mais de 72 meses,599.12,1,45.86,7,14,3,1,0.21428571428571427,30.1,0,2,4,1,9,6,1,0,0.0,0.0,Detrator
1669,51669,23,Até 24 anos,Sul,38,25 a 48 meses,117.62,5,29.79,10,10,1,1,0.1,40.32,0,1,2,1,6,4,1,1,2.4,9.4,Promotor
1670,51670,41,35 a 44 anos,Centro-Oeste,81,Mais de 72 meses,334.41,3,22.06,5,6,3,1,0.5,56.51,0,1,2,1,8,5,1,0,0.7,3.0,Detrator
1672,51672,41,35 a 44 anos,Nordeste,49,49 a 72 meses,874.28,6,54.83,1,14,2,1,0.14285714285714285,25.86,0,2,0,0,3,4,1,0,5.2,7.0,Neutro
1673,51673,66,65 anos ou mais,Sudeste,12,Até 12 meses,737.43,1,23.05,7,3,2,1,0.6666666666666666,2.62,0,2,2,1,7,6,1,0,2.7,4.1,Detrator
1674,51674,37,35 a 44 anos,Centro-Oeste,64,49 a 72 meses,927.01,4,2.17,7,7,5,1,0.7142857142857143,20.32,0,1,2,1,9,4,1,0,0.0,0.0,Detrator
1675,51675,30,25 a 34 anos,Norte,39,25 a 48 meses,335.39,6,18.62,5,4,1,1,0.25,32.62,0,1,1,1,11,3,1,0,1.6,7.4,Neutro
1676,51676,51,45 a 54 anos,Centro-Oeste,67,49 a 72 meses,1004.9,4,29.24,11,13,2,1,0.15384615384615385,25.07,0,3,0,0,2,2,1,0,5.3,7.6,Neutro
1677,51677,25,25 a 34 anos,Centro-Oeste,106,Mais de 72 meses,210.74,6,87.75,11,3,1,1,0.3333333333333333,48.28,0,2,4,1,2,6,1,0,3.9,4.0,Detrator
1678,51678,51,45 a 54 anos,Sul,112,Mais de 72 meses,265.31,1,31.87,10,6,1,1,0.16666666666666666,44.13,0,1,2,1,11,7,1,0,0.0,2.9,Detrator
1679,51679,64,55 a 64 anos,Sul,36,25 a 48 meses,533.31,6,40.97,5,12,5,1,0.4166666666666667,37.2,0,3,0,0,10,2,1,0,0.0,5.1,Detrator
1680,51680,22,Até 24 anos,Nordeste,39,25 a 48 meses,214.31,5,1.0,4,9,1,1,0.1111111111111111,19.04,0,1,0,0,11,2,1,0,0.7,6.7,Detrator
1681,51681,33,25 a 34 anos,Norte,111,Mais de 72 meses,383.44,2,1.24,11,8,2,1,0.25,56.0,0,1,1,1,3,3,1,0,4.7,6.8,Detrator
1682,51682,33,25 a 34 anos,Nordeste,29,25 a 48 meses,134.61,6,60.15,2,5,3,1,0.6,33.58,0,1,3,1,10,6,1,0,0.0,3.3,Detrator
1683,51683,31,25 a 34 anos,Nordeste,75,Mais de 72 meses,273.3,1,3.03,6,13,1,1,0.07692307692307693,35.4,0,2,3,1,3,7,1,0,5.4,4.6,Detrator
1684,51684,44,35 a 44 anos,Sul,86,Mais de 72 meses,568.92,4,7.76,4,12,0,0,0.0,22.44,0,1,0,0,0,0,0,1,8.3,10.0,Promotor
1685,51685,59,55 a 64 anos,Nordeste,30,25 a 48 meses,483.04,1,21.94,9,7,2,1,0.2857142857142857,28.0,0,1,0,0,5,2,1,0,3.9,6.6,Detrator
1686,51686,59,55 a 64 anos,Nordeste,96,Mais de 72 meses,390.7,3,24.54,3,7,1,1,0.14285714285714285,40.66,0,3,1,1,11,4,1,0,0.5,1.6,Detrator
1687,51687,48,45 a 54 anos,Sul,26,25 a 48 meses,775.91,6,21.91,11,6,4,1,0.6666666666666666,49.15,0,3,1,1,2,4,1,0,3.4,5.9,Detrator
1688,51688,31,25 a 34 anos,Centro-Oeste,116,Mais de 72 meses,273.0,3,4.6,3,12,5,1,0.4166666666666667,69.28,0,3,1,1,4,3,1,0,1.7,1.3,Detrator
1689,51689,48,45 a 54 anos,Centro-Oeste,32,25 a 48 meses,1185.42,6,2.42,6,4,3,1,0.75,39.71,0,3,3,1,8,6,1,0,0.1,2.6,Detrator
1690,51690,31,25 a 34 anos,Sul,119,Mais de 72 meses,611.69,1,36.54,2,11,0,0,0.0,36.3,0,1,0,0,2,0,0,1,7.5,10.0,Promotor
1691,51691,41,35 a 44 anos,Sudeste,28,25 a 48 meses,532.61,3,2.7,3,8,5,1,0.625,40.41,0,1,2,1,2,5,1,0,0.8,0.8,Detrator
1692,51692,52,45 a 54 anos,Centro-Oeste,79,Mais de 72 meses,265.26,1,12.38,8,4,4,1,1.0,47.96,0,2,2,1,9,5,1,0,0.0,1.0,Detrator
1693,51693,69,65 anos ou mais,Norte,41,25 a 48 meses,316.67,4,9.8,10,12,3,1,0.25,41.49,0,2,0,0,11,3,1,0,0.4,3.8,Detrator
1695,51695,37,35 a 44 anos,Sudeste,90,Mais de 72 meses,587.13,1,7.56,5,14,2,1,0.14285714285714285,31.84,0,3,4,1,3,6,1,0,2.4,0.0,Detrator
1696,51696,67,65 anos ou mais,Nordeste,53,49 a 72 meses,594.93,4,110.26,4,4,0,0,0.0,58.7,0,2,2,1,6,5,1,0,5.2,5.7,Detrator
1697,51697,45,45 a 54 anos,Nordeste,52,49 a 72 meses,347.52,3,10.79,2,13,3,1,0.23076923076923078,17.34,0,1,3,1,4,5,1,0,1.0,0.0,Detrator
1698,51698,55,55 a 64 anos,Sul,14,13 a 24 meses,303.39,6,91.29,2,14,3,1,0.21428571428571427,36.04,0,1,1,1,7,4,1,0,1.4,4.6,Detrator
1699,51699,44,35 a 44 anos,Nordeste,33,25 a 48 meses,265.59,6,37.2,10,2,2,1,1.0,43.48,0,2,4,1,0,9,1,0,3.5,5.9,Detrator
1700,51700,18,Até 24 anos,Sul,32,25 a 48 meses,379.03,2,15.64,7,7,3,1,0.42857142857142855,31.84,0,1,1,1,0,4,1,0,5.6,4.4,Detrator
1701,51701,29,25 a 34 anos,Norte,98,Mais de 72 meses,278.99,4,22.39,5,4,0,0,0.0,33.53,0,2,0,0,9,3,1,0,2.8,7.8,Neutro
1702,51702,56,55 a 64 anos,Nordeste,111,Mais de 72 meses,679.64,3,10.67,3,11,3,1,0.2727272727272727,37.25,0,1,0,0,6,2,1,0,1.9,4.5,Detrator
1703,51703,44,35 a 44 anos,Norte,38,25 a 48 meses,275.71,2,44.99,1,5,2,1,0.4,28.46,0,2,3,1,2,6,1,0,4.5,5.4,Detrator
1704,51704,53,45 a 54 anos,Sul,33,25 a 48 meses,947.43,3,7.44,4,4,1,1,0.25,35.97,0,2,2,1,8,3,1,0,2.4,6.9,Detrator
1705,51705,48,45 a 54 anos,Nordeste,76,Mais de 72 meses,262.66,3,39.6,10,14,3,1,0.21428571428571427,32.69,0,2,0,0,3,1,1,0,4.8,7.3,Neutro
1706,51706,41,35 a 44 anos,Centro-Oeste,8,Até 12 meses,168.43,5,43.05,7,9,2,1,0.2222222222222222,39.44,0,2,2,1,8,5,1,0,1.4,6.1,Detrator
1707,51707,49,45 a 54 anos,Sul,10,Até 12 meses,74.37,1,41.6,11,10,3,1,0.3,28.73,0,1,2,1,0,4,1,0,4.3,2.0,Detrator
1708,51708,37,35 a 44 anos,Norte,92,Mais de 72 meses,658.08,4,146.48,11,5,1,1,0.2,24.71,0,1,2,1,0,3,1,1,6.6,8.2,Neutro
1709,51709,40,35 a 44 anos,Nordeste,91,Mais de 72 meses,148.3,3,36.44,5,4,2,1,0.5,54.7,0,3,1,1,8,5,1,0,2.0,6.9,Detrator
1710,51710,66,65 anos ou mais,Centro-Oeste,22,13 a 24 meses,209.52,3,12.53,6,4,1,1,0.25,31.18,0,3,0,0,3,3,1,1,6.4,9.1,Promotor
1711,51711,20,Até 24 anos,Sudeste,56,49 a 72 meses,273.02,2,5.68,1,14,2,1,0.14285714285714285,35.27,0,3,2,1,6,5,1,0,1.8,4.6,Detrator
1712,51712,33,25 a 34 anos,Sul,17,13 a 24 meses,904.14,5,11.79,9,11,3,1,0.2727272727272727,41.5,0,1,1,1,4,3,1,0,4.4,4.0,Detrator
1713,51713,64,55 a 64 anos,Sul,98,Mais de 72 meses,452.45,5,27.48,1,13,5,1,0.38461538461538464,63.25,0,1,1,1,6,4,1,0,0.0,0.0,Detrator
1714,51714,19,Até 24 anos,Sul,102,Mais de 72 meses,577.58,2,5.21,5,4,0,0,0.0,62.28,0,3,2,1,10,6,1,0,2.4,3.3,Detrator
1716,51716,38,35 a 44 anos,Sul,22,13 a 24 meses,362.26,3,30.18,6,6,2,1,0.3333333333333333,46.03,0,3,2,1,6,3,1,0,2.5,6.5,Detrator
1718,51718,29,25 a 34 anos,Centro-Oeste,86,Mais de 72 meses,634.48,2,0.34,1,13,3,1,0.23076923076923078,45.06,0,3,0,0,6,3,1,0,2.8,1.7,Detrator
1719,51719,45,45 a 54 anos,Sul,79,Mais de 72 meses,302.31,6,34.56,7,9,4,1,0.4444444444444444,35.5,0,3,2,1,9,6,1,0,0.0,2.5,Detrator
1720,51720,42,35 a 44 anos,Sul,59,49 a 72 meses,218.8,3,1.91,8,8,2,1,0.25,41.83,0,1,0,0,11,2,1,0,0.2,5.6,Detrator
1721,51721,33,25 a 34 anos,Sudeste,43,25 a 48 meses,358.17,6,19.15,7,14,3,1,0.21428571428571427,39.69,0,2,0,0,7,1,1,0,1.5,6.8,Detrator
1722,51722,29,25 a 34 anos,Nordeste,62,49 a 72 meses,413.37,4,1.38,7,3,3,1,1.0,48.81,0,3,2,1,3,4,1,0,3.2,2.6,Detrator
1723,51723,38,35 a 44 anos,Norte,90,Mais de 72 meses,801.14,1,50.34,10,7,2,1,0.2857142857142857,40.95,0,3,2,1,8,4,1,0,1.1,1.3,Detrator
1724,51724,62,55 a 64 anos,Sul,108,Mais de 72 meses,140.08,5,2.4,10,11,3,1,0.2727272727272727,53.46,0,3,0,0,3,3,1,0,4.6,4.0,Detrator
1725,51725,39,35 a 44 anos,Norte,104,Mais de 72 meses,468.42,6,52.77,7,4,3,1,0.75,57.93,0,2,1,1,6,3,1,0,1.2,5.8,Detrator
1726,51726,36,35 a 44 anos,Norte,84,Mais de 72 meses,170.47,6,16.49,10,9,2,1,0.2222222222222222,63.93,0,3,4,1,10,7,1,0,0.0,1.3,Detrator
1727,51727,29,25 a 34 anos,Sul,108,Mais de 72 meses,353.11,3,6.9,10,11,1,1,0.09090909090909091,21.32,0,3,3,1,8,5,1,0,1.1,4.4,Detrator
1728,51728,29,25 a 34 anos,Norte,20,13 a 24 meses,378.44,3,17.91,5,4,2,1,0.5,51.37,0,2,0,0,8,4,1,0,4.4,5.0,Detrator
1729,51729,65,65 anos ou mais,Centro-Oeste,95,Mais de 72 meses,219.11,3,27.38,5,9,1,1,0.1111111111111111,20.5,0,2,0,0,8,5,1,0,3.7,6.1,Detrator
1731,51731,40,35 a 44 anos,Nordeste,19,13 a 24 meses,1032.77,4,17.35,2,9,0,0,0.0,34.13,0,2,4,1,0,7,1,0,5.6,6.6,Detrator
1732,51732,59,55 a 64 anos,Sudeste,54,49 a 72 meses,213.19,2,14.82,8,12,5,1,0.4166666666666667,21.75,0,1,0,0,1,2,1,0,3.6,0.3,Detrator
1733,51733,52,45 a 54 anos,Centro-Oeste,92,Mais de 72 meses,445.01,5,8.28,1,14,3,1,0.21428571428571427,4.08,0,2,0,0,1,4,1,1,6.1,9.1,Promotor
1734,51734,26,25 a 34 anos,Sudeste,98,Mais de 72 meses,322.05,5,40.78,10,7,0,0,0.0,24.8,0,3,0,0,2,3,1,1,9.5,10.0,Promotor
1735,51735,38,35 a 44 anos,Norte,3,Até 12 meses,126.52,1,27.55,9,2,2,1,1.0,43.38,0,2,2,1,4,4,1,0,3.5,2.4,Detrator
1736,51736,34,25 a 34 anos,Norte,84,Mais de 72 meses,206.01,4,20.09,10,7,2,1,0.2857142857142857,45.23,0,2,1,1,3,6,1,0,4.9,3.4,Detrator
1737,51737,19,Até 24 anos,Norte,78,Mais de 72 meses,654.84,5,11.22,11,2,2,1,1.0,43.85,0,3,2,1,7,4,1,0,1.8,5.7,Detrator
1738,51738,54,45 a 54 anos,Sudeste,48,25 a 48 meses,229.26,6,39.0,7,2,0,0,0.0,44.62,0,1,5,1,1,9,1,0,4.4,4.6,Detrator
1739,51739,28,25 a 34 anos,Sudeste,82,Mais de 72 meses,110.02,1,14.27,10,3,1,1,0.3333333333333333,25.66,0,1,0,0,1,1,1,0,8.6,7.4,Neutro
1740,51740,38,35 a 44 anos,Norte,11,Até 12 meses,431.19,6,4.15,2,8,2,1,0.25,29.1,0,1,0,0,0,2,1,0,8.9,5.7,Detrator
1741,51741,22,Até 24 anos,Centro-Oeste,115,Mais de 72 meses,558.16,3,30.92,1,5,2,1,0.4,28.02,0,3,1,1,11,4,1,0,0.9,3.9,Detrator
1742,51742,51,45 a 54 anos,Sul,110,Mais de 72 meses,589.37,6,46.71,7,13,1,1,0.07692307692307693,22.81,0,3,2,1,2,4,1,0,6.2,6.3,Detrator
1743,51743,67,65 anos ou mais,Nordeste,96,Mais de 72 meses,300.5,3,17.53,1,8,4,1,0.5,50.43,0,2,1,1,6,3,1,0,1.6,3.5,Detrator
1744,51744,54,45 a 54 anos,Centro-Oeste,115,Mais de 72 meses,1579.63,6,28.0,1,6,5,1,0.8333333333333334,30.94,0,3,3,1,9,5,1,0,0.0,0.2,Detrator
1745,51745,49,45 a 54 anos,Norte,79,Mais de 72 meses,395.52,4,0.96,10,8,5,1,0.625,33.91,0,3,2,1,8,4,1,0,0.0,0.0,Detrator
1746,51746,27,25 a 34 anos,Centro-Oeste,80,Mais de 72 meses,170.07,6,2.89,3,11,2,1,0.18181818181818182,40.61,0,1,2,1,7,4,1,0,1.2,3.4,Detrator
1747,51747,56,55 a 64 anos,Centro-Oeste,89,Mais de 72 meses,190.15,2,14.92,8,11,2,1,0.18181818181818182,36.73,0,1,3,1,1,4,1,0,4.5,6.9,Detrator
1748,51748,30,25 a 34 anos,Sudeste,64,49 a 72 meses,282.05,3,49.07,8,10,3,1,0.3,42.68,0,2,2,1,4,4,1,0,2.4,3.2,Detrator
1749,51749,19,Até 24 anos,Sul,95,Mais de 72 meses,234.15,5,9.05,1,14,4,1,0.2857142857142857,58.73,0,1,4,1,2,7,1,0,0.0,0.0,Detrator
1751,51751,57,55 a 64 anos,Nordeste,53,49 a 72 meses,162.8,6,1.68,3,14,3,1,0.21428571428571427,53.66,0,1,2,1,8,4,1,0,0.0,3.9,Detrator
1752,51752,20,Até 24 anos,Sudeste,3,Até 12 meses,525.92,4,112.59,11,9,1,1,0.1111111111111111,31.09,0,2,1,1,6,5,1,0,4.4,3.9,Detrator
1753,51753,38,35 a 44 anos,Sul,61,49 a 72 meses,148.53,5,12.96,3,8,1,1,0.125,30.31,0,1,3,1,11,6,1,0,0.0,3.2,Detrator
1754,51754,27,25 a 34 anos,Sul,43,25 a 48 meses,156.31,1,1.38,9,12,3,1,0.25,25.65,0,1,1,1,2,6,1,0,4.0,3.9,Detrator
1755,51755,20,Até 24 anos,Nordeste,7,Até 12 meses,101.11,5,37.34,6,4,0,0,0.0,47.18,0,1,2,1,2,4,1,0,6.4,5.5,Detrator
1756,51756,32,25 a 34 anos,Nordeste,47,25 a 48 meses,309.48,5,16.74,3,2,1,1,0.5,63.92,0,1,2,1,11,5,1,0,0.8,3.8,Detrator
1757,51757,27,25 a 34 anos,Centro-Oeste,10,Até 12 meses,446.45,3,12.22,1,4,4,1,1.0,19.24,0,3,2,1,3,5,1,0,2.5,1.1,Detrator
1758,51758,64,55 a 64 anos,Sul,29,25 a 48 meses,224.25,3,24.15,1,8,2,1,0.25,45.8,0,3,4,1,9,8,1,0,0.0,3.2,Detrator
1759,51759,26,25 a 34 anos,Sudeste,1,Até 12 meses,33.61,3,18.68,2,5,3,1,0.6,57.72,1,2,1,1,11,5,1,0,0.0,1.6,Detrator
1760,51760,33,25 a 34 anos,Centro-Oeste,31,25 a 48 meses,397.15,6,9.23,7,8,2,1,0.25,50.58,0,1,1,1,3,4,1,0,4.7,4.8,Detrator
1761,51761,41,35 a 44 anos,Norte,27,25 a 48 meses,174.36,6,8.07,1,7,1,1,0.14285714285714285,24.65,0,2,1,1,1,2,1,0,7.2,6.6,Detrator
1762,51762,37,35 a 44 anos,Centro-Oeste,58,49 a 72 meses,441.56,1,63.4,7,12,4,1,0.3333333333333333,44.68,0,1,2,1,8,4,1,0,0.1,1.5,Detrator
1764,51764,30,25 a 34 anos,Nordeste,95,Mais de 72 meses,102.76,5,15.82,2,13,2,1,0.15384615384615385,27.34,0,3,2,1,7,5,1,0,2.7,2.7,Detrator
1765,51765,18,Até 24 anos,Sudeste,60,49 a 72 meses,391.99,6,17.51,10,12,2,1,0.16666666666666666,21.15,0,3,3,1,11,5,1,0,0.0,4.2,Detrator
1766,51766,21,Até 24 anos,Nordeste,18,13 a 24 meses,396.21,3,45.62,4,2,1,1,0.5,51.29,0,2,2,1,7,5,1,0,1.4,5.7,Detrator
1767,51767,24,Até 24 anos,Norte,15,13 a 24 meses,278.68,3,120.51,10,6,1,1,0.16666666666666666,54.73,0,2,3,1,4,7,1,0,3.2,4.2,Detrator
1768,51768,67,65 anos ou mais,Norte,64,49 a 72 meses,584.77,6,22.12,7,8,1,1,0.125,35.37,0,1,0,0,11,3,1,1,1.2,9.6,Promotor
1769,51769,53,45 a 54 anos,Norte,111,Mais de 72 meses,370.2,4,21.2,3,5,3,1,0.6,21.88,0,1,0,0,6,2,1,0,3.1,5.5,Detrator
1770,51770,38,35 a 44 anos,Sudeste,117,Mais de 72 meses,569.52,5,0.14,11,5,2,1,0.4,33.96,0,2,0,0,4,3,1,0,4.9,2.8,Detrator
1771,51771,47,45 a 54 anos,Sul,32,25 a 48 meses,265.32,2,22.56,7,4,3,1,0.75,47.47,0,3,1,1,0,2,1,0,5.9,6.0,Detrator
1772,51772,56,55 a 64 anos,Sul,17,13 a 24 meses,119.54,3,23.79,2,2,1,1,0.5,59.2,0,2,0,0,7,4,1,0,4.2,5.8,Detrator
1773,51773,44,35 a 44 anos,Sul,51,49 a 72 meses,711.9,5,80.08,11,10,1,1,0.1,42.64,0,2,3,1,8,6,1,0,1.0,3.2,Detrator
1774,51774,66,65 anos ou mais,Norte,18,13 a 24 meses,373.25,3,14.06,1,11,5,1,0.45454545454545453,25.3,0,3,2,1,6,5,1,0,0.0,0.0,Detrator
1775,51775,43,35 a 44 anos,Nordeste,48,25 a 48 meses,660.74,1,37.11,4,10,6,1,0.6,34.89,0,2,0,0,7,2,1,0,0.0,0.0,Detrator
1776,51776,36,35 a 44 anos,Nordeste,50,49 a 72 meses,135.24,4,14.51,4,8,5,1,0.625,44.62,0,2,3,1,3,7,1,0,0.0,0.0,Detrator
1777,51777,31,25 a 34 anos,Centro-Oeste,77,Mais de 72 meses,242.59,1,41.85,6,11,0,0,0.0,52.78,0,3,2,1,8,3,1,0,3.2,7.5,Neutro
1779,51779,57,55 a 64 anos,Norte,57,49 a 72 meses,700.61,1,5.55,3,7,0,0,0.0,14.32,0,2,2,1,9,2,1,0,2.9,6.3,Detrator
1780,51780,59,55 a 64 anos,Centro-Oeste,98,Mais de 72 meses,340.23,3,48.81,5,8,3,1,0.375,25.09,0,2,2,1,0,4,1,0,4.4,5.1,Detrator
1781,51781,48,45 a 54 anos,Centro-Oeste,65,49 a 72 meses,452.56,2,16.88,5,13,3,1,0.23076923076923078,46.51,0,2,2,1,7,4,1,0,0.1,3.0,Detrator
1782,51782,24,Até 24 anos,Centro-Oeste,108,Mais de 72 meses,683.42,3,71.66,10,8,3,1,0.375,29.28,0,2,0,0,10,2,1,0,1.0,6.2,Detrator
1783,51783,50,45 a 54 anos,Nordeste,79,Mais de 72 meses,68.03,6,62.03,9,3,2,1,0.6666666666666666,46.21,0,1,1,1,2,7,1,0,5.6,4.6,Detrator
1785,51785,19,Até 24 anos,Sudeste,58,49 a 72 meses,589.08,2,86.68,6,3,2,1,0.6666666666666666,32.13,0,3,1,1,1,4,1,0,5.7,3.9,Detrator
1786,51786,53,45 a 54 anos,Sul,110,Mais de 72 meses,1130.84,6,54.85,3,3,3,1,1.0,10.32,0,3,2,1,9,6,1,0,0.4,2.0,Detrator
1787,51787,24,Até 24 anos,Nordeste,70,49 a 72 meses,167.6,5,17.6,9,14,2,1,0.14285714285714285,43.46,0,2,0,0,8,2,1,0,2.5,6.7,Detrator
1788,51788,22,Até 24 anos,Sul,98,Mais de 72 meses,288.6,5,29.35,1,13,3,1,0.23076923076923078,37.36,0,2,1,1,3,4,1,0,4.0,3.3,Detrator
1789,51789,39,35 a 44 anos,Nordeste,6,Até 12 meses,220.55,1,25.34,1,5,5,1,1.0,40.3,0,2,1,1,8,4,1,0,0.0,0.0,Detrator
1790,51790,51,45 a 54 anos,Norte,78,Mais de 72 meses,119.92,4,14.06,5,12,0,0,0.0,22.23,0,1,2,1,5,3,1,0,5.4,7.7,Neutro
1792,51792,31,25 a 34 anos,Sudeste,70,49 a 72 meses,220.47,5,5.68,5,13,1,1,0.07692307692307693,50.32,0,1,0,0,0,2,1,1,8.3,10.0,Promotor
1793,51793,26,25 a 34 anos,Sul,25,25 a 48 meses,317.21,3,4.52,8,8,0,0,0.0,31.63,0,3,3,1,4,8,1,0,4.5,5.7,Detrator
1794,51794,23,Até 24 anos,Sul,14,13 a 24 meses,618.52,6,10.18,1,10,3,1,0.3,35.73,0,2,2,1,0,5,1,0,4.5,5.9,Detrator
1795,51795,62,55 a 64 anos,Sul,44,25 a 48 meses,193.11,5,152.31,7,11,2,1,0.18181818181818182,49.51,0,2,1,1,0,3,1,0,6.8,6.7,Detrator
1796,51796,65,65 anos ou mais,Centro-Oeste,43,25 a 48 meses,429.95,1,4.96,8,8,1,1,0.125,52.38,0,1,1,1,1,2,1,1,7.0,9.3,Promotor
1797,51797,68,65 anos ou mais,Sudeste,119,Mais de 72 meses,559.41,3,81.77,9,12,3,1,0.25,50.28,0,2,1,1,8,3,1,0,0.0,3.6,Detrator
1798,51798,54,45 a 54 anos,Sul,49,49 a 72 meses,847.04,1,17.72,7,13,3,1,0.23076923076923078,13.95,0,3,2,1,1,4,1,0,4.2,6.3,Detrator
1799,51799,58,55 a 64 anos,Norte,85,Mais de 72 meses,448.1,1,26.13,2,5,4,1,0.8,30.86,0,2,2,1,3,4,1,0,2.4,0.4,Detrator
1800,51800,19,Até 24 anos,Sudeste,18,13 a 24 meses,424.63,5,46.47,6,7,2,1,0.2857142857142857,51.03,0,1,0,0,6,2,1,0,3.0,5.5,Detrator
1801,51801,54,45 a 54 anos,Norte,39,25 a 48 meses,375.09,4,5.51,2,9,1,1,0.1111111111111111,39.8,0,3,1,1,10,4,1,0,1.2,4.6,Detrator
1802,51802,61,55 a 64 anos,Sul,34,25 a 48 meses,311.79,4,2.52,5,2,2,1,1.0,47.08,0,3,2,1,3,4,1,0,4.2,5.9,Detrator
1803,51803,59,55 a 64 anos,Norte,77,Mais de 72 meses,862.56,5,7.64,6,10,2,1,0.2,24.74,0,1,2,1,6,4,1,0,2.7,1.3,Detrator
1804,51804,59,55 a 64 anos,Sul,78,Mais de 72 meses,643.22,5,23.05,9,5,1,1,0.2,26.0,0,3,3,1,0,9,1,0,6.2,3.7,Detrator
1806,51806,60,55 a 64 anos,Sudeste,86,Mais de 72 meses,161.35,6,31.79,10,7,0,0,0.0,39.77,0,3,2,1,7,5,1,0,3.6,5.8,Detrator
1807,51807,61,55 a 64 anos,Centro-Oeste,69,49 a 72 meses,381.54,1,5.89,2,14,2,1,0.14285714285714285,27.48,0,2,3,1,8,6,1,0,0.6,3.1,Detrator
1808,51808,34,25 a 34 anos,Nordeste,91,Mais de 72 meses,669.56,1,54.47,1,10,7,1,0.7,39.14,0,2,0,0,4,2,1,0,0.0,1.1,Detrator
1809,51809,18,Até 24 anos,Centro-Oeste,24,13 a 24 meses,139.8,1,12.35,6,11,3,1,0.2727272727272727,28.03,0,2,2,1,0,5,1,0,5.5,2.0,Detrator
1810,51810,21,Até 24 anos,Nordeste,54,49 a 72 meses,159.16,2,11.63,10,10,4,1,0.4,49.6,0,3,3,1,0,6,1,0,2.8,0.0,Detrator
1811,51811,54,45 a 54 anos,Nordeste,97,Mais de 72 meses,839.1,4,77.66,5,12,5,1,0.4166666666666667,30.42,0,2,4,1,6,7,1,0,0.0,0.0,Detrator
1812,51812,47,45 a 54 anos,Norte,77,Mais de 72 meses,104.16,3,94.87,7,2,2,1,1.0,44.98,0,2,0,0,5,4,1,0,4.8,4.3,Detrator
1813,51813,63,55 a 64 anos,Centro-Oeste,55,49 a 72 meses,657.9,1,112.83,3,8,4,1,0.5,37.82,0,1,0,0,2,3,1,0,4.0,4.2,Detrator
1814,51814,47,45 a 54 anos,Sudeste,37,25 a 48 meses,245.24,6,12.29,8,3,3,1,1.0,31.88,0,2,0,0,8,3,1,0,2.5,4.5,Detrator
1815,51815,46,45 a 54 anos,Nordeste,57,49 a 72 meses,537.08,6,9.44,2,12,2,1,0.16666666666666666,38.06,0,3,2,1,11,5,1,0,0.0,7.0,Neutro
1816,51816,63,55 a 64 anos,Sudeste,118,Mais de 72 meses,411.22,5,8.05,11,10,4,1,0.4,44.94,0,2,2,1,1,3,1,0,2.6,6.2,Detrator
1817,51817,38,35 a 44 anos,Norte,111,Mais de 72 meses,174.61,1,37.05,2,12,4,1,0.3333333333333333,41.93,0,3,2,1,2,5,1,0,2.2,1.3,Detrator
1818,51818,20,Até 24 anos,Sul,64,49 a 72 meses,616.05,5,12.55,4,4,4,1,1.0,44.19,0,3,0,0,0,2,1,0,6.0,3.1,Detrator
1820,51820,42,35 a 44 anos,Sul,115,Mais de 72 meses,377.66,1,52.49,8,10,2,1,0.2,39.96,0,1,0,0,10,1,1,0,1.1,6.4,Detrator
1821,51821,20,Até 24 anos,Norte,85,Mais de 72 meses,200.13,4,24.52,11,5,1,1,0.2,54.41,0,2,0,0,2,4,1,0,6.2,5.4,Detrator
1822,51822,28,25 a 34 anos,Centro-Oeste,38,25 a 48 meses,767.71,3,6.8,4,3,2,1,0.6666666666666666,52.79,0,1,3,1,8,7,1,0,0.2,4.5,Detrator
1823,51823,56,55 a 64 anos,Sudeste,111,Mais de 72 meses,363.18,1,28.02,8,6,2,1,0.3333333333333333,29.16,0,3,0,0,5,2,1,0,4.6,6.7,Detrator
1824,51824,63,55 a 64 anos,Nordeste,45,25 a 48 meses,528.61,2,19.39,1,14,2,1,0.14285714285714285,28.01,0,2,3,1,7,7,1,0,1.7,1.5,Detrator
1825,51825,65,65 anos ou mais,Nordeste,80,Mais de 72 meses,202.58,6,18.92,8,14,3,1,0.21428571428571427,26.1,0,1,3,1,7,5,1,0,0.0,0.0,Detrator
1826,51826,54,45 a 54 anos,Centro-Oeste,1,Até 12 meses,206.34,1,57.21,7,14,5,1,0.35714285714285715,11.93,0,3,3,1,10,7,1,0,0.0,0.0,Detrator
1827,51827,38,35 a 44 anos,Sul,36,25 a 48 meses,906.87,5,40.28,2,12,2,1,0.16666666666666666,17.47,0,1,4,1,8,6,1,0,0.0,1.8,Detrator
1828,51828,62,55 a 64 anos,Sul,28,25 a 48 meses,525.01,1,20.25,3,5,2,1,0.4,61.92,0,1,3,1,10,5,1,0,0.0,3.0,Detrator
1829,51829,65,65 anos ou mais,Sudeste,9,Até 12 meses,233.43,1,31.45,10,13,1,1,0.07692307692307693,44.21,0,1,2,1,0,3,1,0,6.7,7.7,Neutro
1830,51830,31,25 a 34 anos,Sudeste,80,Mais de 72 meses,329.96,3,22.66,2,6,3,1,0.5,44.38,0,1,1,1,6,2,1,0,2.5,7.1,Neutro
1831,51831,56,55 a 64 anos,Sul,36,25 a 48 meses,133.98,1,52.6,11,12,0,0,0.0,55.25,0,2,0,0,6,1,1,1,5.4,8.1,Neutro
1832,51832,59,55 a 64 anos,Norte,52,49 a 72 meses,463.22,4,21.62,10,5,0,0,0.0,46.27,0,1,0,0,8,4,1,1,5.1,10.0,Promotor
1833,51833,48,45 a 54 anos,Nordeste,96,Mais de 72 meses,685.32,2,21.93,7,11,4,1,0.36363636363636365,23.36,0,2,1,1,9,3,1,0,0.0,2.9,Detrator
1834,51834,57,55 a 64 anos,Nordeste,14,13 a 24 meses,140.51,5,70.64,1,4,2,1,0.5,48.62,0,2,2,1,4,6,1,0,3.1,4.3,Detrator
1835,51835,44,35 a 44 anos,Centro-Oeste,86,Mais de 72 meses,61.68,4,29.44,2,11,2,1,0.18181818181818182,28.64,0,2,3,1,5,5,1,0,0.7,1.8,Detrator
1836,51836,34,25 a 34 anos,Centro-Oeste,80,Mais de 72 meses,839.76,3,84.87,2,9,0,0,0.0,59.14,0,1,1,1,0,1,1,1,8.2,10.0,Promotor
1837,51837,41,35 a 44 anos,Norte,9,Até 12 meses,208.1,4,18.86,6,3,1,1,0.3333333333333333,52.7,0,2,0,0,5,2,1,0,6.1,3.5,Detrator
1838,51838,52,45 a 54 anos,Nordeste,97,Mais de 72 meses,342.72,4,11.63,6,7,0,0,0.0,33.36,0,1,2,1,2,5,1,0,5.4,5.3,Detrator
1839,51839,36,35 a 44 anos,Centro-Oeste,13,13 a 24 meses,314.45,3,6.68,9,14,4,1,0.2857142857142857,45.35,0,2,2,1,5,6,1,0,0.0,1.8,Detrator
1840,51840,51,45 a 54 anos,Centro-Oeste,33,25 a 48 meses,263.56,6,11.39,2,5,3,1,0.6,22.78,0,3,1,1,3,6,1,0,4.9,5.4,Detrator
1842,51842,35,35 a 44 anos,Nordeste,25,25 a 48 meses,781.26,1,17.98,4,7,3,1,0.42857142857142855,20.2,0,2,1,1,9,5,1,0,1.2,4.2,Detrator
1843,51843,48,45 a 54 anos,Norte,70,49 a 72 meses,633.9,3,12.8,3,14,1,1,0.07142857142857142,34.44,0,1,2,1,7,5,1,0,2.2,6.0,Detrator
1844,51844,32,25 a 34 anos,Nordeste,66,49 a 72 meses,435.65,3,44.54,1,11,1,1,0.09090909090909091,47.15,0,2,2,1,0,5,1,0,6.7,3.8,Detrator
1845,51845,64,55 a 64 anos,Nordeste,37,25 a 48 meses,26.05,5,11.62,3,3,2,1,0.6666666666666666,47.26,1,3,2,1,5,4,1,0,2.8,4.7,Detrator
1846,51846,43,35 a 44 anos,Centro-Oeste,71,49 a 72 meses,74.01,2,1.13,6,8,6,1,0.75,55.68,0,2,0,0,2,4,1,0,1.6,2.1,Detrator
1847,51847,58,55 a 64 anos,Centro-Oeste,104,Mais de 72 meses,706.06,4,9.59,6,12,3,1,0.25,46.66,0,3,3,1,9,5,1,0,0.0,2.6,Detrator
1848,51848,62,55 a 64 anos,Sudeste,57,49 a 72 meses,179.94,6,6.67,5,14,5,1,0.35714285714285715,35.39,0,1,0,0,3,3,1,0,2.8,3.2,Detrator
1849,51849,34,25 a 34 anos,Norte,22,13 a 24 meses,178.84,3,1.27,6,2,2,1,1.0,58.77,0,2,1,1,1,3,1,0,6.1,5.2,Detrator
1850,51850,30,25 a 34 anos,Sul,69,49 a 72 meses,208.33,6,39.45,6,11,1,1,0.09090909090909091,14.87,0,1,1,1,0,4,1,0,8.0,6.3,Detrator
1851,51851,35,35 a 44 anos,Sul,61,49 a 72 meses,294.32,2,3.52,3,8,0,0,0.0,42.34,0,3,1,1,8,1,1,0,4.2,7.7,Neutro
1852,51852,29,25 a 34 anos,Sudeste,93,Mais de 72 meses,180.98,3,44.61,4,11,1,1,0.09090909090909091,53.95,0,1,1,1,11,3,1,0,1.8,6.0,Detrator
1853,51853,39,35 a 44 anos,Norte,65,49 a 72 meses,470.23,1,3.6,3,12,2,1,0.16666666666666666,40.22,0,2,4,1,11,6,1,0,0.0,1.9,Detrator
1854,51854,54,45 a 54 anos,Nordeste,107,Mais de 72 meses,939.01,2,49.17,4,14,4,1,0.2857142857142857,33.28,0,2,1,1,1,4,1,0,3.8,3.6,Detrator
1855,51855,62,55 a 64 anos,Centro-Oeste,5,Até 12 meses,330.11,4,9.23,9,3,3,1,1.0,41.56,0,1,3,1,10,5,1,0,0.0,0.0,Detrator
1856,51856,28,25 a 34 anos,Norte,83,Mais de 72 meses,474.63,3,30.64,10,6,1,1,0.16666666666666666,39.77,0,1,2,1,2,4,1,0,5.3,6.5,Detrator
1857,51857,65,65 anos ou mais,Centro-Oeste,114,Mais de 72 meses,159.25,3,22.76,2,4,3,1,0.75,47.06,0,2,2,1,4,5,1,0,1.5,2.9,Detrator
1858,51858,30,25 a 34 anos,Nordeste,67,49 a 72 meses,234.08,4,15.28,3,3,0,0,0.0,43.87,0,1,0,0,0,2,1,1,9.3,10.0,Promotor
1859,51859,53,45 a 54 anos,Centro-Oeste,72,49 a 72 meses,728.57,3,31.13,5,8,1,1,0.125,51.31,0,2,3,1,11,5,1,0,0.0,3.1,Detrator
1860,51860,42,35 a 44 anos,Sul,101,Mais de 72 meses,448.02,3,21.81,1,10,2,1,0.2,36.01,0,2,1,1,2,3,1,0,5.5,2.0,Detrator
1861,51861,36,35 a 44 anos,Norte,7,Até 12 meses,859.15,2,67.46,5,5,3,1,0.6,32.79,0,2,6,1,10,10,1,0,0.0,0.0,Detrator
1862,51862,18,Até 24 anos,Centro-Oeste,101,Mais de 72 meses,639.58,1,27.65,7,6,0,0,0.0,28.21,0,2,2,1,11,4,1,0,0.7,1.3,Detrator
1863,51863,31,25 a 34 anos,Sudeste,23,13 a 24 meses,186.4,6,7.49,10,10,0,0,0.0,45.41,0,3,3,1,7,7,1,1,2.5,8.3,Neutro
1864,51864,19,Até 24 anos,Norte,101,Mais de 72 meses,419.88,5,12.34,1,7,3,1,0.42857142857142855,46.93,0,1,0,0,2,4,1,0,4.3,6.2,Detrator
1865,51865,22,Até 24 anos,Sul,24,13 a 24 meses,164.79,5,50.78,9,6,2,1,0.3333333333333333,47.99,0,3,1,1,0,5,1,0,7.3,5.2,Detrator
1867,51867,24,Até 24 anos,Sul,96,Mais de 72 meses,1086.46,4,17.79,3,2,1,1,0.5,27.11,0,1,0,0,0,2,1,1,8.6,10.0,Promotor
1868,51868,44,35 a 44 anos,Norte,62,49 a 72 meses,274.26,6,14.12,10,5,0,0,0.0,33.54,0,2,2,1,8,3,1,0,3.6,6.1,Detrator
1869,51869,48,45 a 54 anos,Centro-Oeste,65,49 a 72 meses,625.39,1,15.25,3,9,1,1,0.1111111111111111,36.23,0,1,6,1,10,10,1,0,0.0,0.0,Detrator
1870,51870,58,55 a 64 anos,Centro-Oeste,52,49 a 72 meses,196.9,2,5.63,11,8,2,1,0.25,34.77,0,1,2,1,11,5,1,0,0.0,3.6,Detrator
1871,51871,33,25 a 34 anos,Sudeste,46,25 a 48 meses,497.13,3,0.52,3,13,2,1,0.15384615384615385,27.68,0,1,1,1,2,6,1,0,6.3,3.5,Detrator
1872,51872,41,35 a 44 anos,Nordeste,33,25 a 48 meses,1101.33,2,6.35,7,3,2,1,0.6666666666666666,27.81,0,1,4,1,4,6,1,0,0.3,3.2,Detrator
1873,51873,63,55 a 64 anos,Sudeste,94,Mais de 72 meses,561.21,1,4.34,9,8,0,0,0.0,39.86,0,1,2,1,3,4,1,0,6.0,6.2,Detrator
1874,51874,50,45 a 54 anos,Norte,80,Mais de 72 meses,225.87,1,11.69,6,13,2,1,0.15384615384615385,20.35,0,2,5,1,4,7,1,0,1.5,1.3,Detrator
1875,51875,51,45 a 54 anos,Sudeste,5,Até 12 meses,229.87,2,103.25,7,5,0,0,0.0,50.33,0,3,0,0,0,2,1,0,9.6,7.6,Neutro
1876,51876,23,Até 24 anos,Centro-Oeste,113,Mais de 72 meses,445.63,5,65.13,4,5,1,1,0.2,36.83,0,1,0,0,5,2,1,1,4.9,9.1,Promotor
1877,51877,20,Até 24 anos,Centro-Oeste,25,25 a 48 meses,49.35,4,23.17,8,11,1,1,0.09090909090909091,54.88,1,2,2,1,6,4,1,0,3.3,4.1,Detrator
1879,51879,28,25 a 34 anos,Centro-Oeste,44,25 a 48 meses,788.55,4,50.42,7,12,3,1,0.25,26.29,0,1,1,1,11,5,1,0,0.0,1.5,Detrator
1880,51880,38,35 a 44 anos,Nordeste,26,25 a 48 meses,496.26,3,33.99,10,14,3,1,0.21428571428571427,45.66,0,2,2,1,2,5,1,0,3.6,6.2,Detrator
1882,51882,59,55 a 64 anos,Sudeste,48,25 a 48 meses,572.01,6,14.77,1,10,1,1,0.1,32.66,0,2,0,0,9,1,1,0,3.2,6.1,Detrator
1883,51883,41,35 a 44 anos,Norte,52,49 a 72 meses,971.7,3,27.64,7,8,0,0,0.0,55.05,0,1,3,1,0,5,1,1,6.8,8.4,Neutro
1884,51884,64,55 a 64 anos,Sudeste,64,49 a 72 meses,466.64,2,40.15,3,4,3,1,0.75,49.22,0,1,4,1,2,8,1,0,2.9,1.6,Detrator
1885,51885,19,Até 24 anos,Sul,45,25 a 48 meses,118.34,6,45.14,7,4,3,1,0.75,51.67,0,3,1,1,6,3,1,0,2.6,2.9,Detrator
1886,51886,53,45 a 54 anos,Norte,55,49 a 72 meses,443.93,2,44.28,3,2,2,1,1.0,27.08,0,2,2,1,0,6,1,0,5.8,5.6,Detrator
1887,51887,47,45 a 54 anos,Centro-Oeste,48,25 a 48 meses,470.3,5,30.46,8,5,1,1,0.2,32.18,0,3,1,1,2,5,1,0,5.9,6.7,Detrator
1888,51888,44,35 a 44 anos,Sul,12,Até 12 meses,136.78,3,9.01,5,6,5,1,0.8333333333333334,22.33,0,1,0,0,10,4,1,0,0.0,1.3,Detrator
1889,51889,24,Até 24 anos,Centro-Oeste,95,Mais de 72 meses,576.06,5,47.06,6,4,1,1,0.25,23.26,0,2,1,1,4,4,1,0,5.1,3.3,Detrator
1890,51890,18,Até 24 anos,Centro-Oeste,17,13 a 24 meses,552.38,4,1.56,2,6,2,1,0.3333333333333333,35.54,0,2,0,0,4,2,1,0,4.7,4.4,Detrator
1891,51891,57,55 a 64 anos,Sudeste,82,Mais de 72 meses,535.94,5,37.63,8,13,5,1,0.38461538461538464,36.94,0,1,1,1,10,3,1,0,0.0,0.0,Detrator
1892,51892,40,35 a 44 anos,Nordeste,96,Mais de 72 meses,722.97,6,6.81,6,2,1,1,0.5,9.28,0,3,0,0,10,3,1,0,3.5,5.3,Detrator
1893,51893,24,Até 24 anos,Sul,91,Mais de 72 meses,684.57,6,25.1,2,4,2,1,0.5,22.41,0,2,2,1,3,5,1,0,4.0,2.6,Detrator
1894,51894,34,25 a 34 anos,Centro-Oeste,70,49 a 72 meses,382.88,5,69.09,8,14,0,0,0.0,50.28,0,3,2,1,10,4,1,0,2.5,5.3,Detrator
1895,51895,45,45 a 54 anos,Centro-Oeste,92,Mais de 72 meses,562.8,2,9.95,11,8,4,1,0.5,33.53,0,1,2,1,11,5,1,0,0.0,0.9,Detrator
1896,51896,37,35 a 44 anos,Norte,116,Mais de 72 meses,117.91,3,9.47,6,5,0,0,0.0,43.12,0,1,2,1,9,5,1,0,2.3,6.4,Detrator
1897,51897,48,45 a 54 anos,Centro-Oeste,105,Mais de 72 meses,264.11,2,5.37,10,11,3,1,0.2727272727272727,35.01,0,3,1,1,10,7,1,0,0.1,1.5,Detrator
1899,51899,55,55 a 64 anos,Sul,22,13 a 24 meses,1826.22,2,58.33,6,4,0,0,0.0,43.97,0,2,1,1,1,1,1,1,7.2,8.9,Neutro
1900,51900,20,Até 24 anos,Centro-Oeste,59,49 a 72 meses,565.66,4,25.04,1,8,1,1,0.125,23.7,0,2,2,1,4,4,1,1,3.3,8.5,Neutro
1902,51902,60,55 a 64 anos,Norte,113,Mais de 72 meses,511.9,5,33.07,2,2,1,1,0.5,32.63,0,2,1,1,1,2,1,0,7.9,6.3,Detrator
1903,51903,37,35 a 44 anos,Sudeste,100,Mais de 72 meses,588.29,3,2.18,9,2,1,1,0.5,43.77,0,1,1,1,1,2,1,0,7.5,7.1,Neutro
1904,51904,48,45 a 54 anos,Sul,113,Mais de 72 meses,215.74,3,5.73,10,6,2,1,0.3333333333333333,35.48,0,3,3,1,4,6,1,0,1.4,5.0,Detrator
1905,51905,26,25 a 34 anos,Centro-Oeste,9,Até 12 meses,94.64,3,48.72,1,9,0,0,0.0,39.74,0,3,0,0,3,1,1,1,7.9,10.0,Promotor
1906,51906,40,35 a 44 anos,Centro-Oeste,72,49 a 72 meses,277.69,1,64.51,10,5,2,1,0.4,41.87,0,1,3,1,2,7,1,0,4.4,2.3,Detrator
1907,51907,49,45 a 54 anos,Sul,98,Mais de 72 meses,100.37,2,0.43,10,6,4,1,0.6666666666666666,42.46,0,3,2,1,11,4,1,0,0.0,5.0,Detrator
1908,51908,41,35 a 44 anos,Nordeste,76,Mais de 72 meses,157.4,4,43.98,1,3,1,1,0.3333333333333333,64.8,0,2,2,1,1,5,1,0,6.5,1.3,Detrator
1909,51909,26,25 a 34 anos,Sul,110,Mais de 72 meses,474.72,4,67.29,11,7,5,1,0.7142857142857143,20.34,0,3,3,1,10,6,1,0,0.0,0.0,Detrator
1910,51910,47,45 a 54 anos,Sudeste,95,Mais de 72 meses,175.25,4,58.83,2,9,1,1,0.1111111111111111,37.18,0,1,1,1,2,4,1,1,6.2,8.5,Neutro
1911,51911,38,35 a 44 anos,Sudeste,100,Mais de 72 meses,370.99,1,23.05,11,4,3,1,0.75,33.71,0,1,0,0,2,4,1,0,5.3,4.0,Detrator
1912,51912,69,65 anos ou mais,Sudeste,105,Mais de 72 meses,466.79,6,0.55,2,9,3,1,0.3333333333333333,33.27,0,2,1,1,9,3,1,0,0.3,4.5,Detrator
1913,51913,40,35 a 44 anos,Sudeste,54,49 a 72 meses,691.21,6,3.67,4,8,2,1,0.25,60.21,0,1,2,1,6,5,1,0,1.5,3.7,Detrator
1914,51914,45,45 a 54 anos,Centro-Oeste,7,Até 12 meses,354.57,1,8.33,8,4,1,1,0.25,41.3,0,2,1,1,5,3,1,0,5.3,6.7,Detrator
1915,51915,63,55 a 64 anos,Sudeste,103,Mais de 72 meses,195.02,6,23.53,8,10,2,1,0.2,26.28,0,2,1,1,2,4,1,0,5.3,4.8,Detrator
1916,51916,23,Até 24 anos,Norte,116,Mais de 72 meses,284.14,5,38.98,4,4,4,1,1.0,49.83,0,2,3,1,11,6,1,0,0.0,0.7,Detrator
1917,51917,37,35 a 44 anos,Sul,8,Até 12 meses,60.53,1,0.23,10,13,3,1,0.23076923076923078,25.95,0,2,0,0,5,3,1,0,3.4,5.6,Detrator
1918,51918,32,25 a 34 anos,Centro-Oeste,87,Mais de 72 meses,1668.29,4,6.11,2,10,4,1,0.4,6.69,0,2,0,0,6,2,1,0,1.5,4.8,Detrator
1919,51919,67,65 anos ou mais,Sudeste,85,Mais de 72 meses,305.52,2,13.71,3,2,2,1,1.0,35.97,0,3,2,1,0,4,1,0,5.7,6.4,Detrator
1920,51920,69,65 anos ou mais,Centro-Oeste,109,Mais de 72 meses,208.31,2,0.46,2,12,2,1,0.16666666666666666,38.89,0,2,0,0,8,4,1,0,2.6,0.0,Detrator
1921,51921,44,35 a 44 anos,Norte,54,49 a 72 meses,551.6,6,38.22,4,10,0,0,0.0,37.64,0,2,3,1,9,6,1,0,1.2,5.1,Detrator
1922,51922,52,45 a 54 anos,Centro-Oeste,27,25 a 48 meses,181.23,1,19.73,3,9,4,1,0.4444444444444444,28.6,0,2,0,0,6,3,1,0,1.0,2.5,Detrator
1923,51923,38,35 a 44 anos,Sul,13,13 a 24 meses,825.22,6,40.39,10,10,2,1,0.2,32.84,0,2,0,0,11,1,1,0,1.2,7.9,Neutro
1924,51924,57,55 a 64 anos,Sul,52,49 a 72 meses,1230.69,4,1.89,4,14,3,1,0.21428571428571427,42.3,0,1,3,1,4,6,1,0,2.6,0.0,Detrator
1925,51925,69,65 anos ou mais,Norte,41,25 a 48 meses,218.24,2,5.93,4,3,0,0,0.0,37.24,0,2,4,1,5,5,1,0,3.3,6.8,Detrator
1926,51926,29,25 a 34 anos,Nordeste,113,Mais de 72 meses,688.33,1,46.3,4,8,0,0,0.0,44.52,0,2,0,0,5,3,1,0,6.5,7.3,Neutro
1927,51927,39,35 a 44 anos,Sudeste,3,Até 12 meses,220.26,2,2.95,6,4,2,1,0.5,34.64,0,2,3,1,10,7,1,0,0.0,2.4,Detrator
1929,51929,18,Até 24 anos,Norte,116,Mais de 72 meses,492.59,2,2.46,3,12,2,1,0.16666666666666666,55.57,0,2,2,1,7,5,1,0,1.4,1.2,Detrator
1930,51930,58,55 a 64 anos,Norte,11,Até 12 meses,1396.51,6,16.52,8,3,3,1,1.0,62.57,0,3,1,1,7,4,1,0,2.1,0.4,Detrator
1931,51931,66,65 anos ou mais,Centro-Oeste,57,49 a 72 meses,39.17,4,38.59,9,13,2,1,0.15384615384615385,41.58,1,2,2,1,9,5,1,0,0.0,4.3,Detrator
1932,51932,45,45 a 54 anos,Centro-Oeste,98,Mais de 72 meses,191.39,1,12.9,4,7,7,1,1.0,59.1,0,3,1,1,2,4,1,0,1.5,0.3,Detrator
1934,51934,49,45 a 54 anos,Centro-Oeste,112,Mais de 72 meses,373.64,6,31.31,1,14,2,1,0.14285714285714285,19.46,0,3,0,0,2,2,1,0,5.1,7.2,Neutro
1935,51935,67,65 anos ou mais,Sul,66,49 a 72 meses,222.92,6,17.1,7,9,2,1,0.2222222222222222,45.11,0,1,2,1,0,5,1,0,6.6,5.2,Detrator
1936,51936,55,55 a 64 anos,Nordeste,97,Mais de 72 meses,207.11,4,18.09,11,13,1,1,0.07692307692307693,31.76,0,3,1,1,10,3,1,0,2.6,4.7,Detrator
1937,51937,29,25 a 34 anos,Centro-Oeste,7,Até 12 meses,149.9,2,34.58,11,11,2,1,0.18181818181818182,37.97,0,3,0,0,7,2,1,0,3.1,7.0,Neutro
1939,51939,53,45 a 54 anos,Sudeste,92,Mais de 72 meses,336.21,1,6.81,8,8,2,1,0.25,33.88,0,2,0,0,1,2,1,1,6.9,9.1,Promotor
1940,51940,38,35 a 44 anos,Nordeste,106,Mais de 72 meses,150.59,5,15.04,4,13,3,1,0.23076923076923078,41.22,0,1,0,0,2,3,1,0,4.6,5.4,Detrator
1941,51941,68,65 anos ou mais,Sul,59,49 a 72 meses,82.45,3,57.8,2,4,4,1,1.0,52.47,0,2,2,1,1,6,1,0,3.5,2.4,Detrator
1942,51942,43,35 a 44 anos,Nordeste,105,Mais de 72 meses,205.41,4,18.64,11,8,1,1,0.125,36.98,0,1,0,0,11,1,1,1,2.1,8.7,Neutro
1943,51943,20,Até 24 anos,Nordeste,27,25 a 48 meses,327.13,6,33.91,7,13,1,1,0.07692307692307693,65.46,0,1,2,1,9,4,1,0,0.9,3.0,Detrator
1944,51944,63,55 a 64 anos,Sul,81,Mais de 72 meses,430.53,1,35.25,10,11,7,1,0.6363636363636364,42.29,0,1,1,1,10,4,1,0,0.0,0.0,Detrator
1945,51945,19,Até 24 anos,Norte,91,Mais de 72 meses,500.29,4,23.32,7,13,5,1,0.38461538461538464,23.36,0,3,0,0,4,3,1,0,2.0,0.0,Detrator
1946,51946,60,55 a 64 anos,Sudeste,78,Mais de 72 meses,504.14,2,8.9,7,4,3,1,0.75,21.85,0,1,0,0,3,3,1,0,4.9,3.9,Detrator
1947,51947,26,25 a 34 anos,Norte,13,13 a 24 meses,259.45,5,0.06,11,7,2,1,0.2857142857142857,20.71,0,3,2,1,4,4,1,0,3.2,5.3,Detrator
1948,51948,55,55 a 64 anos,Sul,34,25 a 48 meses,143.97,6,33.99,2,14,1,1,0.07142857142857142,40.01,0,2,1,1,4,4,1,0,5.6,3.9,Detrator
1949,51949,58,55 a 64 anos,Centro-Oeste,90,Mais de 72 meses,777.3,1,20.5,9,5,5,1,1.0,35.0,0,3,5,1,6,7,1,0,0.0,0.0,Detrator
1950,51950,67,65 anos ou mais,Nordeste,63,49 a 72 meses,204.86,2,6.9,7,12,3,1,0.25,46.76,0,3,2,1,11,4,1,0,0.0,5.2,Detrator
1951,51951,69,65 anos ou mais,Nordeste,26,25 a 48 meses,809.46,4,11.19,6,12,1,1,0.08333333333333333,25.73,0,3,1,1,6,2,1,0,4.6,6.4,Detrator
1952,51952,34,25 a 34 anos,Sul,25,25 a 48 meses,397.06,2,46.37,3,4,4,1,1.0,33.63,0,3,1,1,8,5,1,0,0.1,0.5,Detrator
1953,51953,38,35 a 44 anos,Sul,113,Mais de 72 meses,329.93,4,3.31,7,7,0,0,0.0,38.85,0,3,2,1,9,2,1,0,2.2,7.6,Neutro
1954,51954,38,35 a 44 anos,Sul,112,Mais de 72 meses,190.64,4,105.31,3,4,0,0,0.0,41.36,0,3,0,0,6,1,1,0,6.1,6.1,Detrator
1955,51955,60,55 a 64 anos,Sul,1,Até 12 meses,723.87,1,69.39,4,2,2,1,1.0,38.7,0,3,1,1,8,3,1,0,1.0,4.2,Detrator
1956,51956,58,55 a 64 anos,Nordeste,20,13 a 24 meses,315.96,3,2.24,10,11,1,1,0.09090909090909091,32.44,0,1,1,1,7,5,1,0,3.9,4.9,Detrator
1957,51957,68,65 anos ou mais,Sudeste,15,13 a 24 meses,359.35,3,20.38,2,4,1,1,0.25,55.22,0,3,2,1,4,4,1,0,3.5,2.0,Detrator
1959,51959,51,45 a 54 anos,Norte,92,Mais de 72 meses,244.52,2,6.12,7,2,2,1,1.0,58.48,0,1,0,0,6,3,1,0,4.7,7.2,Neutro
1960,51960,20,Até 24 anos,Sul,114,Mais de 72 meses,108.6,3,1.08,4,5,1,1,0.2,36.61,0,3,0,0,11,2,1,0,1.3,3.3,Detrator
1961,51961,37,35 a 44 anos,Nordeste,99,Mais de 72 meses,310.79,6,8.4,2,11,1,1,0.09090909090909091,44.14,0,1,1,1,2,4,1,0,6.8,4.7,Detrator
1962,51962,66,65 anos ou mais,Sul,13,13 a 24 meses,162.0,5,20.57,7,2,2,1,1.0,58.27,0,1,2,1,4,4,1,0,2.6,4.9,Detrator
1963,51963,39,35 a 44 anos,Sudeste,84,Mais de 72 meses,296.71,1,15.31,1,7,3,1,0.42857142857142855,56.46,0,1,3,1,4,5,1,0,0.9,2.9,Detrator
1964,51964,41,35 a 44 anos,Nordeste,84,Mais de 72 meses,395.57,4,28.52,8,10,0,0,0.0,35.2,0,2,2,1,4,2,1,0,5.4,6.2,Detrator
1965,51965,60,55 a 64 anos,Centro-Oeste,4,Até 12 meses,374.67,4,42.72,1,9,3,1,0.3333333333333333,48.67,0,2,2,1,0,4,1,0,4.9,3.8,Detrator
1966,51966,66,65 anos ou mais,Nordeste,108,Mais de 72 meses,555.83,5,30.85,8,7,3,1,0.42857142857142855,47.55,0,3,2,1,2,6,1,0,4.0,2.6,Detrator
1967,51967,46,45 a 54 anos,Norte,60,49 a 72 meses,663.22,5,4.76,3,5,4,1,0.8,45.32,0,1,3,1,6,6,1,0,0.0,2.3,Detrator
1968,51968,29,25 a 34 anos,Centro-Oeste,94,Mais de 72 meses,499.55,4,8.28,8,5,1,1,0.2,31.73,0,3,1,1,5,4,1,0,4.3,7.7,Neutro
1969,51969,52,45 a 54 anos,Norte,95,Mais de 72 meses,819.13,2,10.11,2,11,1,1,0.09090909090909091,44.86,0,2,3,1,5,7,1,0,2.5,4.3,Detrator
1970,51970,40,35 a 44 anos,Centro-Oeste,41,25 a 48 meses,339.39,3,35.53,3,11,4,1,0.36363636363636365,57.96,0,1,5,1,5,7,1,0,0.0,0.0,Detrator
1971,51971,31,25 a 34 anos,Norte,4,Até 12 meses,885.1,6,11.54,1,8,2,1,0.25,55.21,0,3,0,0,4,1,1,0,5.2,7.2,Neutro
1972,51972,48,45 a 54 anos,Sudeste,118,Mais de 72 meses,87.65,1,42.86,9,2,1,1,0.5,29.91,0,3,1,1,9,3,1,0,2.6,4.5,Detrator
1974,51974,41,35 a 44 anos,Centro-Oeste,102,Mais de 72 meses,578.71,5,14.87,3,2,2,1,1.0,46.02,0,1,0,0,5,2,1,0,4.1,6.5,Detrator
1975,51975,57,55 a 64 anos,Centro-Oeste,49,49 a 72 meses,893.47,3,2.47,1,11,3,1,0.2727272727272727,30.3,0,1,2,1,3,4,1,0,3.0,1.4,Detrator
1976,51976,68,65 anos ou mais,Norte,19,13 a 24 meses,613.83,3,3.05,2,11,2,1,0.18181818181818182,40.42,0,1,1,1,2,3,1,0,5.7,6.5,Detrator
1977,51977,51,45 a 54 anos,Centro-Oeste,13,13 a 24 meses,625.19,3,58.46,7,8,0,0,0.0,38.54,0,1,0,0,3,1,1,1,7.4,9.7,Promotor
1978,51978,56,55 a 64 anos,Centro-Oeste,80,Mais de 72 meses,599.17,4,4.89,10,7,1,1,0.14285714285714285,41.45,0,2,1,1,4,7,1,0,4.9,5.7,Detrator
1979,51979,33,25 a 34 anos,Norte,20,13 a 24 meses,629.58,1,12.21,4,10,2,1,0.2,45.29,0,3,0,0,1,3,1,0,6.2,7.0,Neutro
1980,51980,18,Até 24 anos,Sudeste,72,49 a 72 meses,89.59,1,18.17,1,11,0,0,0.0,43.19,0,3,1,1,8,4,1,0,4.0,5.0,Detrator
1981,51981,39,35 a 44 anos,Nordeste,11,Até 12 meses,608.13,3,39.51,9,13,4,1,0.3076923076923077,36.14,0,2,2,1,11,4,1,0,0.0,1.1,Detrator
1982,51982,31,25 a 34 anos,Centro-Oeste,21,13 a 24 meses,616.66,3,24.83,3,11,2,1,0.18181818181818182,35.46,0,1,0,0,7,6,1,0,3.4,3.4,Detrator
1983,51983,52,45 a 54 anos,Norte,111,Mais de 72 meses,794.83,1,28.86,4,9,2,1,0.2222222222222222,34.73,0,2,3,1,3,6,1,0,2.3,5.4,Detrator
1984,51984,31,25 a 34 anos,Sul,119,Mais de 72 meses,882.62,2,31.67,5,12,0,0,0.0,30.2,0,3,2,1,1,2,1,1,7.0,8.0,Neutro
1985,51985,67,65 anos ou mais,Sudeste,28,25 a 48 meses,371.71,3,3.26,3,10,3,1,0.3,31.83,0,2,2,1,8,6,1,0,0.2,2.8,Detrator
1986,51986,20,Até 24 anos,Centro-Oeste,80,Mais de 72 meses,206.37,3,4.01,7,12,2,1,0.16666666666666666,33.5,0,3,0,0,2,2,1,0,5.9,3.4,Detrator
1987,51987,23,Até 24 anos,Centro-Oeste,39,25 a 48 meses,367.96,2,15.12,5,12,2,1,0.16666666666666666,33.31,0,2,3,1,7,5,1,0,1.4,2.4,Detrator
1988,51988,62,55 a 64 anos,Centro-Oeste,67,49 a 72 meses,830.23,3,15.41,3,6,2,1,0.3333333333333333,55.98,0,3,2,1,0,5,1,0,4.3,5.2,Detrator
1991,51991,44,35 a 44 anos,Centro-Oeste,8,Até 12 meses,909.62,4,0.77,11,10,2,1,0.2,31.37,0,2,1,1,11,4,1,0,0.2,2.4,Detrator
1992,51992,46,45 a 54 anos,Sudeste,113,Mais de 72 meses,351.66,6,20.89,6,11,2,1,0.18181818181818182,58.14,0,1,1,1,9,4,1,0,2.3,4.5,Detrator
1993,51993,28,25 a 34 anos,Nordeste,32,25 a 48 meses,1461.91,6,23.92,11,13,1,1,0.07692307692307693,54.99,0,2,0,0,8,1,1,0,3.3,7.9,Neutro
1994,51994,19,Até 24 anos,Sul,76,Mais de 72 meses,489.59,6,39.27,8,8,4,1,0.5,53.25,0,1,3,1,10,6,1,0,0.0,2.8,Detrator
1995,51995,29,25 a 34 anos,Centro-Oeste,75,Mais de 72 meses,245.97,2,29.13,3,5,5,1,1.0,47.44,0,2,1,1,7,5,1,0,0.0,0.0,Detrator
1996,51996,41,35 a 44 anos,Norte,63,49 a 72 meses,497.23,4,8.73,3,9,1,1,0.1111111111111111,35.14,0,3,4,1,4,9,1,0,1.3,3.3,Detrator
1997,51997,41,35 a 44 anos,Centro-Oeste,59,49 a 72 meses,587.06,5,18.96,2,11,2,1,0.18181818181818182,62.51,0,1,0,0,1,1,1,0,6.9,7.5,Neutro
1998,51998,50,45 a 54 anos,Centro-Oeste,34,25 a 48 meses,1126.92,6,48.74,8,4,3,1,0.75,43.7,0,2,2,1,9,7,1,0,0.0,2.1,Detrator
1999,51999,35,35 a 44 anos,Sudeste,110,Mais de 72 meses,701.83,1,59.58,11,9,3,1,0.3333333333333333,42.8,0,3,0,0,11,2,1,0,1.7,4.6,Detrator
2001,52001,38,35 a 44 anos,Sul,36,25 a 48 meses,399.95,6,2.85,4,4,0,0,0.0,42.29,0,1,4,1,9,7,1,0,1.3,4.5,Detrator
2002,52002,39,35 a 44 anos,Norte,35,25 a 48 meses,101.28,6,5.3,7,7,0,0,0.0,35.49,0,2,2,1,7,4,1,0,3.8,5.7,Detrator
2003,52003,36,35 a 44 anos,Sudeste,6,Até 12 meses,164.11,2,18.91,6,8,1,1,0.125,30.45,0,1,1,1,11,2,1,0,1.4,7.5,Neutro
2004,52004,19,Até 24 anos,Sudeste,109,Mais de 72 meses,204.54,6,31.81,9,5,1,1,0.2,27.54,0,2,1,1,9,3,1,1,2.6,8.2,Neutro
2005,52005,34,25 a 34 anos,Sudeste,4,Até 12 meses,1342.93,2,14.83,4,6,2,1,0.3333333333333333,40.46,0,2,1,1,10,5,1,0,0.3,6.4,Detrator
2006,52006,57,55 a 64 anos,Sudeste,44,25 a 48 meses,386.87,3,0.6,4,9,3,1,0.3333333333333333,36.63,0,1,1,1,11,3,1,0,0.0,2.1,Detrator
2008,52008,21,Até 24 anos,Sudeste,46,25 a 48 meses,166.63,2,53.43,9,8,4,1,0.5,35.3,0,1,0,0,6,6,1,0,1.8,1.9,Detrator
2009,52009,27,25 a 34 anos,Nordeste,31,25 a 48 meses,419.69,2,18.84,8,14,1,1,0.07142857142857142,32.73,0,3,1,1,0,7,1,0,7.3,5.6,Detrator
2010,52010,60,55 a 64 anos,Nordeste,2,Até 12 meses,1257.6,4,19.62,9,7,1,1,0.14285714285714285,25.23,0,3,0,0,4,2,1,0,6.4,5.2,Detrator
2011,52011,31,25 a 34 anos,Norte,112,Mais de 72 meses,401.35,3,85.02,3,11,0,0,0.0,46.33,0,1,3,1,10,4,1,0,0.2,6.5,Detrator
2012,52012,31,25 a 34 anos,Sudeste,70,49 a 72 meses,791.46,1,10.45,8,6,3,1,0.5,40.06,0,2,2,1,4,4,1,0,2.1,3.5,Detrator
2013,52013,43,35 a 44 anos,Sul,115,Mais de 72 meses,199.51,5,2.52,4,8,1,1,0.125,41.86,0,3,1,1,10,5,1,0,2.1,5.9,Detrator
2014,52014,28,25 a 34 anos,Sudeste,39,25 a 48 meses,498.08,5,28.99,7,12,3,1,0.25,40.71,0,1,1,1,9,3,1,0,0.9,3.0,Detrator
2015,52015,42,35 a 44 anos,Norte,27,25 a 48 meses,416.92,3,11.88,3,10,3,1,0.3,48.69,0,1,0,0,10,4,1,0,1.2,5.7,Detrator
2016,52016,48,45 a 54 anos,Norte,31,25 a 48 meses,28.5,4,3.17,1,7,4,1,0.5714285714285714,36.46,1,2,1,1,3,3,1,0,3.5,1.6,Detrator
2017,52017,48,45 a 54 anos,Norte,38,25 a 48 meses,65.76,4,3.21,9,14,2,1,0.14285714285714285,37.14,0,2,0,0,7,3,1,0,2.9,3.9,Detrator
2018,52018,48,45 a 54 anos,Norte,49,49 a 72 meses,654.59,2,77.13,8,6,3,1,0.5,39.92,0,2,2,1,4,6,1,0,2.1,0.8,Detrator
2019,52019,60,55 a 64 anos,Sul,26,25 a 48 meses,278.11,6,29.09,2,6,4,1,0.6666666666666666,32.46,0,3,2,1,1,6,1,0,2.9,3.9,Detrator
2020,52020,53,45 a 54 anos,Centro-Oeste,7,Até 12 meses,214.0,6,5.39,3,13,3,1,0.23076923076923078,23.47,0,2,2,1,6,6,1,0,1.2,6.4,Detrator
2021,52021,42,35 a 44 anos,Nordeste,74,Mais de 72 meses,488.17,6,2.58,11,14,3,1,0.21428571428571427,43.77,0,2,0,0,3,2,1,0,4.7,7.4,Neutro
2022,52022,48,45 a 54 anos,Norte,12,Até 12 meses,301.48,2,9.62,8,11,0,0,0.0,15.01,0,3,2,1,9,4,1,0,3.3,5.0,Detrator
2023,52023,40,35 a 44 anos,Sul,115,Mais de 72 meses,276.6,1,20.51,3,9,2,1,0.2222222222222222,46.01,0,2,2,1,0,7,1,0,5.0,4.6,Detrator
2024,52024,59,55 a 64 anos,Nordeste,73,Mais de 72 meses,732.03,4,5.86,6,6,0,0,0.0,25.16,0,1,4,1,7,8,1,0,1.7,2.3,Detrator
2025,52025,31,25 a 34 anos,Norte,83,Mais de 72 meses,985.11,6,16.69,10,10,1,1,0.1,52.66,0,2,1,1,10,3,1,0,1.3,1.1,Detrator
2026,52026,67,65 anos ou mais,Sudeste,18,13 a 24 meses,350.38,5,24.97,10,4,2,1,0.5,53.36,0,1,0,0,0,4,1,0,7.6,5.8,Detrator
2027,52027,34,25 a 34 anos,Norte,80,Mais de 72 meses,544.91,1,4.56,5,8,2,1,0.25,50.46,0,3,0,0,2,2,1,0,6.3,7.2,Neutro
2028,52028,23,Até 24 anos,Sudeste,69,49 a 72 meses,295.11,2,93.08,2,5,2,1,0.4,2.87,0,1,0,0,3,2,1,0,4.1,5.8,Detrator
2029,52029,22,Até 24 anos,Norte,75,Mais de 72 meses,245.36,6,12.06,10,12,0,0,0.0,39.07,0,2,0,0,7,1,1,0,5.7,5.0,Detrator
2030,52030,36,35 a 44 anos,Nordeste,46,25 a 48 meses,277.89,5,32.12,8,10,5,1,0.5,22.46,0,1,2,1,3,5,1,0,0.8,1.6,Detrator
2031,52031,55,55 a 64 anos,Centro-Oeste,42,25 a 48 meses,111.3,4,20.05,2,7,3,1,0.42857142857142855,26.39,0,2,1,1,11,3,1,0,0.0,1.4,Detrator
2032,52032,60,55 a 64 anos,Sul,42,25 a 48 meses,96.41,1,81.15,10,5,1,1,0.2,48.83,0,2,2,1,8,4,1,0,1.7,5.5,Detrator
2033,52033,29,25 a 34 anos,Sudeste,45,25 a 48 meses,385.19,5,21.34,5,14,4,1,0.2857142857142857,42.09,0,2,1,1,1,4,1,0,3.9,0.0,Detrator
2036,52036,53,45 a 54 anos,Sudeste,68,49 a 72 meses,350.52,1,11.39,4,2,2,1,1.0,48.5,0,3,3,1,8,5,1,0,0.0,3.3,Detrator
2037,52037,39,35 a 44 anos,Sul,58,49 a 72 meses,233.82,3,9.16,8,3,1,1,0.3333333333333333,56.32,0,3,2,1,1,3,1,1,6.6,8.5,Neutro
2038,52038,30,25 a 34 anos,Sudeste,17,13 a 24 meses,354.6,5,32.14,5,8,3,1,0.375,54.52,0,3,2,1,11,3,1,0,0.0,6.7,Detrator
2039,52039,63,55 a 64 anos,Sul,85,Mais de 72 meses,708.67,6,57.14,6,6,1,1,0.16666666666666666,53.31,0,3,0,0,7,2,1,0,4.8,5.4,Detrator
2040,52040,31,25 a 34 anos,Norte,27,25 a 48 meses,509.91,4,0.78,2,9,2,1,0.2222222222222222,46.51,0,2,0,0,7,3,1,0,3.7,0.8,Detrator
2041,52041,23,Até 24 anos,Sul,67,49 a 72 meses,290.32,1,15.3,6,11,5,1,0.45454545454545453,32.97,0,3,0,0,0,4,1,0,4.9,5.8,Detrator
2042,52042,28,25 a 34 anos,Nordeste,36,25 a 48 meses,423.06,5,0.62,10,6,1,1,0.16666666666666666,31.59,0,1,2,1,11,5,1,0,0.8,4.6,Detrator
2043,52043,47,45 a 54 anos,Norte,40,25 a 48 meses,457.72,5,91.11,8,14,1,1,0.07142857142857142,48.77,0,1,3,1,2,5,1,0,5.1,4.2,Detrator
2044,52044,20,Até 24 anos,Sudeste,19,13 a 24 meses,953.2,2,19.67,11,12,2,1,0.16666666666666666,39.52,0,3,2,1,3,4,1,0,3.6,3.3,Detrator
2045,52045,26,25 a 34 anos,Centro-Oeste,93,Mais de 72 meses,563.3,6,14.66,6,12,5,1,0.4166666666666667,37.95,0,3,1,1,4,4,1,0,1.8,1.9,Detrator
2046,52046,32,25 a 34 anos,Sul,89,Mais de 72 meses,182.71,2,15.34,5,5,4,1,0.8,20.27,0,1,3,1,10,6,1,0,0.0,1.0,Detrator
2047,52047,24,Até 24 anos,Centro-Oeste,114,Mais de 72 meses,419.75,1,29.56,10,8,4,1,0.5,30.72,0,1,4,1,3,7,1,0,0.7,2.8,Detrator
2048,52048,21,Até 24 anos,Norte,61,49 a 72 meses,314.68,3,12.26,11,6,0,0,0.0,31.54,0,3,0,0,2,1,1,0,9.3,7.1,Neutro
2049,52049,49,45 a 54 anos,Sul,81,Mais de 72 meses,225.68,3,25.41,8,10,2,1,0.2,63.8,0,1,5,1,2,7,1,0,1.3,3.1,Detrator
2050,52050,29,25 a 34 anos,Norte,32,25 a 48 meses,34.42,6,6.89,4,5,3,1,0.6,33.23,0,1,1,1,10,3,1,0,0.0,5.2,Detrator
2051,52051,42,35 a 44 anos,Nordeste,93,Mais de 72 meses,80.39,6,16.11,4,6,6,1,1.0,47.56,0,1,2,1,7,5,1,0,0.0,0.0,Detrator
2052,52052,49,45 a 54 anos,Sul,23,13 a 24 meses,454.98,6,15.8,10,5,4,1,0.8,49.35,0,2,1,1,8,4,1,0,0.0,4.6,Detrator
2053,52053,32,25 a 34 anos,Centro-Oeste,77,Mais de 72 meses,421.44,1,4.7,10,13,0,0,0.0,39.67,0,1,1,1,5,1,1,0,5.4,7.6,Neutro
2054,52054,47,45 a 54 anos,Sudeste,109,Mais de 72 meses,199.72,1,62.48,4,11,3,1,0.2727272727272727,36.06,0,2,1,1,1,4,1,0,5.4,4.9,Detrator
2055,52055,44,35 a 44 anos,Norte,86,Mais de 72 meses,835.91,3,0.06,6,5,2,1,0.4,45.96,0,2,1,1,10,4,1,0,0.6,2.9,Detrator
2056,52056,67,65 anos ou mais,Nordeste,23,13 a 24 meses,604.69,6,7.52,3,5,3,1,0.6,41.7,0,2,2,1,10,4,1,0,0.0,2.5,Detrator
2057,52057,25,25 a 34 anos,Norte,33,25 a 48 meses,996.42,3,9.6,8,4,4,1,1.0,39.62,0,2,4,1,6,8,1,0,0.0,0.8,Detrator
2058,52058,44,35 a 44 anos,Centro-Oeste,9,Até 12 meses,1075.37,2,0.87,11,7,0,0,0.0,26.33,0,3,0,0,6,0,0,1,5.4,8.0,Neutro
2059,52059,32,25 a 34 anos,Centro-Oeste,26,25 a 48 meses,555.84,2,28.78,1,13,3,1,0.23076923076923078,40.1,0,3,0,0,3,3,1,0,4.9,7.3,Neutro
2060,52060,23,Até 24 anos,Sul,19,13 a 24 meses,678.17,1,0.35,4,13,1,1,0.07692307692307693,32.05,0,2,0,0,2,1,1,1,6.9,10.0,Promotor
2061,52061,66,65 anos ou mais,Centro-Oeste,28,25 a 48 meses,605.25,5,16.65,7,14,2,1,0.14285714285714285,32.12,0,2,2,1,4,4,1,0,3.3,6.3,Detrator
2062,52062,68,65 anos ou mais,Norte,111,Mais de 72 meses,349.57,3,42.01,10,2,2,1,1.0,39.17,0,2,3,1,9,7,1,0,0.0,0.0,Detrator
2063,52063,50,45 a 54 anos,Norte,17,13 a 24 meses,240.84,4,11.99,10,8,4,1,0.5,22.31,0,2,2,1,9,5,1,0,0.0,2.2,Detrator
2064,52064,38,35 a 44 anos,Sul,80,Mais de 72 meses,674.77,3,33.68,11,3,0,0,0.0,49.3,0,1,4,1,9,6,1,0,0.0,2.9,Detrator
2065,52065,41,35 a 44 anos,Nordeste,72,49 a 72 meses,695.21,6,169.16,8,8,2,1,0.25,45.22,0,2,3,1,6,4,1,0,1.7,6.1,Detrator
2066,52066,40,35 a 44 anos,Nordeste,68,49 a 72 meses,659.68,6,10.37,3,4,0,0,0.0,38.28,0,3,2,1,7,3,1,0,4.3,5.3,Detrator
2067,52067,57,55 a 64 anos,Centro-Oeste,39,25 a 48 meses,994.43,4,2.77,2,13,1,1,0.07692307692307693,23.66,0,1,1,1,0,3,1,0,7.4,6.8,Detrator
2068,52068,31,25 a 34 anos,Sudeste,50,49 a 72 meses,274.62,6,24.86,4,3,2,1,0.6666666666666666,47.91,0,2,1,1,1,4,1,0,6.4,5.0,Detrator
2069,52069,56,55 a 64 anos,Nordeste,7,Até 12 meses,501.43,5,66.56,2,14,3,1,0.21428571428571427,23.44,0,1,1,1,5,4,1,0,3.6,3.7,Detrator
2070,52070,41,35 a 44 anos,Sudeste,78,Mais de 72 meses,152.37,4,25.46,9,9,2,1,0.2222222222222222,40.05,0,1,0,0,5,4,1,0,5.1,2.4,Detrator
2071,52071,58,55 a 64 anos,Nordeste,108,Mais de 72 meses,869.29,2,52.08,7,14,0,0,0.0,52.17,0,3,2,1,3,2,1,1,5.6,9.1,Promotor
2072,52072,48,45 a 54 anos,Sudeste,77,Mais de 72 meses,451.14,3,26.16,6,13,1,1,0.07692307692307693,45.59,0,1,1,1,5,2,1,0,4.5,7.1,Neutro
2074,52074,20,Até 24 anos,Centro-Oeste,88,Mais de 72 meses,391.66,4,22.93,1,12,2,1,0.16666666666666666,25.72,0,2,1,1,11,4,1,0,0.0,4.1,Detrator
2075,52075,64,55 a 64 anos,Centro-Oeste,16,13 a 24 meses,496.66,1,33.57,6,11,1,1,0.09090909090909091,22.2,0,1,3,1,10,5,1,0,0.0,2.5,Detrator
2076,52076,38,35 a 44 anos,Sudeste,98,Mais de 72 meses,203.27,3,38.32,7,12,4,1,0.3333333333333333,51.35,0,3,1,1,2,5,1,0,3.4,5.3,Detrator
2078,52078,45,45 a 54 anos,Nordeste,95,Mais de 72 meses,285.22,3,67.41,8,10,1,1,0.1,45.55,0,3,1,1,1,3,1,0,6.4,4.5,Detrator
2079,52079,54,45 a 54 anos,Nordeste,8,Até 12 meses,1153.51,6,8.41,4,11,3,1,0.2727272727272727,42.75,0,3,1,1,4,3,1,0,3.2,4.4,Detrator
2080,52080,22,Até 24 anos,Sul,73,Mais de 72 meses,482.6,3,38.71,10,13,0,0,0.0,46.71,0,1,1,1,4,1,1,0,7.3,7.0,Neutro
2081,52081,33,25 a 34 anos,Sul,81,Mais de 72 meses,881.79,2,19.99,11,3,1,1,0.3333333333333333,40.24,0,1,3,1,0,9,1,0,5.9,2.3,Detrator
2082,52082,44,35 a 44 anos,Norte,72,49 a 72 meses,843.31,2,14.23,8,12,0,0,0.0,35.35,0,1,1,1,6,3,1,0,5.3,5.2,Detrator
2083,52083,40,35 a 44 anos,Sudeste,60,49 a 72 meses,251.26,3,31.4,4,5,4,1,0.8,61.84,0,3,3,1,4,6,1,0,0.1,0.0,Detrator
2084,52084,49,45 a 54 anos,Sul,83,Mais de 72 meses,784.82,3,33.17,8,14,3,1,0.21428571428571427,18.63,0,2,1,1,3,3,1,0,4.2,1.3,Detrator
2085,52085,47,45 a 54 anos,Nordeste,28,25 a 48 meses,352.41,2,17.58,6,5,5,1,1.0,21.67,0,2,3,1,2,5,1,0,0.2,0.9,Detrator
2086,52086,23,Até 24 anos,Norte,72,49 a 72 meses,667.41,4,13.65,10,6,3,1,0.5,60.1,0,3,0,0,11,2,1,0,0.1,2.1,Detrator
2087,52087,24,Até 24 anos,Sudeste,84,Mais de 72 meses,585.2,4,22.78,2,7,3,1,0.42857142857142855,27.12,0,3,0,0,8,3,1,0,2.0,6.7,Detrator
2088,52088,32,25 a 34 anos,Sudeste,56,49 a 72 meses,150.6,6,11.11,11,3,2,1,0.6666666666666666,33.22,0,3,3,1,8,6,1,0,0.0,3.3,Detrator
2089,52089,35,35 a 44 anos,Sudeste,86,Mais de 72 meses,864.81,5,7.16,1,4,3,1,0.75,22.18,0,2,2,1,4,3,1,0,2.6,6.2,Detrator
2090,52090,58,55 a 64 anos,Centro-Oeste,80,Mais de 72 meses,266.26,4,16.63,9,6,1,1,0.16666666666666666,35.55,0,1,2,1,2,4,1,0,4.7,3.4,Detrator
2091,52091,63,55 a 64 anos,Sul,115,Mais de 72 meses,247.4,3,7.97,4,10,1,1,0.1,50.9,0,1,1,1,2,3,1,0,5.6,6.1,Detrator
2092,52092,32,25 a 34 anos,Sul,53,49 a 72 meses,432.54,5,38.67,9,14,1,1,0.07142857142857142,33.17,0,1,0,0,10,4,1,0,2.7,5.7,Detrator
2093,52093,20,Até 24 anos,Centro-Oeste,44,25 a 48 meses,352.13,1,98.54,3,3,2,1,0.6666666666666666,21.14,0,3,0,0,0,2,1,0,6.9,7.1,Neutro
2094,52094,68,65 anos ou mais,Centro-Oeste,94,Mais de 72 meses,670.2,1,90.22,3,13,0,0,0.0,30.68,0,3,4,1,10,8,1,0,0.0,3.2,Detrator
2095,52095,24,Até 24 anos,Nordeste,56,49 a 72 meses,429.21,1,67.98,8,2,2,1,1.0,25.87,0,1,2,1,9,5,1,0,0.5,4.6,Detrator
2096,52096,60,55 a 64 anos,Nordeste,10,Até 12 meses,142.25,3,5.39,9,13,0,0,0.0,38.35,0,3,1,1,2,3,1,0,7.6,6.1,Detrator
2097,52097,51,45 a 54 anos,Sudeste,83,Mais de 72 meses,553.67,4,0.04,6,13,1,1,0.07692307692307693,25.93,0,2,1,1,3,4,1,0,6.0,6.1,Detrator
2098,52098,48,45 a 54 anos,Centro-Oeste,90,Mais de 72 meses,417.17,2,17.56,1,4,2,1,0.5,39.14,0,2,0,0,1,1,1,0,7.6,7.8,Neutro
2099,52099,18,Até 24 anos,Sudeste,51,49 a 72 meses,113.92,3,48.81,9,7,0,0,0.0,42.36,0,1,1,1,8,1,1,0,3.4,6.1,Detrator
2101,52101,47,45 a 54 anos,Sul,91,Mais de 72 meses,497.48,1,13.11,2,12,3,1,0.25,31.82,0,2,2,1,2,4,1,0,3.2,1.7,Detrator
2102,52102,20,Até 24 anos,Norte,49,49 a 72 meses,974.57,2,0.74,7,9,2,1,0.2222222222222222,25.14,0,1,1,1,3,4,1,0,6.0,4.6,Detrator
2103,52103,31,25 a 34 anos,Nordeste,109,Mais de 72 meses,657.9,1,6.58,10,6,2,1,0.3333333333333333,22.92,0,3,1,1,9,2,1,0,0.7,7.4,Neutro
2104,52104,68,65 anos ou mais,Nordeste,78,Mais de 72 meses,87.57,1,0.78,11,2,1,1,0.5,17.86,0,3,1,1,9,4,1,0,1.4,4.1,Detrator
2105,52105,22,Até 24 anos,Nordeste,82,Mais de 72 meses,491.95,4,26.06,6,8,3,1,0.375,29.74,0,1,0,0,0,4,1,0,6.3,4.8,Detrator
2106,52106,60,55 a 64 anos,Sul,68,49 a 72 meses,638.46,6,1.97,3,12,2,1,0.16666666666666666,36.67,0,1,1,1,10,3,1,0,0.3,1.9,Detrator
2107,52107,40,35 a 44 anos,Nordeste,62,49 a 72 meses,610.28,5,68.87,10,3,0,0,0.0,25.93,0,2,0,0,9,0,0,0,5.1,7.8,Neutro
2108,52108,44,35 a 44 anos,Centro-Oeste,82,Mais de 72 meses,323.03,4,15.4,9,3,3,1,1.0,28.96,0,1,2,1,4,6,1,0,2.1,3.3,Detrator
2109,52109,21,Até 24 anos,Sul,17,13 a 24 meses,719.29,3,10.24,1,4,3,1,0.75,15.23,0,3,0,0,2,2,1,0,5.6,7.6,Neutro
2110,52110,22,Até 24 anos,Centro-Oeste,33,25 a 48 meses,357.18,3,62.8,4,13,2,1,0.15384615384615385,37.93,0,1,1,1,8,5,1,0,1.7,1.8,Detrator
2111,52111,29,25 a 34 anos,Norte,100,Mais de 72 meses,605.59,4,3.03,10,5,0,0,0.0,39.59,0,1,0,0,2,0,0,0,8.0,6.7,Detrator
2112,52112,32,25 a 34 anos,Sudeste,71,49 a 72 meses,315.43,2,5.95,11,8,0,0,0.0,48.75,0,3,0,0,8,1,1,1,5.6,9.1,Promotor
2113,52113,50,45 a 54 anos,Sudeste,30,25 a 48 meses,1044.83,4,5.89,2,4,1,1,0.25,27.55,0,3,2,1,8,3,1,0,2.3,7.1,Neutro
2114,52114,43,35 a 44 anos,Centro-Oeste,83,Mais de 72 meses,1079.8,5,3.03,2,4,1,1,0.25,22.26,0,1,1,1,3,2,1,1,6.8,9.3,Promotor
2115,52115,24,Até 24 anos,Nordeste,101,Mais de 72 meses,303.23,1,7.05,11,11,2,1,0.18181818181818182,46.22,0,1,5,1,4,8,1,0,1.3,2.7,Detrator
2116,52116,41,35 a 44 anos,Sul,89,Mais de 72 meses,203.38,2,71.48,2,10,1,1,0.1,38.52,0,2,3,1,11,8,1,0,0.0,3.2,Detrator
2117,52117,37,35 a 44 anos,Centro-Oeste,45,25 a 48 meses,375.02,1,21.53,7,8,2,1,0.25,47.51,0,2,1,1,5,3,1,0,3.8,4.4,Detrator
2118,52118,58,55 a 64 anos,Sul,97,Mais de 72 meses,522.59,2,1.4,10,9,1,1,0.1111111111111111,27.01,0,1,0,0,10,1,1,0,2.0,7.6,Neutro
2119,52119,42,35 a 44 anos,Sudeste,8,Até 12 meses,648.74,3,53.59,6,12,3,1,0.25,53.68,0,3,1,1,8,6,1,0,1.3,0.8,Detrator
2120,52120,37,35 a 44 anos,Sudeste,60,49 a 72 meses,206.5,3,24.41,6,12,1,1,0.08333333333333333,43.45,0,2,2,1,3,3,1,0,4.8,7.0,Neutro
2121,52121,34,25 a 34 anos,Sudeste,87,Mais de 72 meses,176.71,4,24.92,3,13,1,1,0.07692307692307693,15.82,0,3,4,1,3,7,1,0,1.9,4.6,Detrator
2122,52122,44,35 a 44 anos,Nordeste,53,49 a 72 meses,855.72,5,95.94,6,6,1,1,0.16666666666666666,35.42,0,3,2,1,9,4,1,0,0.0,6.6,Detrator
2123,52123,53,45 a 54 anos,Centro-Oeste,80,Mais de 72 meses,247.42,1,20.26,9,12,3,1,0.25,38.31,0,2,4,1,0,8,1,0,2.5,0.1,Detrator
2124,52124,52,45 a 54 anos,Nordeste,71,49 a 72 meses,397.73,3,2.47,6,9,4,1,0.4444444444444444,29.41,0,3,0,0,8,3,1,0,0.0,3.1,Detrator
2125,52125,65,65 anos ou mais,Sudeste,43,25 a 48 meses,1410.34,1,87.38,10,5,2,1,0.4,41.69,0,1,3,1,3,5,1,0,2.9,1.9,Detrator
2126,52126,26,25 a 34 anos,Sudeste,113,Mais de 72 meses,525.67,2,109.29,5,8,1,1,0.125,48.19,0,1,2,1,1,5,1,0,6.3,5.2,Detrator
2127,52127,46,45 a 54 anos,Norte,87,Mais de 72 meses,506.53,6,2.69,8,11,1,1,0.09090909090909091,31.43,0,3,1,1,1,4,1,1,7.2,8.6,Neutro
2128,52128,34,25 a 34 anos,Centro-Oeste,14,13 a 24 meses,859.92,6,133.02,10,13,4,1,0.3076923076923077,37.92,0,3,0,0,1,4,1,0,5.6,3.6,Detrator
2129,52129,24,Até 24 anos,Sudeste,39,25 a 48 meses,544.17,6,60.98,7,9,3,1,0.3333333333333333,27.71,0,3,2,1,10,4,1,0,0.0,1.2,Detrator
2130,52130,65,65 anos ou mais,Centro-Oeste,80,Mais de 72 meses,454.29,5,74.57,4,12,1,1,0.08333333333333333,49.77,0,1,1,1,4,5,1,0,6.2,5.0,Detrator
2131,52131,30,25 a 34 anos,Sudeste,114,Mais de 72 meses,1248.46,5,59.49,11,4,4,1,1.0,65.58,0,3,1,1,10,3,1,0,0.0,2.7,Detrator
2133,52133,57,55 a 64 anos,Centro-Oeste,79,Mais de 72 meses,225.33,3,179.99,6,14,0,0,0.0,59.57,0,3,2,1,8,4,1,0,2.5,4.5,Detrator
2134,52134,51,45 a 54 anos,Sul,30,25 a 48 meses,666.34,2,43.94,9,2,2,1,1.0,39.84,0,3,1,1,4,3,1,0,4.5,3.9,Detrator
2135,52135,28,25 a 34 anos,Centro-Oeste,99,Mais de 72 meses,1095.19,5,43.47,11,9,0,0,0.0,70.01,0,2,3,1,8,3,1,0,2.5,7.7,Neutro
2137,52137,69,65 anos ou mais,Norte,45,25 a 48 meses,294.35,5,124.56,1,5,1,1,0.2,48.81,0,1,1,1,1,5,1,0,7.9,6.7,Detrator
2138,52138,33,25 a 34 anos,Nordeste,46,25 a 48 meses,286.08,5,29.58,4,10,7,1,0.7,56.05,0,3,1,1,4,5,1,0,0.0,0.9,Detrator
2139,52139,60,55 a 64 anos,Sul,3,Até 12 meses,98.9,5,36.1,6,12,1,1,0.08333333333333333,35.82,0,3,0,0,7,3,1,0,4.8,4.9,Detrator
2140,52140,36,35 a 44 anos,Sudeste,103,Mais de 72 meses,477.73,2,22.94,8,3,3,1,1.0,54.52,0,3,0,0,3,2,1,0,3.6,0.9,Detrator
2141,52141,26,25 a 34 anos,Centro-Oeste,58,49 a 72 meses,1775.08,2,39.88,5,11,1,1,0.09090909090909091,43.62,0,1,1,1,3,3,1,0,5.7,4.9,Detrator
2142,52142,46,45 a 54 anos,Sudeste,22,13 a 24 meses,748.2,3,63.62,4,7,4,1,0.5714285714285714,27.94,0,3,2,1,3,6,1,0,2.4,1.7,Detrator
2143,52143,26,25 a 34 anos,Norte,61,49 a 72 meses,1164.08,1,12.96,8,7,0,0,0.0,42.24,0,2,2,1,10,2,1,0,1.4,6.1,Detrator
2144,52144,19,Até 24 anos,Norte,88,Mais de 72 meses,197.07,3,11.56,5,6,3,1,0.5,42.61,0,1,2,1,1,6,1,0,3.5,5.5,Detrator
2145,52145,57,55 a 64 anos,Sul,62,49 a 72 meses,537.69,3,42.91,6,9,3,1,0.3333333333333333,23.28,0,1,0,0,5,2,1,0,3.8,6.9,Detrator
2146,52146,24,Até 24 anos,Sudeste,47,25 a 48 meses,191.86,3,26.5,3,13,4,1,0.3076923076923077,25.15,0,3,0,0,7,4,1,0,1.7,3.9,Detrator
2147,52147,53,45 a 54 anos,Norte,111,Mais de 72 meses,382.79,3,13.93,9,7,0,0,0.0,18.55,0,1,0,0,4,1,1,1,7.8,8.7,Neutro
2148,52148,38,35 a 44 anos,Centro-Oeste,93,Mais de 72 meses,422.07,6,94.74,6,10,0,0,0.0,33.64,0,2,3,1,1,7,1,0,7.1,5.2,Detrator
2149,52149,40,35 a 44 anos,Sudeste,38,25 a 48 meses,553.67,6,22.68,9,14,5,1,0.35714285714285715,50.23,0,1,1,1,4,5,1,0,1.5,3.3,Detrator
2150,52150,53,45 a 54 anos,Nordeste,31,25 a 48 meses,922.6,1,8.98,1,8,3,1,0.375,38.22,0,2,3,1,5,5,1,0,1.5,2.4,Detrator
2151,52151,48,45 a 54 anos,Sul,92,Mais de 72 meses,960.39,5,14.96,6,6,1,1,0.16666666666666666,49.12,0,3,3,1,1,7,1,0,5.3,5.8,Detrator
2152,52152,45,45 a 54 anos,Nordeste,111,Mais de 72 meses,670.27,4,40.0,11,6,1,1,0.16666666666666666,21.28,0,3,1,1,4,4,1,0,4.8,4.6,Detrator
2153,52153,33,25 a 34 anos,Sudeste,55,49 a 72 meses,442.57,2,26.19,8,7,1,1,0.14285714285714285,35.59,0,2,3,1,3,5,1,0,3.8,7.4,Neutro
2154,52154,42,35 a 44 anos,Norte,80,Mais de 72 meses,686.6,1,42.46,6,4,3,1,0.75,38.5,0,3,2,1,0,6,1,0,4.0,4.9,Detrator
2155,52155,53,45 a 54 anos,Nordeste,2,Até 12 meses,285.98,4,2.03,10,3,3,1,1.0,36.07,0,1,2,1,11,5,1,0,0.0,0.5,Detrator
2156,52156,26,25 a 34 anos,Sul,76,Mais de 72 meses,66.67,6,20.46,2,11,1,1,0.09090909090909091,36.07,0,1,1,1,11,3,1,0,0.4,5.4,Detrator
2157,52157,20,Até 24 anos,Sul,89,Mais de 72 meses,267.76,4,4.56,6,11,1,1,0.09090909090909091,48.31,0,3,2,1,9,7,1,0,0.8,3.4,Detrator
2158,52158,27,25 a 34 anos,Nordeste,92,Mais de 72 meses,431.56,2,10.09,11,14,3,1,0.21428571428571427,36.02,0,2,0,0,8,4,1,0,1.9,3.4,Detrator
2159,52159,53,45 a 54 anos,Sudeste,94,Mais de 72 meses,848.29,2,29.7,7,8,1,1,0.125,37.02,0,3,0,0,10,3,1,0,3.7,6.1,Detrator
2160,52160,26,25 a 34 anos,Norte,39,25 a 48 meses,454.09,3,38.58,5,9,1,1,0.1111111111111111,30.62,0,1,1,1,3,3,1,0,5.8,7.0,Neutro
2161,52161,18,Até 24 anos,Sudeste,117,Mais de 72 meses,660.3,6,51.57,7,4,2,1,0.5,32.19,0,1,4,1,6,6,1,0,0.5,1.0,Detrator
2162,52162,18,Até 24 anos,Sudeste,105,Mais de 72 meses,396.01,1,112.15,4,13,2,1,0.15384615384615385,44.93,0,2,2,1,9,4,1,0,1.2,7.6,Neutro
2163,52163,26,25 a 34 anos,Sul,12,Até 12 meses,154.21,3,16.65,11,14,2,1,0.14285714285714285,58.18,0,3,2,1,4,6,1,0,2.9,3.0,Detrator
2164,52164,44,35 a 44 anos,Nordeste,35,25 a 48 meses,853.23,2,36.04,1,11,2,1,0.18181818181818182,38.71,0,1,3,1,8,6,1,0,0.4,3.2,Detrator
2165,52165,48,45 a 54 anos,Sul,5,Até 12 meses,298.11,3,14.29,4,6,0,0,0.0,36.42,0,2,3,1,4,4,1,0,4.1,7.9,Neutro
2166,52166,20,Até 24 anos,Centro-Oeste,6,Até 12 meses,327.13,1,53.02,2,4,2,1,0.5,49.03,0,3,2,1,11,5,1,0,0.0,6.6,Detrator
2167,52167,60,55 a 64 anos,Nordeste,37,25 a 48 meses,755.52,4,5.16,9,5,1,1,0.2,40.59,0,2,3,1,9,5,1,0,0.0,5.9,Detrator
2168,52168,36,35 a 44 anos,Nordeste,39,25 a 48 meses,677.21,1,23.64,2,10,3,1,0.3,45.25,0,1,1,1,11,3,1,0,0.0,2.2,Detrator
2169,52169,50,45 a 54 anos,Centro-Oeste,77,Mais de 72 meses,462.99,3,1.92,1,8,0,0,0.0,30.11,0,2,3,1,1,5,1,0,5.7,4.8,Detrator
2170,52170,23,Até 24 anos,Norte,107,Mais de 72 meses,1168.02,3,17.6,7,8,3,1,0.375,40.56,0,1,5,1,1,7,1,0,1.6,3.5,Detrator
2171,52171,43,35 a 44 anos,Nordeste,11,Até 12 meses,591.83,2,23.01,6,2,2,1,1.0,47.96,0,1,2,1,1,4,1,0,5.7,3.9,Detrator
2172,52172,63,55 a 64 anos,Centro-Oeste,47,25 a 48 meses,410.21,4,74.57,4,13,1,1,0.07692307692307693,26.16,0,3,1,1,6,3,1,1,3.8,10.0,Promotor
2173,52173,67,65 anos ou mais,Norte,81,Mais de 72 meses,568.61,3,42.19,4,11,1,1,0.09090909090909091,46.85,0,2,4,1,9,7,1,0,0.4,4.6,Detrator
2174,52174,60,55 a 64 anos,Centro-Oeste,99,Mais de 72 meses,334.15,2,1.42,9,10,2,1,0.2,46.29,0,2,3,1,4,5,1,0,2.1,2.7,Detrator
2175,52175,69,65 anos ou mais,Nordeste,96,Mais de 72 meses,270.6,3,14.26,6,12,2,1,0.16666666666666666,21.52,0,1,6,1,10,8,1,0,0.0,0.3,Detrator
2176,52176,67,65 anos ou mais,Norte,104,Mais de 72 meses,213.17,1,27.89,1,6,0,0,0.0,54.09,0,3,0,0,6,2,1,0,6.0,5.4,Detrator
2177,52177,41,35 a 44 anos,Sul,101,Mais de 72 meses,335.21,3,5.99,10,12,1,1,0.08333333333333333,34.0,0,3,2,1,3,4,1,1,4.8,9.4,Promotor
2178,52178,37,35 a 44 anos,Nordeste,9,Até 12 meses,352.13,4,57.69,7,5,4,1,0.8,36.79,0,2,3,1,2,7,1,0,1.4,2.8,Detrator
2179,52179,69,65 anos ou mais,Norte,112,Mais de 72 meses,705.5,2,22.01,5,7,5,1,0.7142857142857143,46.25,0,1,0,0,4,4,1,0,2.4,2.4,Detrator
2180,52180,69,65 anos ou mais,Nordeste,92,Mais de 72 meses,914.11,2,27.15,2,12,1,1,0.08333333333333333,36.21,0,3,0,0,7,1,1,1,4.3,9.3,Promotor
2181,52181,59,55 a 64 anos,Nordeste,31,25 a 48 meses,587.11,5,7.26,8,6,2,1,0.3333333333333333,21.01,0,1,0,0,2,2,1,0,6.8,5.1,Detrator
2182,52182,30,25 a 34 anos,Norte,91,Mais de 72 meses,202.48,3,23.26,6,4,1,1,0.25,39.75,0,2,1,1,3,3,1,1,6.1,9.6,Promotor
2183,52183,35,35 a 44 anos,Sul,47,25 a 48 meses,194.03,2,66.69,7,4,3,1,0.75,15.05,0,3,1,1,9,5,1,0,0.0,4.4,Detrator
2184,52184,46,45 a 54 anos,Sudeste,76,Mais de 72 meses,246.43,2,15.33,8,5,1,1,0.2,32.31,0,2,0,0,2,5,1,0,7.1,5.3,Detrator
2185,52185,46,45 a 54 anos,Nordeste,92,Mais de 72 meses,355.29,1,10.24,4,13,1,1,0.07692307692307693,41.51,0,1,3,1,1,6,1,0,5.3,6.6,Detrator
2186,52186,58,55 a 64 anos,Centro-Oeste,46,25 a 48 meses,80.57,5,16.79,2,13,2,1,0.15384615384615385,47.61,0,3,3,1,4,6,1,0,2.3,6.2,Detrator
2187,52187,64,55 a 64 anos,Centro-Oeste,114,Mais de 72 meses,183.02,2,5.66,1,8,0,0,0.0,43.89,0,1,1,1,8,2,1,0,4.0,5.0,Detrator
2188,52188,33,25 a 34 anos,Nordeste,20,13 a 24 meses,146.01,2,99.34,5,9,2,1,0.2222222222222222,20.01,0,3,1,1,3,3,1,0,3.6,7.1,Neutro
2189,52189,21,Até 24 anos,Norte,21,13 a 24 meses,1096.16,3,12.13,8,12,3,1,0.25,51.3,0,2,2,1,4,4,1,0,2.7,2.5,Detrator
2190,52190,61,55 a 64 anos,Nordeste,101,Mais de 72 meses,669.42,6,3.74,7,7,1,1,0.14285714285714285,56.54,0,3,2,1,0,3,1,0,7.0,6.8,Detrator
2191,52191,64,55 a 64 anos,Centro-Oeste,20,13 a 24 meses,437.14,3,4.83,11,8,3,1,0.375,34.23,0,1,2,1,1,5,1,0,3.8,1.1,Detrator
2192,52192,47,45 a 54 anos,Sul,17,13 a 24 meses,240.26,1,24.33,5,10,4,1,0.4,45.68,0,1,3,1,9,5,1,0,0.0,0.0,Detrator
2193,52193,28,25 a 34 anos,Nordeste,46,25 a 48 meses,131.35,5,4.92,9,12,0,0,0.0,38.84,0,2,5,1,0,6,1,0,4.7,7.0,Neutro
2194,52194,18,Até 24 anos,Sul,16,13 a 24 meses,212.56,1,17.78,7,9,1,1,0.1111111111111111,60.49,0,1,0,0,0,1,1,1,7.9,8.1,Neutro
2195,52195,64,55 a 64 anos,Sudeste,91,Mais de 72 meses,943.87,2,72.92,11,11,2,1,0.18181818181818182,48.08,0,3,2,1,1,6,1,0,4.5,5.7,Detrator
2196,52196,45,45 a 54 anos,Norte,45,25 a 48 meses,263.29,2,0.29,11,2,2,1,1.0,38.0,0,2,5,1,9,7,1,0,0.0,3.2,Detrator
2197,52197,25,25 a 34 anos,Sudeste,77,Mais de 72 meses,495.99,4,1.15,5,3,2,1,0.6666666666666666,56.66,0,3,1,1,5,3,1,0,3.9,3.5,Detrator
2198,52198,27,25 a 34 anos,Norte,112,Mais de 72 meses,171.07,5,21.51,4,12,5,1,0.4166666666666667,56.26,0,3,1,1,7,4,1,0,0.0,0.7,Detrator
2199,52199,23,Até 24 anos,Sudeste,45,25 a 48 meses,323.6,3,26.73,4,10,3,1,0.3,44.97,0,3,3,1,8,5,1,0,0.0,0.4,Detrator
2200,52200,56,55 a 64 anos,Nordeste,93,Mais de 72 meses,1079.2,4,35.65,9,12,2,1,0.16666666666666666,41.87,0,1,0,0,5,4,1,1,3.8,9.5,Promotor
2201,52201,45,45 a 54 anos,Sul,57,49 a 72 meses,533.08,6,5.45,7,9,1,1,0.1111111111111111,9.67,0,1,5,1,5,8,1,0,1.2,4.3,Detrator
2202,52202,55,55 a 64 anos,Nordeste,86,Mais de 72 meses,252.97,3,19.83,11,13,2,1,0.15384615384615385,30.24,0,1,0,0,7,2,1,0,3.4,5.3,Detrator
2203,52203,32,25 a 34 anos,Nordeste,37,25 a 48 meses,309.42,5,12.45,9,11,1,1,0.09090909090909091,43.55,0,1,3,1,7,6,1,0,2.9,4.1,Detrator
2204,52204,61,55 a 64 anos,Sul,68,49 a 72 meses,400.57,6,6.21,1,5,0,0,0.0,29.36,0,3,0,0,3,1,1,1,8.4,8.1,Neutro
2205,52205,43,35 a 44 anos,Centro-Oeste,97,Mais de 72 meses,313.84,6,10.82,11,7,3,1,0.42857142857142855,18.31,0,2,0,0,1,4,1,0,6.6,5.1,Detrator
2206,52206,56,55 a 64 anos,Norte,64,49 a 72 meses,237.6,1,2.7,3,4,2,1,0.5,40.94,0,1,0,0,7,2,1,0,2.9,6.4,Detrator
2208,52208,64,55 a 64 anos,Centro-Oeste,25,25 a 48 meses,802.36,6,127.73,10,3,0,0,0.0,56.31,0,2,2,1,11,3,1,0,0.9,7.7,Neutro
2209,52209,22,Até 24 anos,Nordeste,79,Mais de 72 meses,412.31,1,115.2,7,8,3,1,0.375,20.64,0,2,1,1,3,4,1,0,4.4,3.7,Detrator
2211,52211,57,55 a 64 anos,Sudeste,48,25 a 48 meses,922.81,4,18.2,9,11,1,1,0.09090909090909091,39.85,0,1,2,1,10,5,1,0,0.9,5.2,Detrator
2213,52213,35,35 a 44 anos,Sul,52,49 a 72 meses,494.35,1,4.78,9,9,4,1,0.4444444444444444,46.28,0,3,1,1,10,4,1,0,0.0,0.1,Detrator
2215,52215,46,45 a 54 anos,Centro-Oeste,110,Mais de 72 meses,624.01,5,53.09,2,8,1,1,0.125,49.39,0,1,0,0,8,3,1,0,3.2,5.7,Detrator
2216,52216,41,35 a 44 anos,Centro-Oeste,80,Mais de 72 meses,244.92,6,0.38,2,7,5,1,0.7142857142857143,48.26,0,2,2,1,8,6,1,0,0.0,1.3,Detrator
2217,52217,35,35 a 44 anos,Norte,37,25 a 48 meses,106.19,6,67.64,8,5,2,1,0.4,30.83,0,1,1,1,8,4,1,0,1.1,2.9,Detrator
2218,52218,68,65 anos ou mais,Centro-Oeste,35,25 a 48 meses,272.27,2,45.75,1,2,2,1,1.0,44.38,0,1,0,0,2,1,1,1,6.0,8.4,Neutro
2219,52219,34,25 a 34 anos,Nordeste,45,25 a 48 meses,209.19,3,1.25,9,12,0,0,0.0,45.8,0,2,3,1,4,5,1,0,5.5,4.7,Detrator
2220,52220,57,55 a 64 anos,Sul,79,Mais de 72 meses,148.33,3,14.65,2,12,5,1,0.4166666666666667,19.29,0,1,0,0,9,4,1,0,0.0,0.2,Detrator
2221,52221,49,45 a 54 anos,Nordeste,64,49 a 72 meses,372.5,3,8.61,11,9,2,1,0.2222222222222222,33.01,0,3,3,1,1,7,1,0,3.6,6.4,Detrator
2222,52222,53,45 a 54 anos,Nordeste,52,49 a 72 meses,339.06,3,35.84,3,8,1,1,0.125,42.91,0,1,2,1,7,4,1,0,2.2,6.0,Detrator
2223,52223,23,Até 24 anos,Norte,11,Até 12 meses,716.94,2,47.16,6,10,2,1,0.2,48.38,0,1,0,0,3,4,1,0,6.6,7.0,Neutro
2225,52225,33,25 a 34 anos,Centro-Oeste,70,49 a 72 meses,125.83,3,70.22,1,2,0,0,0.0,30.99,0,3,1,1,0,1,1,1,8.1,9.2,Promotor
2226,52226,54,45 a 54 anos,Sudeste,16,13 a 24 meses,392.77,6,4.25,1,14,4,1,0.2857142857142857,48.55,0,2,2,1,7,4,1,0,0.0,4.4,Detrator
2227,52227,27,25 a 34 anos,Centro-Oeste,103,Mais de 72 meses,139.01,1,65.76,9,5,0,0,0.0,39.19,0,1,1,1,8,3,1,0,3.2,3.2,Detrator
2228,52228,59,55 a 64 anos,Sul,34,25 a 48 meses,58.08,1,10.26,3,3,3,1,1.0,43.88,0,1,1,1,2,2,1,0,4.5,6.4,Detrator
2229,52229,45,45 a 54 anos,Sul,113,Mais de 72 meses,511.39,6,22.93,2,10,0,0,0.0,30.45,0,3,0,0,7,2,1,0,5.8,4.6,Detrator
2230,52230,60,55 a 64 anos,Sul,29,25 a 48 meses,594.53,4,7.83,11,14,3,1,0.21428571428571427,38.83,0,3,2,1,7,5,1,0,0.5,2.9,Detrator
2231,52231,25,25 a 34 anos,Sudeste,112,Mais de 72 meses,461.41,5,109.28,1,11,3,1,0.2727272727272727,42.34,0,2,0,0,7,4,1,0,1.7,5.5,Detrator
2232,52232,44,35 a 44 anos,Norte,64,49 a 72 meses,397.4,4,55.68,5,11,1,1,0.09090909090909091,47.16,0,3,2,1,8,5,1,0,1.7,3.2,Detrator
2233,52233,54,45 a 54 anos,Nordeste,34,25 a 48 meses,149.63,5,70.5,10,14,4,1,0.2857142857142857,17.88,0,2,3,1,11,6,1,0,0.0,0.0,Detrator
2234,52234,59,55 a 64 anos,Sul,93,Mais de 72 meses,592.11,4,84.81,1,4,2,1,0.5,25.85,0,1,3,1,2,5,1,0,2.9,2.8,Detrator
2235,52235,60,55 a 64 anos,Sul,97,Mais de 72 meses,1363.98,1,26.4,8,10,2,1,0.2,23.61,0,2,3,1,8,4,1,0,0.1,7.0,Neutro
2237,52237,59,55 a 64 anos,Nordeste,65,49 a 72 meses,420.19,2,25.33,7,4,4,1,1.0,48.75,0,2,2,1,2,6,1,0,2.5,3.2,Detrator
2238,52238,44,35 a 44 anos,Sul,45,25 a 48 meses,277.26,3,54.44,6,8,3,1,0.375,42.2,0,3,3,1,8,7,1,0,0.0,1.6,Detrator
2239,52239,35,35 a 44 anos,Nordeste,88,Mais de 72 meses,604.68,1,9.47,3,3,3,1,1.0,41.71,0,1,2,1,9,5,1,0,0.0,2.0,Detrator
2240,52240,20,Até 24 anos,Sudeste,60,49 a 72 meses,510.24,1,39.35,10,13,1,1,0.07692307692307693,49.11,0,2,4,1,9,8,1,0,1.0,2.3,Detrator
2241,52241,51,45 a 54 anos,Nordeste,23,13 a 24 meses,328.82,1,0.75,7,13,0,0,0.0,47.72,0,1,0,0,5,0,0,1,6.6,8.1,Neutro
2242,52242,30,25 a 34 anos,Sul,113,Mais de 72 meses,526.69,5,10.9,9,13,5,1,0.38461538461538464,45.11,0,1,1,1,2,5,1,0,1.2,0.0,Detrator
2245,52245,52,45 a 54 anos,Nordeste,22,13 a 24 meses,721.52,4,111.71,1,3,1,1,0.3333333333333333,16.65,0,1,0,0,8,4,1,0,3.8,4.8,Detrator
2246,52246,68,65 anos ou mais,Sul,118,Mais de 72 meses,352.41,6,46.65,2,2,2,1,1.0,29.6,0,1,2,1,11,4,1,0,0.0,5.1,Detrator
2247,52247,65,65 anos ou mais,Nordeste,63,49 a 72 meses,373.68,2,18.85,3,13,1,1,0.07692307692307693,34.5,0,1,1,1,1,3,1,0,5.7,7.9,Neutro
2248,52248,67,65 anos ou mais,Sul,22,13 a 24 meses,1231.91,5,27.43,7,10,1,1,0.1,67.91,0,3,4,1,8,6,1,0,0.0,4.2,Detrator
2249,52249,46,45 a 54 anos,Sul,100,Mais de 72 meses,334.05,3,8.24,1,6,0,0,0.0,51.93,0,1,2,1,6,3,1,0,3.8,3.8,Detrator
2250,52250,32,25 a 34 anos,Norte,44,25 a 48 meses,58.49,5,18.62,4,5,0,0,0.0,29.77,0,3,1,1,7,4,1,0,4.2,6.8,Detrator
2251,52251,47,45 a 54 anos,Centro-Oeste,45,25 a 48 meses,283.67,5,2.08,8,8,4,1,0.5,51.2,0,2,2,1,1,7,1,0,2.1,1.4,Detrator
2252,52252,30,25 a 34 anos,Norte,108,Mais de 72 meses,672.26,6,1.12,8,9,0,0,0.0,64.07,0,3,1,1,7,3,1,1,4.2,8.0,Neutro
2253,52253,61,55 a 64 anos,Sul,52,49 a 72 meses,80.93,5,39.04,4,7,2,1,0.2857142857142857,46.99,0,2,3,1,6,5,1,0,1.9,4.0,Detrator
2254,52254,29,25 a 34 anos,Norte,89,Mais de 72 meses,1196.04,1,11.73,9,13,2,1,0.15384615384615385,51.78,0,2,0,0,4,2,1,0,5.1,4.9,Detrator
2255,52255,39,35 a 44 anos,Nordeste,15,13 a 24 meses,290.71,5,63.27,11,3,1,1,0.3333333333333333,40.71,0,3,1,1,9,3,1,0,2.4,4.8,Detrator
2256,52256,23,Até 24 anos,Centro-Oeste,4,Até 12 meses,320.58,5,17.96,10,10,3,1,0.3,36.7,0,2,2,1,0,5,1,0,4.5,4.8,Detrator
2257,52257,24,Até 24 anos,Nordeste,25,25 a 48 meses,432.46,2,19.32,10,9,4,1,0.4444444444444444,45.81,0,1,2,1,8,4,1,0,0.0,4.4,Detrator
2258,52258,47,45 a 54 anos,Sul,43,25 a 48 meses,280.34,2,3.04,8,3,2,1,0.6666666666666666,41.72,0,3,1,1,4,4,1,0,4.9,6.8,Detrator
2259,52259,49,45 a 54 anos,Norte,78,Mais de 72 meses,378.25,3,9.49,9,6,1,1,0.16666666666666666,41.39,0,1,4,1,0,6,1,0,4.5,6.6,Detrator
2260,52260,55,55 a 64 anos,Centro-Oeste,82,Mais de 72 meses,621.1,2,53.62,10,2,1,1,0.5,37.52,0,2,1,1,5,3,1,0,3.5,5.9,Detrator
2261,52261,18,Até 24 anos,Sul,75,Mais de 72 meses,374.21,1,56.94,4,12,4,1,0.3333333333333333,65.91,0,3,1,1,2,5,1,0,3.3,1.3,Detrator
2262,52262,53,45 a 54 anos,Sul,31,25 a 48 meses,685.38,2,17.01,10,7,2,1,0.2857142857142857,39.49,0,2,1,1,6,6,1,0,2.5,4.9,Detrator
2263,52263,44,35 a 44 anos,Sul,119,Mais de 72 meses,288.94,2,42.7,5,3,2,1,0.6666666666666666,42.4,0,1,2,1,0,4,1,0,5.2,6.0,Detrator
2264,52264,67,65 anos ou mais,Centro-Oeste,111,Mais de 72 meses,890.41,5,22.59,4,4,1,1,0.25,26.86,0,2,0,0,2,2,1,1,7.0,8.1,Neutro
2266,52266,66,65 anos ou mais,Centro-Oeste,79,Mais de 72 meses,290.63,1,16.14,5,7,3,1,0.42857142857142855,47.3,0,2,1,1,3,4,1,0,4.0,3.8,Detrator
2267,52267,61,55 a 64 anos,Nordeste,93,Mais de 72 meses,370.87,5,86.64,9,14,2,1,0.14285714285714285,49.0,0,1,0,0,9,3,1,0,1.7,4.6,Detrator
2268,52268,29,25 a 34 anos,Norte,65,49 a 72 meses,287.69,5,59.09,2,11,1,1,0.09090909090909091,52.98,0,3,0,0,8,4,1,0,3.2,5.5,Detrator
2269,52269,56,55 a 64 anos,Sul,84,Mais de 72 meses,524.14,6,10.92,11,4,3,1,0.75,19.93,0,2,1,1,2,3,1,0,5.0,2.7,Detrator
2270,52270,23,Até 24 anos,Sul,3,Até 12 meses,239.37,4,42.56,10,12,0,0,0.0,35.2,0,3,2,1,10,4,1,0,2.4,3.6,Detrator
2271,52271,56,55 a 64 anos,Sul,60,49 a 72 meses,418.61,3,13.11,2,8,2,1,0.25,33.62,0,2,4,1,8,6,1,0,0.0,6.0,Detrator
2272,52272,41,35 a 44 anos,Centro-Oeste,92,Mais de 72 meses,478.47,2,0.91,10,4,2,1,0.5,34.62,0,3,2,1,7,4,1,0,1.0,3.7,Detrator
2273,52273,21,Até 24 anos,Norte,103,Mais de 72 meses,526.18,4,38.15,9,2,1,1,0.5,41.84,0,1,0,0,11,6,1,0,1.8,5.8,Detrator
2274,52274,21,Até 24 anos,Norte,88,Mais de 72 meses,136.36,4,49.98,4,8,2,1,0.25,31.54,0,3,3,1,10,5,1,0,0.0,2.5,Detrator
2275,52275,57,55 a 64 anos,Sudeste,13,13 a 24 meses,616.79,3,25.92,8,5,1,1,0.2,27.96,0,1,3,1,1,8,1,0,5.3,4.4,Detrator
2276,52276,21,Até 24 anos,Sudeste,53,49 a 72 meses,86.61,3,24.56,6,2,1,1,0.5,37.32,0,3,0,0,11,1,1,0,0.9,6.7,Detrator
2277,52277,34,25 a 34 anos,Sudeste,96,Mais de 72 meses,133.78,1,57.6,2,12,3,1,0.25,53.78,0,3,0,0,2,3,1,0,5.6,7.9,Neutro
2278,52278,39,35 a 44 anos,Sul,74,Mais de 72 meses,146.24,1,51.07,11,13,4,1,0.3076923076923077,24.21,0,3,1,1,11,3,1,0,0.0,1.8,Detrator
2279,52279,44,35 a 44 anos,Sul,95,Mais de 72 meses,340.32,6,78.89,3,4,1,1,0.25,53.0,0,3,4,1,7,6,1,0,0.1,2.0,Detrator
2280,52280,26,25 a 34 anos,Norte,116,Mais de 72 meses,52.28,5,5.51,3,5,4,1,0.8,32.86,0,3,1,1,2,4,1,0,2.9,3.0,Detrator
2281,52281,42,35 a 44 anos,Sul,57,49 a 72 meses,327.87,4,3.25,8,14,0,0,0.0,39.05,0,1,2,1,7,3,1,1,3.7,8.4,Neutro
2282,52282,53,45 a 54 anos,Sudeste,106,Mais de 72 meses,273.2,6,10.77,1,12,4,1,0.3333333333333333,54.32,0,1,1,1,4,4,1,0,2.2,5.3,Detrator
2283,52283,59,55 a 64 anos,Centro-Oeste,1,Até 12 meses,418.21,1,35.41,7,13,1,1,0.07692307692307693,28.19,0,1,4,1,0,6,1,0,4.8,5.9,Detrator
2284,52284,55,55 a 64 anos,Norte,77,Mais de 72 meses,476.96,4,25.64,7,11,4,1,0.36363636363636365,31.34,0,3,1,1,2,3,1,0,3.0,5.2,Detrator
2285,52285,55,55 a 64 anos,Sul,21,13 a 24 meses,187.18,3,2.86,10,6,1,1,0.16666666666666666,35.7,0,3,3,1,4,6,1,0,3.0,1.4,Detrator
2286,52286,46,45 a 54 anos,Norte,90,Mais de 72 meses,460.54,5,6.15,3,13,3,1,0.23076923076923078,40.54,0,3,1,1,6,3,1,0,2.4,1.3,Detrator
2287,52287,21,Até 24 anos,Norte,56,49 a 72 meses,635.34,3,8.93,10,9,2,1,0.2222222222222222,37.2,0,3,0,0,9,3,1,0,2.2,4.4,Detrator
2288,52288,35,35 a 44 anos,Sudeste,80,Mais de 72 meses,418.01,3,3.68,6,4,2,1,0.5,36.99,0,3,0,0,8,5,1,0,3.6,5.3,Detrator
2289,52289,32,25 a 34 anos,Nordeste,56,49 a 72 meses,845.59,1,19.17,8,11,3,1,0.2727272727272727,46.97,0,2,0,0,6,2,1,0,3.4,5.2,Detrator
2290,52290,44,35 a 44 anos,Centro-Oeste,117,Mais de 72 meses,439.15,5,7.47,9,5,1,1,0.2,42.41,0,2,3,1,1,4,1,0,5.3,7.4,Neutro
2291,52291,52,45 a 54 anos,Norte,118,Mais de 72 meses,441.65,3,17.45,9,6,2,1,0.3333333333333333,23.52,0,1,3,1,6,6,1,0,0.4,0.7,Detrator
2292,52292,69,65 anos ou mais,Sul,21,13 a 24 meses,456.68,1,7.54,1,5,2,1,0.4,45.04,0,1,1,1,9,3,1,0,1.4,4.1,Detrator
2293,52293,28,25 a 34 anos,Nordeste,69,49 a 72 meses,507.04,4,33.01,8,14,1,1,0.07142857142857142,37.46,0,3,1,1,3,3,1,1,6.2,9.5,Promotor
2294,52294,53,45 a 54 anos,Sul,61,49 a 72 meses,815.37,4,8.04,3,12,1,1,0.08333333333333333,45.49,0,2,0,0,11,1,1,1,2.4,10.0,Promotor
2295,52295,25,25 a 34 anos,Sul,27,25 a 48 meses,718.7,4,46.23,7,10,3,1,0.3,27.76,0,2,0,0,11,2,1,0,0.0,6.8,Detrator
2296,52296,45,45 a 54 anos,Sudeste,104,Mais de 72 meses,76.67,5,59.56,2,10,1,1,0.1,22.61,0,2,1,1,4,7,1,0,4.3,6.4,Detrator
2297,52297,55,55 a 64 anos,Centro-Oeste,69,49 a 72 meses,279.97,2,27.58,5,3,1,1,0.3333333333333333,25.79,0,1,0,0,3,1,1,1,6.8,8.9,Neutro
2298,52298,67,65 anos ou mais,Nordeste,39,25 a 48 meses,326.8,3,0.51,2,9,5,1,0.5555555555555556,22.39,0,3,0,0,4,4,1,0,1.6,2.5,Detrator
2299,52299,18,Até 24 anos,Sul,71,49 a 72 meses,263.81,4,14.5,9,7,2,1,0.2857142857142857,28.72,0,3,0,0,7,1,1,0,3.0,6.0,Detrator
2300,52300,45,45 a 54 anos,Nordeste,37,25 a 48 meses,367.39,2,6.45,3,2,1,1,0.5,40.54,0,2,2,1,4,6,1,0,4.5,3.4,Detrator
2301,52301,22,Até 24 anos,Centro-Oeste,71,49 a 72 meses,706.42,5,61.23,5,4,0,0,0.0,24.83,0,3,1,1,3,1,1,1,7.0,9.7,Promotor
2302,52302,30,25 a 34 anos,Sul,36,25 a 48 meses,150.82,1,37.19,4,8,5,1,0.625,34.03,0,1,1,1,9,3,1,0,0.0,0.0,Detrator
2303,52303,61,55 a 64 anos,Centro-Oeste,56,49 a 72 meses,252.64,1,60.18,4,9,1,1,0.1111111111111111,37.88,0,3,5,1,5,7,1,0,0.1,5.6,Detrator
2304,52304,22,Até 24 anos,Norte,19,13 a 24 meses,307.3,6,7.7,7,9,3,1,0.3333333333333333,20.07,0,1,1,1,6,4,1,0,2.8,5.8,Detrator
2305,52305,35,35 a 44 anos,Sul,24,13 a 24 meses,496.12,3,39.54,11,14,3,1,0.21428571428571427,34.2,0,2,2,1,11,6,1,0,0.0,2.5,Detrator
2306,52306,50,45 a 54 anos,Norte,20,13 a 24 meses,375.96,5,1.03,7,11,1,1,0.09090909090909091,28.12,0,1,0,0,6,1,1,0,5.0,6.6,Detrator
2307,52307,19,Até 24 anos,Sul,91,Mais de 72 meses,288.4,5,88.04,7,12,1,1,0.08333333333333333,48.47,0,2,2,1,5,5,1,1,3.1,8.3,Neutro
2308,52308,40,35 a 44 anos,Nordeste,6,Até 12 meses,1113.42,2,3.15,2,14,2,1,0.14285714285714285,53.98,0,3,3,1,3,6,1,0,2.3,1.8,Detrator
2309,52309,20,Até 24 anos,Nordeste,72,49 a 72 meses,151.87,2,11.27,9,13,2,1,0.15384615384615385,32.5,0,3,1,1,9,5,1,0,0.9,4.1,Detrator
2310,52310,34,25 a 34 anos,Sul,88,Mais de 72 meses,309.13,5,38.91,8,9,5,1,0.5555555555555556,36.58,0,3,4,1,5,6,1,0,0.0,1.8,Detrator
2311,52311,47,45 a 54 anos,Nordeste,57,49 a 72 meses,145.44,1,22.4,11,8,3,1,0.375,47.93,0,1,4,1,6,7,1,0,0.0,0.0,Detrator
2312,52312,48,45 a 54 anos,Sudeste,86,Mais de 72 meses,224.19,4,69.2,9,13,2,1,0.15384615384615385,17.73,0,1,0,0,1,2,1,0,6.8,5.8,Detrator
2313,52313,26,25 a 34 anos,Norte,75,Mais de 72 meses,519.09,5,83.58,4,11,5,1,0.45454545454545453,40.47,0,2,0,0,0,5,1,0,4.7,4.5,Detrator
2314,52314,27,25 a 34 anos,Sul,86,Mais de 72 meses,192.11,6,1.73,9,12,3,1,0.25,18.17,0,3,1,1,8,3,1,0,0.0,4.5,Detrator
2315,52315,26,25 a 34 anos,Sul,98,Mais de 72 meses,1035.5,3,103.61,9,14,1,1,0.07142857142857142,58.89,0,2,3,1,2,6,1,0,4.4,5.2,Detrator
2316,52316,47,45 a 54 anos,Sul,99,Mais de 72 meses,76.13,1,20.98,7,14,6,1,0.42857142857142855,23.08,0,1,2,1,3,5,1,0,0.0,0.3,Detrator
2317,52317,37,35 a 44 anos,Nordeste,33,25 a 48 meses,733.45,2,16.67,4,2,1,1,0.5,30.35,0,2,5,1,2,8,1,0,2.5,3.7,Detrator
2318,52318,67,65 anos ou mais,Sudeste,83,Mais de 72 meses,190.88,3,9.64,8,4,2,1,0.5,15.11,0,2,2,1,3,7,1,0,4.6,6.3,Detrator
2319,52319,63,55 a 64 anos,Centro-Oeste,87,Mais de 72 meses,157.43,2,13.09,10,11,0,0,0.0,47.54,0,1,1,1,1,3,1,0,7.5,7.3,Neutro
2320,52320,67,65 anos ou mais,Sudeste,111,Mais de 72 meses,422.86,5,33.25,3,14,2,1,0.14285714285714285,43.08,0,1,1,1,8,4,1,0,1.9,0.7,Detrator
2321,52321,23,Até 24 anos,Centro-Oeste,107,Mais de 72 meses,341.46,6,13.26,1,13,1,1,0.07692307692307693,17.36,0,2,2,1,8,5,1,0,2.8,5.4,Detrator
2322,52322,55,55 a 64 anos,Nordeste,14,13 a 24 meses,369.18,4,5.44,4,7,3,1,0.42857142857142855,51.16,0,3,1,1,1,4,1,0,4.9,2.6,Detrator
2323,52323,49,45 a 54 anos,Centro-Oeste,2,Até 12 meses,404.4,6,30.7,8,9,3,1,0.3333333333333333,28.47,0,3,1,1,7,4,1,0,0.8,5.1,Detrator
2324,52324,38,35 a 44 anos,Centro-Oeste,110,Mais de 72 meses,844.24,6,18.37,3,4,1,1,0.25,39.89,0,1,2,1,4,4,1,0,4.9,5.8,Detrator
2325,52325,43,35 a 44 anos,Sudeste,72,49 a 72 meses,526.01,3,0.14,10,9,4,1,0.4444444444444444,40.57,0,3,0,0,7,4,1,0,1.4,2.8,Detrator
2326,52326,37,35 a 44 anos,Norte,35,25 a 48 meses,334.58,6,42.75,5,4,1,1,0.25,63.36,0,3,1,1,11,2,1,0,1.9,6.7,Detrator
2327,52327,52,45 a 54 anos,Nordeste,93,Mais de 72 meses,254.79,6,96.14,6,8,1,1,0.125,52.02,0,1,0,0,11,3,1,0,1.4,5.6,Detrator
2328,52328,65,65 anos ou mais,Sudeste,115,Mais de 72 meses,263.6,4,30.95,5,13,2,1,0.15384615384615385,27.83,0,2,2,1,6,6,1,0,1.0,4.1,Detrator
2329,52329,29,25 a 34 anos,Norte,80,Mais de 72 meses,519.93,2,47.35,4,8,3,1,0.375,35.74,0,2,1,1,1,3,1,0,5.4,4.8,Detrator
2330,52330,53,45 a 54 anos,Nordeste,88,Mais de 72 meses,197.32,5,22.76,6,3,3,1,1.0,29.48,0,1,0,0,9,3,1,0,1.8,4.8,Detrator
2332,52332,48,45 a 54 anos,Centro-Oeste,101,Mais de 72 meses,560.33,2,6.72,8,9,3,1,0.3333333333333333,23.73,0,2,1,1,11,4,1,0,0.0,4.0,Detrator
2333,52333,20,Até 24 anos,Norte,22,13 a 24 meses,346.33,6,42.01,9,12,4,1,0.3333333333333333,57.96,0,3,0,0,8,6,1,0,0.7,2.0,Detrator
2334,52334,25,25 a 34 anos,Norte,28,25 a 48 meses,489.75,6,48.15,10,13,3,1,0.23076923076923078,39.18,0,2,0,0,1,3,1,0,5.4,4.1,Detrator
2335,52335,62,55 a 64 anos,Norte,105,Mais de 72 meses,168.94,1,43.55,9,8,0,0,0.0,38.35,0,3,2,1,9,5,1,0,1.3,5.8,Detrator
2336,52336,37,35 a 44 anos,Centro-Oeste,21,13 a 24 meses,317.48,4,43.07,10,7,2,1,0.2857142857142857,51.39,0,3,0,0,8,2,1,0,4.2,4.9,Detrator
2337,52337,36,35 a 44 anos,Centro-Oeste,29,25 a 48 meses,454.27,1,25.69,6,13,1,1,0.07692307692307693,32.84,0,1,1,1,5,3,1,0,4.5,4.9,Detrator
2338,52338,23,Até 24 anos,Sudeste,9,Até 12 meses,481.75,2,68.52,8,11,4,1,0.36363636363636365,31.16,0,3,1,1,5,6,1,0,1.0,0.9,Detrator
2339,52339,20,Até 24 anos,Sudeste,31,25 a 48 meses,124.88,6,51.18,11,10,1,1,0.1,33.27,0,3,2,1,5,4,1,0,3.0,2.7,Detrator
2340,52340,67,65 anos ou mais,Sul,100,Mais de 72 meses,558.59,5,24.16,7,8,4,1,0.5,22.29,0,1,3,1,0,6,1,0,2.6,3.6,Detrator
2341,52341,48,45 a 54 anos,Centro-Oeste,93,Mais de 72 meses,371.07,2,31.87,9,2,1,1,0.5,29.04,0,3,3,1,2,6,1,0,4.7,7.2,Neutro
2343,52343,58,55 a 64 anos,Nordeste,73,Mais de 72 meses,171.4,5,50.19,7,11,2,1,0.18181818181818182,24.77,0,3,1,1,0,4,1,0,6.9,5.4,Detrator
2344,52344,67,65 anos ou mais,Norte,20,13 a 24 meses,87.08,2,15.68,1,6,1,1,0.16666666666666666,53.79,0,3,1,1,3,3,1,0,5.3,7.1,Neutro
2345,52345,26,25 a 34 anos,Nordeste,44,25 a 48 meses,241.36,6,30.81,4,3,3,1,1.0,27.19,0,3,0,0,6,2,1,1,2.9,9.2,Promotor
2346,52346,47,45 a 54 anos,Sudeste,5,Até 12 meses,678.12,4,42.24,7,10,2,1,0.2,27.72,0,1,0,0,10,3,1,0,1.8,4.9,Detrator
2347,52347,21,Até 24 anos,Centro-Oeste,114,Mais de 72 meses,386.8,2,35.69,1,10,0,0,0.0,28.99,0,1,0,0,8,0,0,1,5.2,10.0,Promotor
2348,52348,35,35 a 44 anos,Sudeste,62,49 a 72 meses,249.43,6,19.09,9,9,2,1,0.2222222222222222,40.37,0,2,5,1,0,7,1,0,2.8,2.6,Detrator
2349,52349,36,35 a 44 anos,Sul,23,13 a 24 meses,403.06,5,60.79,11,9,3,1,0.3333333333333333,55.27,0,1,4,1,4,6,1,0,0.5,2.3,Detrator
2350,52350,31,25 a 34 anos,Sul,42,25 a 48 meses,190.64,2,32.96,9,3,1,1,0.3333333333333333,39.15,0,3,0,0,10,6,1,0,2.6,4.4,Detrator
2351,52351,55,55 a 64 anos,Nordeste,67,49 a 72 meses,424.12,1,34.38,4,13,3,1,0.23076923076923078,41.34,0,3,0,0,0,1,1,0,6.2,6.1,Detrator
2352,52352,19,Até 24 anos,Nordeste,114,Mais de 72 meses,153.61,3,32.96,8,4,1,1,0.25,42.81,0,3,0,0,1,3,1,0,7.6,4.9,Detrator
2353,52353,62,55 a 64 anos,Sul,102,Mais de 72 meses,246.26,6,104.4,9,4,1,1,0.25,32.01,0,1,2,1,2,5,1,0,5.0,5.2,Detrator
2354,52354,28,25 a 34 anos,Norte,115,Mais de 72 meses,208.24,3,1.81,6,4,3,1,0.75,5.93,0,1,4,1,10,8,1,0,0.0,2.0,Detrator
2355,52355,46,45 a 54 anos,Nordeste,11,Até 12 meses,699.71,5,85.83,10,5,2,1,0.4,50.87,0,3,1,1,6,2,1,0,4.7,6.6,Detrator
2356,52356,54,45 a 54 anos,Sul,13,13 a 24 meses,716.05,1,11.77,7,11,6,1,0.5454545454545454,63.44,0,3,5,1,1,10,1,0,0.0,0.7,Detrator
2357,52357,66,65 anos ou mais,Centro-Oeste,75,Mais de 72 meses,281.48,3,32.89,10,12,2,1,0.16666666666666666,50.8,0,2,2,1,1,4,1,0,5.0,4.6,Detrator
2358,52358,63,55 a 64 anos,Sul,7,Até 12 meses,710.01,4,1.14,11,11,2,1,0.18181818181818182,33.22,0,3,0,0,9,1,1,1,2.8,9.9,Promotor
2359,52359,65,65 anos ou mais,Norte,34,25 a 48 meses,570.71,4,51.49,11,14,2,1,0.14285714285714285,41.51,0,3,3,1,5,6,1,0,1.4,2.9,Detrator
2360,52360,59,55 a 64 anos,Sul,45,25 a 48 meses,338.64,6,5.86,8,8,1,1,0.125,35.58,0,1,2,1,4,5,1,0,4.8,5.0,Detrator
2361,52361,45,45 a 54 anos,Centro-Oeste,42,25 a 48 meses,897.72,6,10.46,10,4,0,0,0.0,44.64,0,3,4,1,0,9,1,0,6.5,3.9,Detrator
2362,52362,38,35 a 44 anos,Sudeste,54,49 a 72 meses,778.11,2,57.87,4,9,2,1,0.2222222222222222,28.0,0,1,1,1,0,4,1,0,6.0,5.2,Detrator
2363,52363,42,35 a 44 anos,Norte,88,Mais de 72 meses,224.97,4,49.87,1,3,1,1,0.3333333333333333,32.55,0,2,2,1,1,4,1,0,5.9,2.9,Detrator
2364,52364,30,25 a 34 anos,Nordeste,23,13 a 24 meses,728.83,1,47.62,10,4,0,0,0.0,46.28,0,1,2,1,1,2,1,1,6.8,9.1,Promotor
2365,52365,37,35 a 44 anos,Sudeste,5,Até 12 meses,526.86,2,9.22,7,10,0,0,0.0,57.65,0,3,2,1,10,3,1,0,1.3,6.1,Detrator
2366,52366,56,55 a 64 anos,Nordeste,63,49 a 72 meses,927.18,1,20.25,4,12,1,1,0.08333333333333333,41.54,0,2,1,1,6,2,1,1,3.7,8.2,Neutro
2367,52367,51,45 a 54 anos,Centro-Oeste,71,49 a 72 meses,660.28,1,7.44,2,13,2,1,0.15384615384615385,38.91,0,2,1,1,1,5,1,0,6.8,7.3,Neutro
2368,52368,56,55 a 64 anos,Centro-Oeste,98,Mais de 72 meses,1265.74,6,14.08,9,3,3,1,1.0,43.12,0,1,1,1,1,4,1,0,5.2,6.7,Detrator
2369,52369,62,55 a 64 anos,Norte,111,Mais de 72 meses,164.97,2,106.39,6,12,7,1,0.5833333333333334,44.19,0,3,1,1,8,3,1,0,0.0,0.0,Detrator
2370,52370,25,25 a 34 anos,Sudeste,98,Mais de 72 meses,335.88,6,4.24,2,11,1,1,0.09090909090909091,44.77,0,2,2,1,6,7,1,0,3.3,4.3,Detrator
2371,52371,36,35 a 44 anos,Norte,52,49 a 72 meses,1578.5,2,46.19,8,6,3,1,0.5,23.67,0,1,1,1,11,4,1,0,0.0,2.1,Detrator
2372,52372,22,Até 24 anos,Nordeste,73,Mais de 72 meses,355.16,6,14.01,6,14,0,0,0.0,32.72,0,2,1,1,2,1,1,1,7.9,8.6,Neutro
2373,52373,56,55 a 64 anos,Norte,12,Até 12 meses,270.95,3,15.04,1,12,5,1,0.4166666666666667,49.38,0,3,0,0,8,2,1,0,0.0,3.2,Detrator
2374,52374,41,35 a 44 anos,Sudeste,13,13 a 24 meses,512.99,3,12.4,9,13,1,1,0.07692307692307693,57.34,0,1,0,0,2,2,1,0,7.6,5.9,Detrator
2375,52375,48,45 a 54 anos,Sul,65,49 a 72 meses,355.45,3,1.37,7,11,2,1,0.18181818181818182,33.63,0,2,0,0,2,2,1,0,6.7,5.0,Detrator
2376,52376,39,35 a 44 anos,Sudeste,77,Mais de 72 meses,251.73,3,7.03,4,2,2,1,1.0,53.06,0,3,1,1,9,3,1,0,0.9,5.1,Detrator
2377,52377,56,55 a 64 anos,Sul,4,Até 12 meses,609.18,4,1.58,3,9,1,1,0.1111111111111111,35.78,0,3,1,1,7,5,1,0,2.3,2.0,Detrator
2378,52378,53,45 a 54 anos,Centro-Oeste,37,25 a 48 meses,141.02,3,25.22,4,10,3,1,0.3,36.59,0,1,2,1,10,5,1,0,0.0,2.6,Detrator
2379,52379,69,65 anos ou mais,Centro-Oeste,28,25 a 48 meses,181.62,5,10.83,8,6,0,0,0.0,49.81,0,3,3,1,7,5,1,0,2.8,7.3,Neutro
2380,52380,37,35 a 44 anos,Nordeste,51,49 a 72 meses,689.71,6,28.16,11,12,1,1,0.08333333333333333,42.06,0,3,2,1,9,6,1,0,1.7,3.9,Detrator
2381,52381,61,55 a 64 anos,Norte,68,49 a 72 meses,800.1,6,36.41,6,8,0,0,0.0,32.97,0,3,0,0,11,0,0,1,2.3,9.4,Promotor
2382,52382,55,55 a 64 anos,Sudeste,79,Mais de 72 meses,110.88,2,91.27,1,14,1,1,0.07142857142857142,45.45,0,2,1,1,4,4,1,0,5.6,5.0,Detrator
2383,52383,32,25 a 34 anos,Nordeste,74,Mais de 72 meses,553.97,3,10.81,10,10,3,1,0.3,17.59,0,3,2,1,0,5,1,0,4.9,1.1,Detrator
2384,52384,18,Até 24 anos,Sul,60,49 a 72 meses,116.2,1,18.8,1,3,2,1,0.6666666666666666,37.16,0,3,2,1,4,5,1,0,4.1,3.6,Detrator
2385,52385,18,Até 24 anos,Sul,84,Mais de 72 meses,777.07,3,15.61,5,6,0,0,0.0,41.61,0,2,3,1,1,5,1,0,6.1,6.0,Detrator
2386,52386,21,Até 24 anos,Sul,108,Mais de 72 meses,683.39,2,55.47,10,12,4,1,0.3333333333333333,50.04,0,1,2,1,7,5,1,0,0.0,2.1,Detrator
2387,52387,67,65 anos ou mais,Sudeste,80,Mais de 72 meses,698.88,4,40.52,10,4,2,1,0.5,57.85,0,1,0,0,5,3,1,0,4.2,7.1,Neutro
2388,52388,68,65 anos ou mais,Nordeste,100,Mais de 72 meses,1043.98,5,22.48,8,7,3,1,0.42857142857142855,46.3,0,1,0,0,4,3,1,0,3.7,4.8,Detrator
2389,52389,47,45 a 54 anos,Norte,108,Mais de 72 meses,400.25,5,0.08,7,3,3,1,1.0,48.96,0,2,2,1,1,4,1,0,4.0,6.1,Detrator
2391,52391,24,Até 24 anos,Nordeste,87,Mais de 72 meses,209.78,5,15.98,6,14,0,0,0.0,35.3,0,2,2,1,5,3,1,0,4.2,1.9,Detrator
2392,52392,61,55 a 64 anos,Sul,24,13 a 24 meses,366.3,2,32.98,10,2,1,1,0.5,40.74,0,3,2,1,7,5,1,0,2.8,7.6,Neutro
2393,52393,44,35 a 44 anos,Nordeste,102,Mais de 72 meses,133.53,1,3.26,6,3,1,1,0.3333333333333333,29.18,0,3,2,1,10,5,1,0,2.1,4.3,Detrator
2394,52394,58,55 a 64 anos,Sudeste,117,Mais de 72 meses,245.35,3,16.57,6,5,3,1,0.6,39.75,0,1,0,0,4,4,1,0,4.2,4.5,Detrator
2395,52395,40,35 a 44 anos,Centro-Oeste,47,25 a 48 meses,526.26,4,61.64,11,14,4,1,0.2857142857142857,71.94,0,3,1,1,1,4,1,0,3.2,3.2,Detrator
2396,52396,65,65 anos ou mais,Sul,46,25 a 48 meses,275.69,3,36.94,10,13,3,1,0.23076923076923078,45.27,0,1,3,1,2,5,1,0,2.4,3.9,Detrator
2397,52397,47,45 a 54 anos,Sul,118,Mais de 72 meses,482.64,6,2.69,4,8,2,1,0.25,53.03,0,2,1,1,9,5,1,0,1.5,4.9,Detrator
2398,52398,18,Até 24 anos,Sudeste,113,Mais de 72 meses,769.11,1,16.08,7,11,3,1,0.2727272727272727,36.44,0,2,1,1,10,5,1,0,0.0,4.4,Detrator
2399,52399,43,35 a 44 anos,Centro-Oeste,118,Mais de 72 meses,233.81,1,2.01,7,8,1,1,0.125,63.41,0,1,5,1,4,8,1,0,1.5,2.3,Detrator
2400,52400,61,55 a 64 anos,Norte,115,Mais de 72 meses,146.41,5,23.47,10,11,2,1,0.18181818181818182,41.1,0,3,1,1,2,3,1,0,5.7,3.8,Detrator
2401,52401,64,55 a 64 anos,Nordeste,115,Mais de 72 meses,1100.24,2,6.44,10,14,3,1,0.21428571428571427,33.88,0,3,4,1,8,7,1,0,0.0,1.1,Detrator
2402,52402,35,35 a 44 anos,Sul,11,Até 12 meses,365.01,4,43.4,7,11,3,1,0.2727272727272727,40.95,0,2,1,1,11,4,1,0,0.0,3.0,Detrator
2403,52403,46,45 a 54 anos,Centro-Oeste,65,49 a 72 meses,167.97,2,5.72,1,11,6,1,0.5454545454545454,26.01,0,2,2,1,1,6,1,0,1.8,0.8,Detrator
2404,52404,36,35 a 44 anos,Norte,65,49 a 72 meses,294.43,6,49.91,8,6,2,1,0.3333333333333333,35.0,0,1,0,0,3,1,1,0,6.2,7.1,Neutro
2405,52405,26,25 a 34 anos,Nordeste,71,49 a 72 meses,188.01,4,9.4,6,6,1,1,0.16666666666666666,25.55,0,3,1,1,10,2,1,0,1.5,7.4,Neutro
2406,52406,26,25 a 34 anos,Sul,16,13 a 24 meses,557.83,1,5.36,3,6,4,1,0.6666666666666666,62.54,0,3,1,1,9,4,1,0,0.0,3.0,Detrator
2407,52407,37,35 a 44 anos,Centro-Oeste,115,Mais de 72 meses,685.67,5,0.07,11,6,2,1,0.3333333333333333,44.95,0,2,3,1,4,5,1,0,3.5,4.7,Detrator
2408,52408,27,25 a 34 anos,Norte,96,Mais de 72 meses,737.98,1,48.36,11,13,1,1,0.07692307692307693,49.33,0,1,4,1,4,9,1,0,2.3,4.1,Detrator
2409,52409,59,55 a 64 anos,Nordeste,53,49 a 72 meses,1001.11,6,52.49,11,5,4,1,0.8,19.39,0,1,3,1,11,6,1,0,0.0,0.9,Detrator
2410,52410,45,45 a 54 anos,Sul,63,49 a 72 meses,503.68,3,17.14,2,5,2,1,0.4,55.84,0,3,4,1,9,7,1,0,0.0,2.0,Detrator
2411,52411,40,35 a 44 anos,Nordeste,16,13 a 24 meses,850.46,6,52.95,8,6,3,1,0.5,13.24,0,2,3,1,1,6,1,0,3.3,5.0,Detrator
2412,52412,35,35 a 44 anos,Sul,114,Mais de 72 meses,228.08,4,37.01,7,14,3,1,0.21428571428571427,39.1,0,1,1,1,1,5,1,0,4.9,2.8,Detrator
2413,52413,26,25 a 34 anos,Sudeste,19,13 a 24 meses,406.5,5,54.26,6,12,3,1,0.25,42.29,0,2,2,1,10,7,1,0,0.0,1.7,Detrator
2414,52414,36,35 a 44 anos,Nordeste,5,Até 12 meses,93.14,1,22.09,1,7,0,0,0.0,32.88,0,3,3,1,5,4,1,0,4.3,6.7,Detrator
2415,52415,43,35 a 44 anos,Nordeste,19,13 a 24 meses,331.52,6,21.83,1,3,1,1,0.3333333333333333,18.32,0,1,1,1,4,2,1,1,5.8,8.8,Neutro
2416,52416,50,45 a 54 anos,Sudeste,36,25 a 48 meses,297.13,6,0.9,2,13,1,1,0.07692307692307693,34.19,0,3,2,1,8,3,1,1,2.0,10.0,Promotor
2417,52417,60,55 a 64 anos,Sul,76,Mais de 72 meses,34.42,1,11.2,7,6,2,1,0.3333333333333333,32.08,0,3,2,1,9,5,1,0,0.4,2.0,Detrator
2418,52418,58,55 a 64 anos,Sudeste,77,Mais de 72 meses,492.78,4,53.03,3,13,2,1,0.15384615384615385,5.51,0,3,0,0,8,2,1,0,2.3,7.1,Neutro
2419,52419,22,Até 24 anos,Nordeste,35,25 a 48 meses,1329.51,2,22.99,3,10,2,1,0.2,40.23,0,2,1,1,2,4,1,0,5.3,5.5,Detrator
2420,52420,23,Até 24 anos,Norte,29,25 a 48 meses,455.48,5,35.97,4,9,3,1,0.3333333333333333,28.94,0,1,1,1,3,4,1,0,3.4,3.1,Detrator
2421,52421,21,Até 24 anos,Norte,41,25 a 48 meses,655.66,5,47.57,5,2,2,1,1.0,31.26,0,3,2,1,9,3,1,0,0.0,7.3,Neutro
2422,52422,42,35 a 44 anos,Sul,111,Mais de 72 meses,753.74,1,11.66,10,11,1,1,0.09090909090909091,37.08,0,2,5,1,8,7,1,0,0.0,3.6,Detrator
2423,52423,30,25 a 34 anos,Nordeste,69,49 a 72 meses,409.06,3,25.03,6,4,1,1,0.25,41.93,0,2,2,1,8,5,1,0,2.6,3.4,Detrator
2424,52424,45,45 a 54 anos,Sul,78,Mais de 72 meses,58.07,5,43.23,4,10,0,0,0.0,31.97,0,3,0,0,11,2,1,1,2.0,8.4,Neutro
2425,52425,24,Até 24 anos,Norte,43,25 a 48 meses,881.02,6,29.34,11,8,4,1,0.5,42.09,0,3,1,1,8,3,1,0,0.0,3.6,Detrator
2426,52426,21,Até 24 anos,Norte,4,Até 12 meses,371.21,6,45.42,2,6,1,1,0.16666666666666666,29.22,0,3,2,1,4,4,1,0,4.6,5.0,Detrator
2427,52427,22,Até 24 anos,Sul,18,13 a 24 meses,144.01,1,12.94,6,2,2,1,1.0,62.52,0,3,2,1,10,4,1,0,0.0,4.2,Detrator
2428,52428,62,55 a 64 anos,Sul,24,13 a 24 meses,883.71,1,3.49,3,10,2,1,0.2,23.97,0,2,1,1,5,4,1,0,2.8,4.5,Detrator
2430,52430,34,25 a 34 anos,Sul,102,Mais de 72 meses,55.74,1,28.35,4,7,3,1,0.42857142857142855,46.16,0,1,0,0,6,2,1,0,3.4,2.2,Detrator
2431,52431,57,55 a 64 anos,Nordeste,101,Mais de 72 meses,141.42,1,2.16,1,14,2,1,0.14285714285714285,38.97,0,1,2,1,6,4,1,0,2.0,4.0,Detrator
2432,52432,66,65 anos ou mais,Sudeste,55,49 a 72 meses,377.51,2,92.98,4,13,4,1,0.3076923076923077,33.28,0,2,1,1,8,4,1,0,0.0,2.1,Detrator
2433,52433,55,55 a 64 anos,Sudeste,69,49 a 72 meses,110.92,5,75.5,7,11,3,1,0.2727272727272727,51.15,0,2,3,1,11,5,1,0,0.0,1.0,Detrator
2434,52434,44,35 a 44 anos,Sudeste,8,Até 12 meses,68.3,6,19.24,5,4,1,1,0.25,62.88,0,2,1,1,9,4,1,0,1.5,2.0,Detrator
2435,52435,67,65 anos ou mais,Sudeste,108,Mais de 72 meses,723.53,4,17.85,11,10,1,1,0.1,25.29,0,1,3,1,7,5,1,0,1.6,4.3,Detrator
2436,52436,41,35 a 44 anos,Sudeste,14,13 a 24 meses,133.89,6,19.74,2,14,1,1,0.07142857142857142,26.97,0,3,2,1,3,5,1,0,4.9,5.5,Detrator
2437,52437,54,45 a 54 anos,Nordeste,111,Mais de 72 meses,331.1,3,9.25,9,7,2,1,0.2857142857142857,42.2,0,2,2,1,3,3,1,0,4.5,6.3,Detrator
2438,52438,29,25 a 34 anos,Centro-Oeste,117,Mais de 72 meses,202.43,4,4.8,10,4,3,1,0.75,25.72,0,3,0,0,7,4,1,0,1.8,3.9,Detrator
2439,52439,36,35 a 44 anos,Sudeste,116,Mais de 72 meses,379.49,1,10.8,4,6,0,0,0.0,26.24,0,3,2,1,0,2,1,0,6.9,6.5,Detrator
2440,52440,33,25 a 34 anos,Centro-Oeste,88,Mais de 72 meses,1541.74,3,30.64,6,3,0,0,0.0,31.42,0,1,0,0,9,2,1,1,5.2,8.0,Neutro
2441,52441,68,65 anos ou mais,Sul,107,Mais de 72 meses,364.49,6,20.0,11,13,0,0,0.0,24.52,0,2,0,0,11,1,1,0,2.6,6.8,Detrator
2442,52442,55,55 a 64 anos,Sudeste,118,Mais de 72 meses,791.94,5,30.78,3,8,3,1,0.375,18.05,0,2,2,1,7,4,1,0,0.9,4.5,Detrator
2443,52443,40,35 a 44 anos,Norte,47,25 a 48 meses,817.68,2,27.57,2,7,3,1,0.42857142857142855,50.21,0,3,2,1,0,4,1,0,5.2,0.0,Detrator
2444,52444,51,45 a 54 anos,Norte,108,Mais de 72 meses,433.58,3,23.48,8,5,2,1,0.4,29.99,0,2,3,1,11,6,1,0,0.0,0.0,Detrator
2445,52445,51,45 a 54 anos,Sudeste,89,Mais de 72 meses,132.83,1,48.84,1,11,2,1,0.18181818181818182,21.01,0,3,2,1,3,6,1,0,3.3,0.2,Detrator
2446,52446,28,25 a 34 anos,Norte,9,Até 12 meses,87.62,4,3.25,11,8,1,1,0.125,21.55,0,3,0,0,2,3,1,0,7.5,6.7,Detrator
2447,52447,31,25 a 34 anos,Norte,65,49 a 72 meses,452.71,4,11.54,8,2,0,0,0.0,20.38,0,1,3,1,11,6,1,0,0.4,4.4,Detrator
2448,52448,42,35 a 44 anos,Nordeste,62,49 a 72 meses,669.71,4,48.75,5,14,1,1,0.07142857142857142,23.83,0,1,1,1,8,5,1,0,2.1,5.8,Detrator
2449,52449,21,Até 24 anos,Sudeste,51,49 a 72 meses,664.73,3,146.3,5,12,1,1,0.08333333333333333,45.32,0,3,2,1,8,5,1,0,1.8,3.4,Detrator
2450,52450,54,45 a 54 anos,Norte,27,25 a 48 meses,56.94,3,14.17,4,9,3,1,0.3333333333333333,40.11,0,3,2,1,7,4,1,0,0.0,2.9,Detrator
2451,52451,59,55 a 64 anos,Sudeste,45,25 a 48 meses,597.99,3,20.7,8,4,2,1,0.5,41.97,0,1,0,0,6,2,1,0,3.6,6.2,Detrator
2452,52452,35,35 a 44 anos,Nordeste,52,49 a 72 meses,477.56,3,53.1,4,14,1,1,0.07142857142857142,28.06,0,3,4,1,11,6,1,0,0.0,5.1,Detrator
2453,52453,28,25 a 34 anos,Sudeste,76,Mais de 72 meses,608.54,6,138.83,6,8,2,1,0.25,40.41,0,2,2,1,1,4,1,0,6.0,7.0,Neutro
2454,52454,49,45 a 54 anos,Sudeste,103,Mais de 72 meses,1027.38,6,14.25,7,12,3,1,0.25,40.93,0,1,0,0,7,4,1,0,2.0,0.0,Detrator
2455,52455,27,25 a 34 anos,Sudeste,1,Até 12 meses,631.87,3,13.34,5,7,3,1,0.42857142857142855,43.83,0,2,0,0,1,5,1,0,6.9,3.7,Detrator
2456,52456,34,25 a 34 anos,Sul,16,13 a 24 meses,195.17,1,42.58,3,12,2,1,0.16666666666666666,76.13,0,2,1,1,11,3,1,0,0.1,2.3,Detrator
2458,52458,34,25 a 34 anos,Sudeste,38,25 a 48 meses,1094.1,4,16.76,11,8,3,1,0.375,26.51,0,3,1,1,4,5,1,0,3.1,5.2,Detrator
2459,52459,23,Até 24 anos,Nordeste,12,Até 12 meses,204.18,1,7.13,1,9,2,1,0.2222222222222222,31.3,0,1,2,1,4,5,1,0,3.1,5.4,Detrator
2460,52460,21,Até 24 anos,Sul,60,49 a 72 meses,168.34,1,8.97,8,6,3,1,0.5,14.34,0,1,1,1,1,2,1,0,5.5,6.5,Detrator
2461,52461,65,65 anos ou mais,Centro-Oeste,58,49 a 72 meses,259.67,4,35.88,5,11,1,1,0.09090909090909091,14.02,0,3,3,1,9,6,1,0,0.0,2.7,Detrator
2462,52462,18,Até 24 anos,Centro-Oeste,33,25 a 48 meses,174.48,5,10.3,9,6,2,1,0.3333333333333333,39.98,0,3,1,1,5,3,1,0,3.4,4.6,Detrator
2463,52463,60,55 a 64 anos,Sudeste,62,49 a 72 meses,617.66,5,93.43,3,10,3,1,0.3,38.85,0,3,3,1,1,6,1,0,3.7,0.2,Detrator
2464,52464,69,65 anos ou mais,Centro-Oeste,95,Mais de 72 meses,385.14,1,12.27,6,10,3,1,0.3,33.19,0,2,0,0,6,4,1,0,2.8,4.6,Detrator
2465,52465,63,55 a 64 anos,Sudeste,119,Mais de 72 meses,744.34,4,26.13,6,12,1,1,0.08333333333333333,41.09,0,2,2,1,3,3,1,1,5.2,9.1,Promotor
2466,52466,53,45 a 54 anos,Sul,60,49 a 72 meses,176.94,6,26.78,4,7,3,1,0.42857142857142855,47.93,0,2,1,1,2,2,1,0,4.4,6.5,Detrator
2467,52467,60,55 a 64 anos,Sul,5,Até 12 meses,145.26,3,7.08,9,4,2,1,0.5,27.2,0,1,4,1,11,7,1,0,0.0,2.3,Detrator
2468,52468,46,45 a 54 anos,Norte,75,Mais de 72 meses,1274.7,6,59.31,10,7,3,1,0.42857142857142855,40.71,0,1,1,1,6,3,1,0,1.3,3.9,Detrator
2469,52469,66,65 anos ou mais,Nordeste,52,49 a 72 meses,367.49,2,19.37,9,9,2,1,0.2222222222222222,52.39,0,3,3,1,8,6,1,0,0.4,1.8,Detrator
2470,52470,54,45 a 54 anos,Sudeste,11,Até 12 meses,600.03,3,3.07,9,5,1,1,0.2,24.73,0,1,3,1,5,7,1,0,2.3,4.1,Detrator
2471,52471,48,45 a 54 anos,Nordeste,40,25 a 48 meses,48.55,6,2.39,7,11,4,1,0.36363636363636365,29.46,0,3,0,0,6,2,1,0,2.1,2.6,Detrator
2472,52472,61,55 a 64 anos,Norte,73,Mais de 72 meses,639.78,3,19.78,4,8,2,1,0.25,38.9,0,1,1,1,7,5,1,0,2.4,2.3,Detrator
2473,52473,26,25 a 34 anos,Sudeste,77,Mais de 72 meses,204.68,5,5.6,8,12,2,1,0.16666666666666666,41.34,0,1,1,1,2,4,1,0,5.8,6.2,Detrator
2474,52474,59,55 a 64 anos,Norte,20,13 a 24 meses,213.59,1,8.28,4,6,5,1,0.8333333333333334,57.03,0,1,1,1,5,3,1,0,1.3,1.4,Detrator
2475,52475,63,55 a 64 anos,Norte,90,Mais de 72 meses,1208.05,6,23.0,4,12,1,1,0.08333333333333333,30.72,0,3,1,1,5,2,1,0,4.2,7.1,Neutro
2476,52476,43,35 a 44 anos,Centro-Oeste,50,49 a 72 meses,640.13,1,16.48,2,3,2,1,0.6666666666666666,51.76,0,3,1,1,6,4,1,1,3.1,8.8,Neutro
2477,52477,33,25 a 34 anos,Nordeste,97,Mais de 72 meses,248.31,5,17.71,7,6,1,1,0.16666666666666666,48.43,0,1,1,1,7,3,1,0,3.5,6.0,Detrator
2478,52478,57,55 a 64 anos,Centro-Oeste,58,49 a 72 meses,102.93,5,21.66,11,14,0,0,0.0,45.55,0,3,1,1,3,1,1,0,6.6,7.3,Neutro
2479,52479,48,45 a 54 anos,Sudeste,106,Mais de 72 meses,339.66,1,126.71,1,14,3,1,0.21428571428571427,29.22,0,2,3,1,5,7,1,0,1.1,2.0,Detrator
2480,52480,44,35 a 44 anos,Centro-Oeste,29,25 a 48 meses,187.23,1,83.49,1,7,0,0,0.0,16.19,0,3,1,1,10,4,1,0,2.1,4.9,Detrator
2481,52481,58,55 a 64 anos,Sudeste,35,25 a 48 meses,395.74,5,34.1,8,8,3,1,0.375,39.08,0,3,1,1,7,5,1,0,1.9,0.8,Detrator
2482,52482,39,35 a 44 anos,Sul,83,Mais de 72 meses,366.67,3,20.88,1,2,0,0,0.0,35.76,0,3,2,1,9,3,1,1,3.1,8.2,Neutro
2483,52483,27,25 a 34 anos,Sudeste,69,49 a 72 meses,374.57,2,20.06,9,11,2,1,0.18181818181818182,34.09,0,1,1,1,4,4,1,0,4.9,5.3,Detrator
2484,52484,40,35 a 44 anos,Nordeste,101,Mais de 72 meses,135.68,6,30.34,5,9,2,1,0.2222222222222222,24.84,0,1,1,1,3,3,1,0,4.1,4.5,Detrator
2485,52485,22,Até 24 anos,Centro-Oeste,5,Até 12 meses,199.27,3,67.34,10,5,3,1,0.6,38.63,0,3,1,1,9,4,1,0,0.3,1.6,Detrator
2486,52486,66,65 anos ou mais,Nordeste,86,Mais de 72 meses,379.89,5,0.12,4,14,0,0,0.0,47.8,0,1,1,1,10,1,1,0,2.1,6.0,Detrator
2487,52487,54,45 a 54 anos,Nordeste,5,Até 12 meses,404.13,6,19.41,2,10,3,1,0.3,25.98,0,2,4,1,10,6,1,0,0.0,0.8,Detrator
2488,52488,27,25 a 34 anos,Sul,69,49 a 72 meses,321.48,5,63.64,3,12,1,1,0.08333333333333333,25.76,0,1,2,1,8,5,1,0,2.1,4.6,Detrator
2489,52489,30,25 a 34 anos,Nordeste,16,13 a 24 meses,374.87,3,32.3,2,5,4,1,0.8,57.0,0,3,0,0,1,4,1,0,4.4,3.6,Detrator
2490,52490,50,45 a 54 anos,Nordeste,118,Mais de 72 meses,151.89,5,3.69,3,7,1,1,0.14285714285714285,41.43,0,1,0,0,9,1,1,1,3.1,8.7,Neutro
2491,52491,54,45 a 54 anos,Norte,118,Mais de 72 meses,326.96,2,62.97,6,8,2,1,0.25,16.28,0,3,2,1,7,5,1,0,1.7,4.2,Detrator
2492,52492,23,Até 24 anos,Centro-Oeste,61,49 a 72 meses,150.01,5,16.9,2,3,2,1,0.6666666666666666,32.64,0,1,2,1,0,4,1,0,6.8,5.4,Detrator
2493,52493,61,55 a 64 anos,Centro-Oeste,52,49 a 72 meses,678.12,5,77.02,1,8,3,1,0.375,51.03,0,2,1,1,10,4,1,0,0.0,4.3,Detrator
2494,52494,52,45 a 54 anos,Nordeste,12,Até 12 meses,73.61,2,16.07,7,12,0,0,0.0,36.42,0,2,1,1,5,3,1,1,6.1,8.5,Neutro
2495,52495,66,65 anos ou mais,Norte,91,Mais de 72 meses,345.83,1,9.27,1,14,6,1,0.42857142857142855,54.81,0,3,0,0,8,3,1,0,0.0,4.6,Detrator
2496,52496,51,45 a 54 anos,Sul,96,Mais de 72 meses,615.81,6,11.41,2,14,3,1,0.21428571428571427,28.96,0,2,1,1,2,3,1,0,4.3,3.7,Detrator
2497,52497,37,35 a 44 anos,Sul,89,Mais de 72 meses,73.03,1,36.44,3,12,2,1,0.16666666666666666,27.42,0,2,2,1,7,4,1,0,2.5,3.7,Detrator
2498,52498,19,Até 24 anos,Sudeste,98,Mais de 72 meses,522.78,1,4.84,9,2,2,1,1.0,38.94,0,1,1,1,1,3,1,0,6.2,7.4,Neutro
2499,52499,41,35 a 44 anos,Sul,51,49 a 72 meses,55.87,2,2.11,2,14,5,1,0.35714285714285715,29.1,0,3,3,1,0,5,1,0,1.7,2.3,Detrator
2500,52500,35,35 a 44 anos,Nordeste,109,Mais de 72 meses,420.94,1,16.51,4,11,1,1,0.09090909090909091,34.16,0,3,1,1,0,2,1,1,7.6,10.0,Promotor
